PID	chr	position_hg19	L2R	B_allele_frequency
P001	1	8605324	0.5269	0.6665
P001	1	6600817	0.5195	0.6277
P001	1	2859126	0.5007	0.6552
P001	1	7926034	0.4878	0.641
P001	1	19035297	-0.8188	0.1206
P001	1	14037749	-0.8472	0.106
P001	1	13435656	-0.7937	0.916
P001	1	13211358	-0.7953	0.8607
P001	1	72779807	-0.0355	0.9035
P001	1	43100380	-0.0116	0.9272
P001	1	64774697	0.0244	0.0639
P001	1	47899899	-0.0955	0.9026
P001	1	112478923	0.0559	0.4873
P001	1	112496549	0.0134	0.5039
P001	1	112357235	-0.0421	0.4977
P001	1	112603334	-0.0253	0.5097
P001	1	141343046	-0.7901	0.8909
P001	1	145741104	-0.7699	0.1218
P001	1	129611846	-0.7231	0.1057
P001	1	132397593	-0.8912	0.1229
P001	1	192435268	0.4247	0.6596
P001	1	162269366	0.5079	0.6558
P001	1	182998486	0.5184	0.3405
P001	1	171242574	0.4884	0.6602
P001	1	220488283	0.5192	0.3227
P001	1	221748710	0.5197	0.3734
P001	1	240014991	0.4818	0.3403
P001	1	231202288	0.5269	0.342
P001	2	84607464	0.549	0.6808
P001	2	74604137	0.5444	0.6434
P001	2	12640539	0.4698	0.356
P001	2	87507252	0.505	0.3408
P001	2	100667279	-0.8045	0.891
P001	2	100363649	-0.923	0.1415
P001	2	98048124	-0.7596	0.115
P001	2	98764695	-0.8084	0.1163
P001	2	132764352	0.5173	0.6353
P001	2	122255788	0.5063	0.3612
P001	2	133100740	0.5478	0.3413
P001	2	106601581	0.5138	0.6391
P001	2	138029449	0.8779	0.2647
P001	2	137029320	0.9229	0.2487
P001	2	137585931	0.91	0.7362
P001	2	138941283	0.94	0.7246
P001	2	160583948	-0.0394	0.506
P001	2	177364251	-0.008	0.5024
P001	2	158362040	-0.0332	0.4962
P001	2	195029075	0.0228	0.4824
P001	2	202759672	0.0068	0.5015
P001	2	210905095	0.0086	0.4946
P001	2	206652482	-0.0024	0.5279
P001	2	213688980	-0.0069	0.4838
P001	2	242010930	-2.8658	0.4877
P001	2	242601733	-2.8399	0.4979
P001	2	219873587	-2.811	0.4939
P001	2	223989953	-2.8645	0.4899
P001	3	25786695	0.0474	0.5126
P001	3	40820216	-0.0291	0.4949
P001	3	30069299	-0.0313	0.507
P001	3	64687032	0.0727	0.4974
P001	3	100360569	0.0017	0.5162
P001	3	106812392	-0.0003	0.504
P001	3	78128723	-0.0219	0.5065
P001	3	99413324	-0.1056	0.499
P001	3	140343710	0.5757	0.3413
P001	3	108885486	0.5414	0.3372
P001	3	124184846	0.44	0.362
P001	3	129021056	0.5238	0.6437
P001	3	173197611	0.0227	0.5
P001	3	176642487	-0.0217	0.5038
P001	3	191273724	-0.021	0.5099
P001	3	180170824	0.0216	0.5232
P001	4	3649183	-0.0016	0.5015
P001	4	1501781	0.0459	0.509
P001	4	7508	0.0263	0.5028
P001	4	1997512	-0.0225	0.5099
P001	4	6477200	0.0204	0.5047
P001	4	8450156	-0.0593	0.4982
P001	4	9270982	0.012	0.4934
P001	4	6018919	0.0091	0.51
P001	4	13694559	-0.0361	0.5065
P001	4	17779312	-0.0473	0.4827
P001	4	17713454	0.0538	0.5168
P001	4	17292296	-0.0047	0.5071
P001	4	52780402	0.5519	0.3264
P001	4	37641869	0.4332	0.6524
P001	4	51896105	0.5132	0.6671
P001	4	39007121	0.5096	0.6717
P001	4	57064377	-0.0135	0.5
P001	4	57815347	-0.0792	0.5044
P001	4	57451287	0.0096	0.4994
P001	4	57948195	-0.0022	0.5122
P001	4	78207812	0.4468	0.3104
P001	4	61680349	0.4532	0.364
P001	4	60306091	0.5177	0.3611
P001	4	76730966	0.4895	0.3461
P001	4	89339685	0.0511	0.49
P001	4	91514586	-0.0726	0.4964
P001	4	97226937	-0.0529	0.482
P001	4	98636159	0.0278	0.4927
P001	4	157954926	0.4618	0.0467
P001	4	135287577	0.5215	0.932
P001	4	139891210	0.4573	0.946
P001	4	130312997	0.522	0.0359
P001	4	161198537	-0.0052	0.9196
P001	4	170685860	-0.0205	0.0769
P001	4	170790382	-0.04	0.9522
P001	4	170431510	0.0204	0.9375
P001	5	149795	0.5069	0.689
P001	5	28693724	0.5361	0.6404
P001	5	22061056	0.4758	0.3445
P001	5	29207168	0.5736	0.6489
P001	5	54476982	-0.7946	0.119
P001	5	58320829	-0.7608	0.1353
P001	5	57816178	-0.7235	0.8763
P001	5	52150366	-0.7747	0.8514
P001	5	70409904	-0.7345	0.1147
P001	5	72652032	-0.8433	0.1456
P001	5	67846556	-0.8915	0.8632
P001	5	77337226	-0.7485	0.8708
P001	5	124596209	0.0256	0.4944
P001	5	78144083	0.0571	0.529
P001	5	106092253	-0.0777	0.5086
P001	5	118518343	-0.0545	0.4913
P001	5	134711199	0.5019	0.6467
P001	5	130077975	0.5334	0.3366
P001	5	134138206	0.5797	0.3669
P001	5	131835470	0.5661	0.6435
P001	5	146618758	0.0422	0.4948
P001	5	161020489	0.0154	0.5031
P001	5	143740340	0.0331	0.507
P001	5	176829023	-0.0571	0.5321
P001	6	3835798	-0.0913	0.5074
P001	6	14486180	-0.0066	0.5289
P001	6	4335780	0.081	0.504
P001	6	149101	0.0376	0.4957
P001	6	23606170	0.0112	0.5053
P001	6	26051393	-0.033	0.4931
P001	6	19824288	-0.0078	0.5075
P001	6	21380701	-0.0412	0.494
P001	6	28299671	-2.8599	0.5018
P001	6	35099517	-2.8567	0.5173
P001	6	38879564	-2.9001	0.5154
P001	6	32149427	-2.8517	0.5153
P001	6	48674787	0.0017	0.5079
P001	6	48547151	-0.0659	0.4808
P001	6	47250550	0.0192	0.4798
P001	6	48209528	0.08	0.5012
P001	6	49964515	0.0217	0.5199
P001	6	51206793	-0.0306	0.5159
P001	6	52183154	-0.0289	0.4851
P001	6	53955153	-0.0544	0.4688
P001	6	56901805	-0.0736	0.5017
P001	6	61757590	0.0079	0.5058
P001	6	56031376	-0.0098	0.486
P001	6	59259430	0.0394	0.4891
P001	6	115480020	0.8169	0.7241
P001	6	114646968	0.8705	0.751
P001	6	85037758	0.9387	0.2644
P001	6	87582595	0.9144	0.7312
P001	6	155258445	-2.8544	0.5007
P001	6	135110963	-2.884	0.5018
P001	6	147707487	-2.8891	0.4971
P001	6	134961803	-2.813	0.5379
P001	7	4777694	0.0244	0.5134
P001	7	33456719	0.0559	0.5225
P001	7	8071469	-0.0312	0.5096
P001	7	42206155	-0.0436	0.4932
P001	7	67126230	-0.0867	0.5332
P001	7	65089996	0.0579	0.4929
P001	7	58132545	-0.0611	0.5011
P001	7	65884260	-0.0193	0.5193
P001	7	89953945	-0.0984	0.4814
P001	7	77365562	-0.0021	0.4965
P001	7	119402991	0.0197	0.4905
P001	7	79370101	-0.0152	0.5182
P001	7	150918462	0.8318	0.2999
P001	7	141198321	0.8571	0.745
P001	7	154207994	0.9203	0.7533
P001	7	132553768	0.8765	0.2639
P001	8	14567444	-0.0577	0.4949
P001	8	55222978	0.0508	0.5068
P001	8	54099207	0.0938	0.4851
P001	8	46152508	0.0789	0.516
P001	8	60400455	0.0274	0.5093
P001	8	66053024	-0.0293	0.5009
P001	8	58424832	-0.0164	0.4901
P001	8	65344188	0.1181	0.5137
P001	8	107480194	-0.031	0.4944
P001	8	79247603	0.0101	0.4973
P001	8	69130571	0.0215	0.5083
P001	8	94751946	0.0418	0.5251
P001	8	112923898	-0.0657	0.5077
P001	8	115869000	0.0152	0.476
P001	8	111044628	-0.0122	0.5123
P001	8	112398486	-0.1354	0.4932
P001	8	116633458	0.038	0.4999
P001	8	125487798	-0.0546	0.4841
P001	8	123338854	0.0547	0.5102
P001	8	116638029	-0.0249	0.5111
P001	8	126590038	-0.0016	0.4968
P001	8	126929215	-0.0289	0.4975
P001	8	126400512	0.0224	0.5134
P001	8	126370847	0.0186	0.4994
P001	8	133689300	-0.0623	0.4964
P001	8	140375878	0.0001	0.4958
P001	8	136397257	-0.008	0.4891
P001	8	140741217	-0.0889	0.489
P001	8	144729552	0.0217	0.516
P001	8	143610971	-0.0461	0.499
P001	8	146211438	-0.0808	0.5242
P001	8	145255505	0.0397	0.4959
P001	9	909413	-0.0187	0.4845
P001	9	5596801	0.0619	0.4829
P001	9	7986300	-0.0105	0.4877
P001	9	5814833	0.024	0.4946
P001	9	15332565	0.9064	0.2687
P001	9	22773877	0.8603	0.7339
P001	9	16682984	0.9285	0.717
P001	9	35002719	0.9525	0.7117
P001	9	94921798	0.4163	0.3509
P001	9	70640305	0.5215	0.3275
P001	9	39898884	0.5261	0.3267
P001	9	65072354	0.5576	0.6239
P001	9	117290123	0.018	0.5142
P001	9	113097186	-0.0584	0.4958
P001	9	112653249	-0.0657	0.4833
P001	9	115994555	-0.0415	0.5017
P001	9	120072011	0.5908	0.6249
P001	9	117449990	0.4583	0.3475
P001	9	126219840	0.5691	0.6581
P001	9	121812188	0.4914	0.6439
P001	9	134115058	0.8728	0.2465
P001	9	130247887	0.8537	0.734
P001	9	132150573	0.9402	0.2952
P001	9	136840952	0.9515	0.2385
P001	9	140905238	0.5346	0.3226
P001	9	141169420	0.5644	0.3493
P001	9	141098908	0.5403	0.6291
P001	9	141125405	0.5522	0.3597
P001	10	793667	0.0287	0.4965
P001	10	2355117	0.0706	0.5031
P001	10	2012525	-0.0345	0.4631
P001	10	2526074	-0.022	0.4912
P001	10	21700619	0.019	0.4979
P001	10	11771953	0.0113	0.5108
P001	10	6961307	0.0544	0.5039
P001	10	16375180	0.015	0.4791
P001	10	39220863	-0.0378	0.5063
P001	10	38536202	-0.0757	0.4919
P001	10	40549898	-0.0434	0.5228
P001	10	40230910	-0.0346	0.4992
P001	10	94045143	0.0668	0.5028
P001	10	64160936	-0.0051	0.5041
P001	10	89572772	0.0102	0.5021
P001	10	50892416	0.0297	0.5064
P001	10	105681240	-0.7942	0.8955
P001	10	105497052	-0.851	0.8719
P001	10	105534833	-0.8327	0.8681
P001	10	105521913	-0.8338	0.8835
P001	10	106138214	-0.8591	0.9019
P001	10	108120653	-0.8098	0.1031
P001	10	106026298	-0.7996	0.8718
P001	10	106428677	-0.846	0.8879
P001	10	109582810	-0.0518	0.489
P001	10	110569425	0.0432	0.5193
P001	10	108539706	0.0434	0.5019
P001	10	110737495	0.0003	0.4896
P001	10	121551397	0.0652	0.5136
P001	10	131304168	-0.0055	0.5177
P001	10	133955698	0.0873	0.4765
P001	10	116563062	0.0079	0.485
P001	11	1170938	-0.0	0.5045
P001	11	1543385	-0.0281	0.488
P001	11	2966648	0.0214	0.5128
P001	11	3068500	-0.0913	0.4803
P001	11	3901182	0.5447	0.9454
P001	11	3521434	0.5122	0.9371
P001	11	5236259	0.5459	0.9616
P001	11	3537654	0.5179	0.0275
P001	11	5601319	-0.8192	0.865
P001	11	5708970	-0.803	0.8555
P001	11	5616146	-0.7226	0.1136
P001	11	5571852	-0.8183	0.8686
P001	11	35152800	0.0352	0.4951
P001	11	14478759	0.0075	0.5118
P001	11	22007226	-0.019	0.4836
P001	11	34847695	0.0369	0.4964
P001	11	48131090	-0.8347	0.8821
P001	11	96810120	-0.7551	0.8704
P001	11	80457545	-0.8283	0.1161
P001	11	94454290	-0.8761	0.1463
P001	11	124836090	-0.0178	0.487
P001	11	121524380	-0.0114	0.5161
P001	11	129271297	0.0451	0.4965
P001	11	121141234	-0.002	0.5098
P001	12	7694347	-2.9086	0.496
P001	12	7466374	-2.859	0.4896
P001	12	4572759	-2.8863	0.5002
P001	12	5823805	-2.8405	0.5094
P001	12	22188616	0.5328	0.0703
P001	12	21590105	0.5552	0.0292
P001	12	15543363	0.5101	0.9513
P001	12	23205894	0.504	0.9293
P001	12	43796364	0.0374	0.9427
P001	12	47252794	-0.0344	0.0875
P001	12	26572348	-0.0368	0.0911
P001	12	40839362	-0.0226	0.916
P001	12	48936854	-0.0963	0.4796
P001	12	49575903	0.0624	0.4932
P001	12	50386725	-0.0338	0.4796
P001	12	48954980	0.0246	0.5254
P001	12	77423632	0.5873	0.6549
P001	12	55123909	0.5338	0.651
P001	12	52974149	0.5205	0.6473
P001	12	64458219	0.5386	0.3381
P001	12	84279450	-0.0899	0.5109
P001	12	83608931	-0.0566	0.4884
P001	12	85359102	-0.0454	0.4701
P001	12	85332933	0.0432	0.504
P001	12	91331682	-0.8192	0.8711
P001	12	88054502	-0.7597	0.8822
P001	12	92346383	-0.8799	0.1093
P001	12	93068290	-0.8097	0.8797
P001	12	113817014	-0.8878	0.1348
P001	12	127985650	-0.8433	0.8826
P001	12	105586238	-0.8171	0.8449
P001	12	110838968	-0.8806	0.8914
P001	13	2677843	0.9299	0.7502
P001	13	5624512	0.9485	0.7231
P001	13	2775252	0.8765	0.7283
P001	13	185569	0.8458	0.7123
P001	13	17659297	0.5098	0.6385
P001	13	14772877	0.5889	0.3654
P001	13	21152181	0.4491	0.6604
P001	13	25388150	0.5409	0.6357
P001	13	28898157	-0.0407	0.5034
P001	13	29386365	-0.0374	0.5022
P001	13	30032546	-0.0218	0.5002
P001	13	28379789	0.0397	0.4795
P001	13	52860847	0.5796	0.3479
P001	13	44677067	0.549	0.6481
P001	13	60967164	0.5281	0.3308
P001	13	50341211	0.5166	0.6501
P001	13	74585976	0.0298	0.501
P001	13	74660606	0.0352	0.501
P001	13	72040497	-0.0566	0.4886
P001	13	74097282	-0.0267	0.4904
P001	13	86828834	-0.8124	0.0936
P001	13	95522934	-0.8055	0.1117
P001	13	83901315	-0.8733	0.8904
P001	13	98814109	-0.7347	0.8708
P001	13	100522706	-0.0017	0.4883
P001	13	100742557	0.0896	0.5111
P001	13	99556101	0.0083	0.4716
P001	13	99731189	-0.0139	0.4989
P001	13	103855285	0.0284	0.5054
P001	13	103471718	-0.0811	0.4727
P001	13	105554438	-0.0782	0.4812
P001	13	106250133	-0.0299	0.516
P001	13	112583385	0.0366	0.5029
P001	13	111242121	-0.02	0.4823
P001	13	114618122	0.0116	0.5076
P001	13	114356784	-0.0743	0.5035
P001	14	7932053	0.0248	0.4957
P001	14	3312618	-0.0809	0.4896
P001	14	5714548	-0.0201	0.4961
P001	14	5445541	0.0099	0.4789
P001	14	11292932	0.5654	0.9485
P001	14	11031611	0.4377	0.9601
P001	14	18590993	0.467	0.0383
P001	14	18301887	0.4959	0.0463
P001	14	23751709	0.6299	0.6378
P001	14	25748583	0.5693	0.3681
P001	14	25449241	0.4676	0.6677
P001	14	25096827	0.4409	0.6389
P001	14	43855566	-0.0215	0.52
P001	14	49573885	0.0467	0.4787
P001	14	41891485	0.0112	0.4771
P001	14	46257024	0.0174	0.4987
P001	14	79563467	0.0086	0.5188
P001	14	80164606	0.0177	0.4914
P001	14	70090345	-0.039	0.4967
P001	14	81432696	0.0134	0.4933
P001	14	86743322	-0.0985	0.5012
P001	14	100322602	-0.0351	0.4951
P001	14	102216564	-0.0118	0.4841
P001	14	102413116	0.0035	0.5047
P001	15	9823900	0.0318	0.5022
P001	15	1224262	0.007	0.4917
P001	15	10234163	-0.0134	0.5047
P001	15	340501	-0.0272	0.5063
P001	15	18551938	-0.0362	0.4884
P001	15	22167589	0.0416	0.4823
P001	15	26067178	0.0273	0.4878
P001	15	30892933	-0.0628	0.514
P001	15	34426858	-0.0056	0.4955
P001	15	37320088	-0.0684	0.5084
P001	15	34148509	-0.0288	0.5193
P001	15	35259054	-0.0461	0.5175
P001	15	61688164	0.0225	0.5199
P001	15	72619011	0.0277	0.4913
P001	15	51980520	-0.0047	0.5101
P001	15	76398186	0.0147	0.5086
P001	15	85429033	-0.7913	0.8967
P001	15	85584182	-0.8275	0.0987
P001	15	84271026	-0.7953	0.9051
P001	15	84503861	-0.7448	0.865
P001	15	91419298	0.0491	0.4997
P001	15	90893471	0.0983	0.4764
P001	15	94430433	0.0895	0.4912
P001	15	92088703	0.0642	0.478
P001	16	469301	0.0272	0.4933
P001	16	3075630	0.0257	0.4915
P001	16	1313807	0.0272	0.486
P001	16	987747	0.129	0.4984
P001	16	11271201	0.5123	0.6557
P001	16	22504864	0.5292	0.3312
P001	16	21916818	0.577	0.6424
P001	16	21403675	0.6371	0.3377
P001	16	27021393	-0.0353	0.4562
P001	16	26233624	0.058	0.4834
P001	16	24539115	-0.0165	0.5115
P001	16	26188375	0.0516	0.5073
P001	16	27402903	0.0113	0.5217
P001	16	27469058	0.0136	0.5095
P001	16	27320382	-0.0059	0.4865
P001	16	27314388	0.0122	0.5194
P001	16	28224532	-0.0417	0.5095
P001	16	28424709	0.0377	0.4794
P001	16	28480583	-0.0365	0.487
P001	16	28763757	0.087	0.4788
P001	16	33649653	0.599	0.9465
P001	16	33700685	0.5362	0.9248
P001	16	36534127	0.5388	0.9479
P001	16	31753563	0.5051	0.974
P001	16	72452546	0.0861	0.4898
P001	16	44419783	-0.0176	0.4847
P001	16	72141752	-0.0237	0.5085
P001	16	64040065	-0.029	0.5141
P001	16	85919143	-0.8348	0.8882
P001	16	85295158	-0.8398	0.8706
P001	16	87561972	-0.7843	0.1125
P001	16	84106650	-0.7424	0.8866
P001	17	5823947	0.0864	0.4935
P001	17	7785119	-0.0039	0.4888
P001	17	5777731	-0.0183	0.5073
P001	17	2771098	0.0382	0.4953
P001	17	19171595	0.9145	0.7402
P001	17	10138621	0.899	0.7096
P001	17	14791057	0.8029	0.2812
P001	17	16614082	0.8595	0.2859
P001	17	40017275	-0.0018	0.4879
P001	17	58485742	-0.0071	0.4949
P001	17	45445542	0.0226	0.5159
P001	17	47647350	0.0236	0.4839
P001	17	65585600	0.0329	0.5337
P001	17	65165690	0.0311	0.502
P001	17	66107996	0.034	0.5129
P001	17	66520745	-0.0034	0.4824
P001	17	71951539	0.5736	0.6507
P001	17	68754767	0.5435	0.6467
P001	17	76470096	0.4658	0.3526
P001	17	76690186	0.516	0.6525
P001	18	23909172	0.0351	0.5005
P001	18	23554551	-0.0209	0.4901
P001	18	7379551	-0.0083	0.5085
P001	18	18252507	0.0887	0.5059
P001	18	36445462	0.0185	0.4805
P001	18	38420610	0.0239	0.4832
P001	18	29408781	0.0281	0.4976
P001	18	36146616	-0.0333	0.4994
P001	18	57803866	-0.8095	0.1015
P001	18	61152000	-0.7877	0.109
P001	18	65489741	-0.8151	0.1264
P001	18	50894901	-0.8526	0.1203
P001	18	68994565	0.0617	0.4993
P001	18	67750093	-0.0551	0.513
P001	18	70319138	-0.0641	0.479
P001	18	68115381	-0.0627	0.4936
P001	18	75526818	-0.01	0.482
P001	18	70879339	-0.0007	0.5038
P001	18	72091414	0.0426	0.492
P001	18	76525248	0.0758	0.4971
P001	19	7673045	0.9743	0.2693
P001	19	4999763	0.8546	0.7375
P001	19	200064	0.8994	0.2519
P001	19	5647621	0.856	0.2934
P001	19	9112375	-0.0461	0.5161
P001	19	11032860	0.0882	0.4959
P001	19	8841847	-0.0403	0.4917
P001	19	8663041	-0.0428	0.4927
P001	19	12777763	0.5865	0.3651
P001	19	24845673	0.5408	0.6499
P001	19	28078215	0.5379	0.6586
P001	19	24985854	0.4487	0.3296
P001	19	41348986	-0.0329	0.4921
P001	19	45983808	-0.0328	0.491
P001	19	43383772	-0.0268	0.5112
P001	19	45891981	0.0152	0.4973
P001	19	52266450	0.0314	0.5225
P001	19	47105560	0.0438	0.4899
P001	19	57019159	0.0882	0.4989
P001	19	50493222	0.0456	0.4999
P001	20	5125168	0.5807	0.6449
P001	20	3882045	0.4758	0.6363
P001	20	4952000	0.5335	0.3275
P001	20	9174969	0.4304	0.6722
P001	20	10993929	-0.0017	0.5005
P001	20	11205934	0.0376	0.5025
P001	20	10132882	0.0537	0.4791
P001	20	9509276	0.0075	0.5025
P001	20	13957587	0.0341	0.5095
P001	20	14013997	0.0152	0.516
P001	20	13994456	0.0583	0.4893
P001	20	14195429	0.0045	0.5117
P001	20	19887557	0.5032	0.6688
P001	20	14443166	0.5528	0.3189
P001	20	21475309	0.4095	0.6392
P001	20	17938656	0.4966	0.3291
P001	20	22453996	-0.0018	0.4911
P001	20	22451341	0.0501	0.5108
P001	20	22407823	-0.0808	0.4914
P001	20	22491744	0.0644	0.5063
P001	20	24535862	0.9079	0.7279
P001	20	23030631	0.8979	0.262
P001	20	23286578	0.9909	0.2653
P001	20	23953871	0.8537	0.7552
P001	20	33457616	-0.0926	0.5023
P001	20	26439227	0.0233	0.4914
P001	20	27792852	-0.0593	0.4935
P001	20	33870347	0.0314	0.5003
P001	20	47313229	0.5224	0.3451
P001	20	40911218	0.5076	0.3624
P001	20	42093962	0.5476	0.6417
P001	20	39867783	0.5256	0.3836
P001	20	59506139	0.4866	0.3373
P001	20	52294358	0.5619	0.3563
P001	20	59011113	0.5669	0.6521
P001	20	61756687	0.5866	0.3487
P001	21	2766134	-0.6368	0.1121
P001	21	1335446	-0.8045	0.8863
P001	21	1881690	-0.8127	0.8719
P001	21	2578242	-0.8611	0.1086
P001	21	3195258	-0.8429	0.1164
P001	21	3146713	-0.782	0.1383
P001	21	3343667	-0.8618	0.1289
P001	21	3188735	-0.8068	0.8556
P001	21	4280604	0.0088	0.5008
P001	21	4847944	-0.0395	0.502
P001	21	3764766	-0.0071	0.5281
P001	21	4748690	-0.0176	0.5
P001	21	9606567	0.413	0.0784
P001	21	7772901	0.611	0.079
P001	21	8094125	0.4865	0.048
P001	21	10130983	0.4904	0.0392
P001	21	15384674	-0.0061	0.4986
P001	21	12169360	0.1274	0.5201
P001	21	22296062	-0.0255	0.499
P001	21	20114367	-0.0033	0.5226
P001	21	30790452	-0.0434	0.4777
P001	21	27657612	0.0146	0.4823
P001	21	28291227	0.0708	0.4881
P001	21	28617849	-0.0492	0.4958
P001	21	35412676	0.5185	0.627
P001	21	35109897	0.589	0.6487
P001	21	39483487	0.5171	0.3166
P001	21	37038456	0.4734	0.3578
P001	21	40568909	0.0658	0.4951
P001	21	40177724	0.0862	0.4967
P001	21	42009127	0.0028	0.5056
P001	21	42295041	0.071	0.4914
P001	21	44236301	-0.018	0.5057
P001	21	45759939	0.0316	0.5252
P001	21	46186344	-0.0485	0.4927
P001	21	43740978	0.0659	0.5128
P001	22	2487018	0.0152	0.5079
P001	22	735486	0.0143	0.4937
P001	22	4182911	0.076	0.4855
P001	22	6703654	-0.0701	0.5088
P001	22	8403863	0.0097	0.4937
P001	22	8797173	0.0452	0.5096
P001	22	8722976	0.0386	0.4791
P001	22	8452344	-0.0249	0.4922
P001	22	31994025	-0.0517	0.479
P001	22	19925961	0.0244	0.4922
P001	22	37309505	0.0103	0.4777
P001	22	28027834	0.0398	0.4996
P001	22	46827210	0.5584	0.6514
P001	22	49296632	0.6034	0.6229
P001	22	45143435	0.5223	0.6471
P001	22	45480673	0.5713	0.6655
P001	X	4650571	0.0228	0.5204
P001	X	4167590	0.0257	0.4741
P001	X	3795251	-0.0227	0.5074
P001	X	2363891	-0.007	0.4912
P001	X	14479281	0.5371	0.354
P001	X	17158748	0.4873	0.658
P001	X	11404827	0.5004	0.6322
P001	X	19692926	0.4184	0.6509
P001	X	27793767	-0.0248	0.4955
P001	X	29736953	0.0094	0.5077
P001	X	35790774	0.0737	0.5209
P001	X	21608813	-0.0174	0.5138
P001	X	62645099	-0.0109	0.52
P001	X	56465344	0.0046	0.5066
P001	X	54421643	0.0014	0.495
P001	X	45439015	-0.0238	0.4974
P001	X	94326619	-0.0487	0.4782
P001	X	106073399	0.0111	0.5194
P001	X	79168741	0.0074	0.5075
P001	X	106356922	0.0894	0.4848
P001	X	120026750	-0.0374	0.4819
P001	X	120214619	-0.0451	0.5012
P001	X	119913965	-0.0878	0.4832
P001	X	120139763	0.0116	0.5177
P001	X	142350150	-0.0277	0.4989
P001	X	136716123	0.053	0.4778
P001	X	126354439	-0.0531	0.4745
P001	X	124456962	0.0398	0.4949
P001	X	147737716	0.0128	0.4835
P001	X	154643863	-0.0751	0.4875
P001	X	148019803	-0.0524	0.4998
P001	X	151799561	0.0393	0.5003
P001	Y	2841154	-2.8213	0.4956
P001	Y	1132595	-2.9372	0.5081
P001	Y	2411767	-2.8671	0.5101
P001	Y	1642900	-2.7985	0.5124
P001	Y	8159314	-2.8397	0.5183
P001	Y	4113035	-2.894	0.4855
P001	Y	10859178	-2.9057	0.5095
P001	Y	9081857	-2.8626	0.521
P001	Y	18030903	-2.8435	0.5168
P001	Y	29831016	-2.8864	0.5026
P001	Y	22838777	-2.8257	0.4752
P001	Y	34927194	-2.8164	0.5058
P001	Y	42644441	-2.8508	0.5011
P001	Y	36209725	-2.7741	0.5098
P001	Y	39975338	-2.8659	0.5075
P001	Y	38062974	-2.8595	0.4988
P001	Y	47745320	-2.8835	0.4946
P001	Y	43943996	-2.9421	0.4907
P001	Y	44550666	-2.9584	0.5024
P001	Y	44519131	-2.8646	0.5033
P001	Y	48326970	-2.9185	0.4914
P001	Y	48215758	-2.8553	0.5162
P001	Y	48266797	-2.879	0.5029
P001	Y	48216981	-2.9113	0.5283
P001	Y	48880261	-2.8382	0.5115
P001	Y	49959467	-2.8667	0.5173
P001	Y	50228985	-2.8522	0.4902
P001	Y	49380238	-2.8324	0.4794
P001	Y	53295909	-2.9893	0.5144
P001	Y	54756393	-2.8282	0.4966
P001	Y	50702955	-2.8548	0.4959
P001	Y	59268989	-2.8703	0.4983
P002	1	66368183	0.1	0.508
P002	1	22916371	-0.0699	0.5077
P002	1	27826684	0.0119	0.4931
P002	1	66183051	-0.0216	0.4879
P002	1	84485262	0.3147	0.5782
P002	1	85133520	0.3603	0.5922
P002	1	85277626	0.2667	0.411
P002	1	85340682	0.2785	0.5763
P002	1	87671934	0.0064	0.479
P002	1	87521583	-0.0011	0.4832
P002	1	89898171	0.0225	0.501
P002	1	92261168	0.0737	0.4933
P002	1	96972043	0.0374	0.5029
P002	1	111858390	0.0564	0.4982
P002	1	92944222	-0.0648	0.5175
P002	1	96023115	-0.0139	0.5175
P002	1	132247660	0.5322	0.6252
P002	1	141086370	0.6011	0.6606
P002	1	125069905	0.4516	0.6577
P002	1	138537110	0.4859	0.3511
P002	1	143490222	-0.8251	0.4803
P002	1	143810025	-0.7239	0.4954
P002	1	143193045	-0.7662	0.5105
P002	1	142924524	-0.7732	0.5045
P002	1	152677255	-0.0314	0.5013
P002	1	162564210	-0.0211	0.4948
P002	1	167996149	0.0164	0.4918
P002	1	148289349	0.0043	0.506
P002	1	174234051	-0.0147	0.696
P002	1	173937070	0.0431	0.6884
P002	1	172694256	-0.0046	0.2929
P002	1	195589892	0.04	0.2992
P002	1	227288980	-0.0757	0.5403
P002	1	239476687	0.0221	0.5007
P002	1	212648194	-0.0129	0.49
P002	1	211993462	-0.0304	0.5137
P002	2	3374708	0.0516	0.4857
P002	2	1315627	0.0459	0.5169
P002	2	1442220	0.035	0.5175
P002	2	709069	-0.0404	0.5193
P002	2	99349904	-0.0248	0.4992
P002	2	94194582	-0.05	0.4976
P002	2	91022635	-0.0539	0.5213
P002	2	42301234	-0.0085	0.4961
P002	2	105135634	-0.3242	0.3841
P002	2	107946334	-0.3505	0.3637
P002	2	107690546	-0.3545	0.6132
P002	2	106941691	-0.308	0.6215
P002	2	108361195	-0.3262	0.3698
P002	2	108216312	-0.3229	0.3644
P002	2	108077876	-0.3595	0.6251
P002	2	108898266	-0.4462	0.6252
P002	2	112062750	-0.0198	0.4966
P002	2	111220483	-0.0088	0.5011
P002	2	109397848	-0.0521	0.5079
P002	2	110961104	0.0518	0.4826
P002	2	114034092	-0.0401	0.499
P002	2	112980506	-0.0252	0.4826
P002	2	113222053	-0.0346	0.5109
P002	2	113379987	0.0054	0.4922
P002	2	126385249	-0.0342	0.5081
P002	2	173820828	-0.0421	0.491
P002	2	117169063	-0.0588	0.5002
P002	2	135140595	0.0021	0.4987
P002	2	185050059	-0.2315	0.6311
P002	2	226853047	-0.3455	0.37
P002	2	220918884	-0.2829	0.6386
P002	2	176627496	-0.3551	0.3668
P002	2	236611569	-0.0525	0.4988
P002	2	241236112	0.0392	0.4846
P002	2	241577942	0.0097	0.4902
P002	2	239586379	0.0158	0.5015
P002	3	398243	-0.0349	0.4974
P002	3	38914904	0.0397	0.478
P002	3	33603825	-0.0188	0.4861
P002	3	13525980	-0.0802	0.513
P002	3	44772135	0.5662	0.62
P002	3	46257221	0.5265	0.6496
P002	3	45667483	0.5417	0.6403
P002	3	43127891	0.5147	0.6284
P002	3	49615837	0.2604	0.7735
P002	3	82862905	0.1993	0.2328
P002	3	98128676	0.2884	0.7512
P002	3	84038353	0.2644	0.7415
P002	3	114876344	-0.0234	0.508
P002	3	115835210	0.01	0.5196
P002	3	112200030	-0.0445	0.5021
P002	3	112137809	-0.0484	0.5094
P002	3	119955470	0.0356	0.5072
P002	3	120869238	0.0203	0.5
P002	3	130207302	-0.0341	0.4632
P002	3	130850831	0.0556	0.5031
P002	3	148814019	-0.0096	0.2989
P002	3	145387963	0.0095	0.6861
P002	3	137901944	-0.0026	0.7146
P002	3	150177294	0.0404	0.7119
P002	3	172112691	0.0135	0.4777
P002	3	175839045	0.0108	0.488
P002	3	174082258	-0.0706	0.5005
P002	3	177866727	0.0004	0.4992
P002	3	192949104	0.4791	0.3682
P002	3	188507237	0.5015	0.3525
P002	3	180293828	0.3955	0.6373
P002	3	181823233	0.4774	0.6381
P002	4	80329994	-0.0183	0.5084
P002	4	32767963	-0.0782	0.5064
P002	4	30000025	0.0236	0.4745
P002	4	77732781	-0.1051	0.5268
P002	4	91264618	-0.0044	0.4816
P002	4	101106722	-0.0706	0.5233
P002	4	88643598	-0.0212	0.5046
P002	4	89395916	0.015	0.4669
P002	4	130656068	0.212	0.4299
P002	4	134555882	0.2763	0.598
P002	4	137434040	0.2955	0.5882
P002	4	142075667	0.2466	0.4057
P002	4	160508268	0.036	0.4818
P002	4	154132375	0.0254	0.4798
P002	4	178147803	0.0086	0.5061
P002	4	146356056	-0.0198	0.5183
P002	5	26070939	-0.0153	0.5218
P002	5	27194836	-0.0288	0.4864
P002	5	12401417	0.0079	0.4853
P002	5	6200732	-0.0123	0.4857
P002	5	36775156	-0.0935	0.5061
P002	5	35416298	-0.0214	0.4905
P002	5	36703021	-0.0888	0.5119
P002	5	35369314	-0.0625	0.5059
P002	5	113868660	-0.357	0.6311
P002	5	129585104	-0.3323	0.6147
P002	5	106165760	-0.3516	0.6266
P002	5	113485932	-0.3227	0.3842
P002	5	152166863	-0.0068	0.4962
P002	5	164482264	0.0043	0.4861
P002	5	171437904	-0.0028	0.5059
P002	5	140238163	-0.0437	0.5299
P002	5	177127538	-0.043	0.4992
P002	5	178276623	-0.0114	0.5138
P002	5	180428760	0.0177	0.5026
P002	5	175123464	0.0348	0.5076
P002	6	30904428	-0.3323	0.6112
P002	6	51934546	-0.3398	0.3689
P002	6	47741947	-0.2901	0.3944
P002	6	59133443	-0.3481	0.6267
P002	6	93486659	0.0027	0.5191
P002	6	91616536	0.0964	0.524
P002	6	97706588	-0.0864	0.4909
P002	6	90447962	-0.0591	0.5244
P002	6	99294005	-0.0245	0.5107
P002	6	99674188	-0.0345	0.4943
P002	6	99392403	-0.0371	0.4833
P002	6	99530914	0.0304	0.4947
P002	6	116227717	0.2634	0.5703
P002	6	107301178	0.2402	0.5824
P002	6	103235101	0.3177	0.3938
P002	6	107316339	0.2623	0.4364
P002	6	119071770	0.0001	0.509
P002	6	121312299	-0.022	0.5068
P002	6	122203626	-0.0932	0.4907
P002	6	121158237	-0.0173	0.5013
P002	6	125317552	-0.0409	0.5089
P002	6	135000960	0.0371	0.497
P002	6	139046245	0.0233	0.5065
P002	6	127051767	-0.0518	0.5106
P002	6	146109785	0.0361	0.5032
P002	6	146746040	0.0611	0.5027
P002	6	149280675	0.0278	0.5224
P002	6	148568770	-0.0736	0.4993
P002	6	169039257	0.2756	0.6192
P002	6	151450813	0.2287	0.5686
P002	6	158607215	0.2506	0.5782
P002	6	164812103	0.3628	0.4317
P002	7	10914582	0.066	0.7023
P002	7	68551614	0.0169	0.3158
P002	7	48710268	-0.0243	0.2784
P002	7	60147150	0.028	0.7175
P002	7	88330447	0.2753	0.4147
P002	7	98650856	0.2497	0.4202
P002	7	91400817	0.3405	0.5947
P002	7	86929195	0.2724	0.4203
P002	7	109442025	-0.0086	0.4913
P002	7	108454273	0.0661	0.49
P002	7	107456029	0.0143	0.5012
P002	7	109659831	0.0306	0.5146
P002	7	119158209	-0.2831	0.3678
P002	7	124218393	-0.3613	0.6276
P002	7	117545373	-0.3658	0.6128
P002	7	145482820	-0.3062	0.6098
P002	8	6815889	0.5212	0.6658
P002	8	1217812	0.4099	0.6424
P002	8	3048753	0.4325	0.6611
P002	8	1744045	0.5211	0.3527
P002	8	48263524	-0.0226	0.4903
P002	8	51279520	0.0295	0.4821
P002	8	61184594	-0.0281	0.501
P002	8	39749273	-0.0256	0.4832
P002	8	110126470	-0.0274	0.5262
P002	8	95581909	0.0099	0.4851
P002	8	115362888	0.0067	0.5
P002	8	95013882	0.0179	0.4852
P002	8	130431857	0.019	0.4924
P002	8	127315036	0.094	0.4888
P002	8	125501717	-0.062	0.5001
P002	8	124659588	0.0249	0.5355
P002	8	143820474	0.5119	0.6634
P002	8	145494247	0.4171	0.3309
P002	8	140528162	0.4766	0.6524
P002	8	144006065	0.5082	0.6315
P002	8	146305667	0.0356	0.5038
P002	8	146295577	0.0925	0.5157
P002	8	146278988	-0.0159	0.4963
P002	8	146349574	-0.0037	0.4999
P002	9	9467283	-0.2922	0.3885
P002	9	9327691	-0.2621	0.5868
P002	9	11140304	-0.2737	0.3662
P002	9	10405893	-0.2796	0.3611
P002	9	34963718	-0.0401	0.2872
P002	9	50646510	0.0526	0.3003
P002	9	48361620	-0.0624	0.2986
P002	9	22816981	-0.0027	0.73
P002	9	55547416	0.1993	0.4273
P002	9	56230138	0.2034	0.5798
P002	9	55415281	0.3088	0.6006
P002	9	57168672	0.245	0.4272
P002	9	68784477	0.0695	0.4968
P002	9	64443724	0.0127	0.489
P002	9	73308619	0.0172	0.5282
P002	9	60634208	0.0021	0.5033
P002	9	84415689	0.4924	0.6404
P002	9	81643942	0.4169	0.6375
P002	9	85527888	0.5068	0.6097
P002	9	84460840	0.5136	0.6331
P002	9	89527119	-0.2455	0.643
P002	9	87713915	-0.3055	0.6182
P002	9	87989994	-0.3354	0.6341
P002	9	88215265	-0.425	0.6099
P002	9	124731273	0.1901	0.5869
P002	9	138486093	0.2893	0.5767
P002	9	102385905	0.221	0.4368
P002	9	122421578	0.3195	0.4262
P002	9	140257707	0.5509	0.6401
P002	9	140655478	0.4254	0.6358
P002	9	140435712	0.4901	0.3473
P002	9	140750085	0.484	0.6375
P002	10	32653957	0.0133	0.4891
P002	10	8541136	0.0013	0.5165
P002	10	4511500	0.0989	0.4865
P002	10	14246036	-0.0074	0.4853
P002	10	52042910	-0.3308	0.372
P002	10	75770451	-0.2996	0.3605
P002	10	64523119	-0.3594	0.3749
P002	10	79105121	-0.3763	0.6306
P002	10	88685675	-0.0189	0.5034
P002	10	88910179	-0.0413	0.499
P002	10	100687321	0.0381	0.4742
P002	10	109336609	-0.0276	0.5041
P002	10	133861713	0.017	0.4994
P002	10	133356940	-0.0355	0.4944
P002	10	134409814	0.0035	0.4984
P002	10	133084615	-0.0269	0.4876
P002	11	13823156	0.0408	0.5064
P002	11	7479106	-0.0313	0.4929
P002	11	10937753	0.0474	0.5317
P002	11	8647450	0.0895	0.4942
P002	11	16996679	-0.0399	0.516
P002	11	15316804	-0.0213	0.5128
P002	11	14624316	0.0223	0.5201
P002	11	15821080	0.0329	0.5182
P002	11	45995076	0.0572	0.5098
P002	11	51578303	-0.0472	0.4907
P002	11	33666270	0.0559	0.5205
P002	11	23687792	0.0251	0.5084
P002	11	68647545	-0.0294	0.4924
P002	11	60201744	0.0123	0.4732
P002	11	56614414	0.029	0.5038
P002	11	57403153	-0.0315	0.4989
P002	11	69351550	0.4633	0.3657
P002	11	69297451	0.4593	0.37
P002	11	69404753	0.4795	0.6321
P002	11	69406430	0.5378	0.6559
P002	11	81968268	0.0678	0.529
P002	11	78035536	0.0154	0.4877
P002	11	76455773	0.0017	0.4908
P002	11	75596934	-0.0041	0.497
P002	11	94731447	-0.3362	0.6514
P002	11	88705207	-0.3004	0.6475
P002	11	91335717	-0.3263	0.6058
P002	11	98232317	-0.2784	0.3635
P002	11	104164124	-0.008	0.4832
P002	11	106593789	-0.0548	0.5043
P002	11	104708436	-0.0355	0.4845
P002	11	107520237	0.0098	0.4794
P002	11	132990097	0.2954	0.4203
P002	11	115873393	0.2647	0.5635
P002	11	130303351	0.2551	0.4312
P002	11	112071329	0.1799	0.4307
P002	12	14701127	0.028	0.504
P002	12	12936117	0.0045	0.5081
P002	12	18644526	-0.0138	0.4827
P002	12	19408758	-0.0415	0.4801
P002	12	21869951	0.0279	0.5112
P002	12	21078209	-0.0451	0.4934
P002	12	22410940	0.0756	0.5079
P002	12	21674066	-0.0399	0.5101
P002	12	44543570	-0.3654	0.6503
P002	12	39502984	-0.3741	0.3711
P002	12	30863383	-0.3191	0.6219
P002	12	41269130	-0.2856	0.6188
P002	12	81724876	0.4993	0.6446
P002	12	62152558	0.5041	0.6647
P002	12	65022408	0.5215	0.3639
P002	12	62911266	0.4786	0.6518
P002	12	98598318	0.2997	0.2493
P002	12	96605570	0.2956	0.7467
P002	12	95573284	0.2711	0.7548
P002	12	94776357	0.1903	0.2656
P002	12	103950961	0.2068	0.4197
P002	12	106353262	0.3261	0.579
P002	12	113243579	0.2717	0.4301
P002	12	119988775	0.2446	0.5978
P002	12	123080148	-0.0484	0.5129
P002	12	125438562	0.0105	0.5143
P002	12	123182216	0.0089	0.5086
P002	12	128388829	0.082	0.5021
P002	12	132358768	0.2264	0.5836
P002	12	130929600	0.2516	0.5563
P002	12	132801038	0.2991	0.3902
P002	12	133251768	0.2429	0.4382
P002	13	154831	-0.3557	0.6293
P002	13	180414	-0.3912	0.3769
P002	13	102479	-0.2839	0.6385
P002	13	69868	-0.339	0.3713
P002	13	1414857	0.0722	0.507
P002	13	3392739	-0.0113	0.5107
P002	13	322671	-0.0363	0.4824
P002	13	970463	-0.0015	0.4987
P002	13	13176819	0.0608	0.5082
P002	13	12820425	-0.0488	0.4706
P002	13	11060112	0.0435	0.4979
P002	13	12262489	0.0728	0.4827
P002	13	29455633	-0.0155	0.4885
P002	13	37602259	-0.082	0.5021
P002	13	22709121	0.0154	0.5203
P002	13	25204903	-0.0153	0.508
P002	13	79177931	-0.3629	0.6271
P002	13	74926889	-0.3198	0.36
P002	13	77721201	-0.2687	0.3816
P002	13	72998876	-0.2983	0.3556
P002	13	92625645	-0.0106	0.4991
P002	13	87678863	0.0709	0.4969
P002	13	90427559	-0.0919	0.4877
P002	13	101815192	-0.0142	0.4928
P002	13	111669202	-0.0862	0.5115
P002	13	110576943	0.0873	0.4816
P002	13	110321468	0.0295	0.5111
P002	13	112825739	0.0173	0.5099
P002	14	232369	-0.0679	0.5158
P002	14	52983	-0.0662	0.4837
P002	14	92683	0.0112	0.4959
P002	14	150663	-0.0465	0.5025
P002	14	18145572	-0.0277	0.5193
P002	14	16215373	-0.0272	0.503
P002	14	9725429	-0.0195	0.4994
P002	14	18595482	-0.0283	0.4875
P002	14	31805765	-0.3204	0.3701
P002	14	40438327	-0.3006	0.3709
P002	14	59513530	-0.2911	0.3604
P002	14	22557226	-0.3971	0.3841
P002	14	87466463	0.051	0.4839
P002	14	72208898	-0.0053	0.5073
P002	14	74522072	-0.0348	0.4975
P002	14	84905162	-0.024	0.4917
P002	14	104441378	0.4294	0.3698
P002	14	104411590	0.4464	0.3472
P002	14	103316429	0.4732	0.3654
P002	14	105780758	0.4474	0.6468
P002	15	2635640	0.061	0.4914
P002	15	7409413	0.0171	0.4736
P002	15	5362556	0.0579	0.4773
P002	15	2431490	-0.0989	0.5165
P002	15	18885169	-0.087	0.5071
P002	15	10144395	0.0234	0.4984
P002	15	25583341	0.0158	0.5023
P002	15	19381213	0.046	0.522
P002	15	28484887	-0.0359	0.4687
P002	15	27035900	0.0626	0.5257
P002	15	30439549	0.1052	0.4779
P002	15	29807286	-0.0276	0.4658
P002	15	31740832	-0.0418	0.5052
P002	15	31347652	0.0345	0.5024
P002	15	30899651	-0.1182	0.5256
P002	15	32014629	0.0119	0.5249
P002	15	50323134	-0.3352	0.3902
P002	15	57890531	-0.3658	0.3761
P002	15	42868995	-0.3128	0.3715
P002	15	53411879	-0.2841	0.6531
P002	15	86772012	-0.0673	0.5095
P002	15	82163063	0.0645	0.5134
P002	15	91060391	-0.0358	0.4835
P002	15	84775007	0.0286	0.4951
P002	15	98214302	0.044	0.4912
P002	15	96746050	-0.0672	0.4993
P002	15	96189236	0.0152	0.5085
P002	15	97777228	-0.0377	0.5389
P002	15	100494861	0.0363	0.5164
P002	15	101538710	-0.0021	0.5202
P002	15	100231086	0.0197	0.5157
P002	15	102034593	-0.0323	0.5163
P002	16	2706441	-0.0667	0.5053
P002	16	3709000	0.0674	0.4907
P002	16	16762864	-0.0544	0.5054
P002	16	2239955	-0.0505	0.4969
P002	16	23463322	0.4901	0.3475
P002	16	23704446	0.4661	0.6131
P002	16	24032951	0.3794	0.6505
P002	16	24862727	0.4637	0.3898
P002	16	41084403	-0.0345	0.5074
P002	16	54801057	0.0019	0.498
P002	16	62694290	-0.104	0.4785
P002	16	60026873	0.0444	0.4981
P002	16	77577446	0.0648	0.5126
P002	16	89009453	0.029	0.4967
P002	16	90104744	0.0072	0.5167
P002	16	69111084	0.0306	0.4801
P002	17	3076252	-0.0225	0.5187
P002	17	3855297	0.0695	0.5232
P002	17	2868477	-0.0444	0.4874
P002	17	631028	0.1252	0.4795
P002	17	4402994	0.0071	0.5063
P002	17	4658517	0.0011	0.5039
P002	17	4703801	0.0523	0.5045
P002	17	4269024	0.0527	0.4949
P002	17	7772606	-0.0346	0.5088
P002	17	8303323	0.0218	0.4937
P002	17	7925546	-0.0159	0.5168
P002	17	6815012	0.0463	0.4818
P002	17	9816078	0.246	0.5949
P002	17	8868194	0.257	0.6009
P002	17	9389083	0.2495	0.5482
P002	17	10487523	0.2758	0.4198
P002	17	25296914	-0.4396	0.6252
P002	17	14930318	-0.3887	0.3681
P002	17	19805569	-0.306	0.6451
P002	17	27530419	-0.3212	0.6176
P002	17	36708026	-0.2878	0.6192
P002	17	29820386	-0.3459	0.3783
P002	17	35769347	-0.3228	0.6256
P002	17	34266986	-0.3182	0.599
P002	17	40167453	-0.0524	0.5221
P002	17	40638529	-0.0727	0.5236
P002	17	41538212	0.0606	0.4733
P002	17	44738158	0.0207	0.5246
P002	17	76056888	-0.3002	0.3657
P002	17	47759046	-0.3104	0.3555
P002	17	69086928	-0.3446	0.3801
P002	17	77071307	-0.3302	0.6352
P002	18	7709827	-0.2776	0.6129
P002	18	5511881	-0.3167	0.3586
P002	18	4799277	-0.2758	0.6239
P002	18	832298	-0.4167	0.6218
P002	18	14247505	-0.3431	0.3783
P002	18	14632809	-0.2162	0.3598
P002	18	15090477	-0.2969	0.3569
P002	18	15743084	-0.3296	0.3861
P002	18	33821745	0.4713	0.3464
P002	18	35983229	0.4936	0.6603
P002	18	36198675	0.4819	0.365
P002	18	30520731	0.4656	0.3656
P002	18	46458420	-0.0039	0.5076
P002	18	37703014	0.0128	0.4999
P002	18	42957111	-0.0241	0.4871
P002	18	47267244	0.0595	0.501
P002	18	50000112	-0.0117	0.4952
P002	18	50433720	-0.0058	0.511
P002	18	50371598	0.049	0.4792
P002	18	50459978	0.0049	0.5268
P002	18	65108074	-0.248	0.3686
P002	18	60175972	-0.314	0.6254
P002	18	60258550	-0.237	0.3787
P002	18	51952401	-0.2572	0.6527
P002	18	76134677	0.0567	0.5205
P002	18	77512282	0.0592	0.5042
P002	18	77431472	-0.1079	0.5183
P002	18	76769136	-0.0049	0.4936
P002	19	5908498	-0.1345	0.5069
P002	19	12019562	0.069	0.4865
P002	19	6725963	0.001	0.5103
P002	19	3726661	-0.018	0.5051
P002	19	30321502	-0.0138	0.4941
P002	19	35738931	0.0049	0.4917
P002	19	35370875	-0.0082	0.4901
P002	19	17513518	-0.1038	0.4778
P002	19	37843050	-0.0026	0.2912
P002	19	38688496	-0.0465	0.6955
P002	19	38702281	-0.0096	0.7124
P002	19	39719486	-0.015	0.3196
P002	19	48738150	0.2737	0.4093
P002	19	41581700	0.2966	0.3737
P002	19	49985369	0.2637	0.5733
P002	19	40668671	0.2442	0.5663
P002	19	55564994	0.0092	0.4832
P002	19	52998226	-0.0185	0.5078
P002	19	56104312	-0.0689	0.4888
P002	19	54156157	-0.028	0.4844
P002	19	58471210	0.2174	0.4051
P002	19	56913279	0.2584	0.4151
P002	19	58673147	0.2541	0.426
P002	19	57665733	0.2342	0.394
P002	20	4400367	-0.3803	0.6358
P002	20	3875219	-0.2835	0.6599
P002	20	1364680	-0.3918	0.6352
P002	20	1081055	-0.3335	0.6127
P002	20	5385880	0.0281	0.5193
P002	20	4829936	0.0162	0.5132
P002	20	7050997	-0.0091	0.5121
P002	20	8648996	0.0426	0.4927
P002	20	17360512	-0.1158	0.5126
P002	20	14279939	0.0092	0.497
P002	20	15931066	-0.0714	0.496
P002	20	14367237	0.0006	0.507
P002	20	22887422	-0.0439	0.4976
P002	20	26545274	0.0398	0.4754
P002	20	21438433	0.0684	0.5052
P002	20	25273820	0.0181	0.4816
P002	20	30883554	0.0445	0.5081
P002	20	31652020	0.039	0.5286
P002	20	29547916	0.0514	0.4918
P002	20	29555120	0.0198	0.5079
P002	20	39267119	0.0044	0.523
P002	20	34937890	0.0818	0.4967
P002	20	35436865	0.0921	0.4782
P002	20	36604720	-0.03	0.4822
P002	20	57853870	-0.3776	0.3778
P002	20	58151465	-0.3215	0.3708
P002	20	55655919	-0.3642	0.6315
P002	20	57685771	-0.3411	0.6153
P002	21	14381893	-0.0142	0.5009
P002	21	8164363	-0.0132	0.5052
P002	21	5594180	0.0154	0.4857
P002	21	11614080	0.0122	0.5006
P002	21	15705389	0.4816	0.3359
P002	21	16575320	0.4329	0.3564
P002	21	17884420	0.4105	0.3345
P002	21	21463054	0.4988	0.3558
P002	21	22078607	0.3012	0.5729
P002	21	22448170	0.26	0.5934
P002	21	22959933	0.3374	0.4052
P002	21	23099947	0.3018	0.4172
P002	21	25397971	0.0545	0.4931
P002	21	26309957	0.037	0.5002
P002	21	25679054	0.0079	0.4858
P002	21	27380878	-0.0896	0.4856
P002	21	30016082	-0.0081	0.5005
P002	21	28915562	0.0002	0.5134
P002	21	30698941	0.0381	0.4873
P002	21	31910023	-0.0321	0.5073
P002	21	33712529	0.1261	0.3993
P002	21	34935235	0.3443	0.5872
P002	21	34231649	0.1488	0.4192
P002	21	34876667	0.3167	0.4261
P002	21	39495442	0.2877	0.5815
P002	21	40828872	0.3282	0.3858
P002	21	36124887	0.3121	0.6031
P002	21	39607858	0.1578	0.4039
P002	21	46546643	0.0321	0.4796
P002	21	46774576	0.0203	0.4962
P002	21	42976708	-0.0292	0.4851
P002	21	45943830	-0.0082	0.5065
P002	22	1166550	0.0423	0.4992
P002	22	380369	-0.0676	0.4964
P002	22	1144856	-0.0444	0.5211
P002	22	1049630	0.0202	0.5041
P002	22	3083037	-0.0038	0.4986
P002	22	8210646	-0.0284	0.4674
P002	22	7201373	-0.0084	0.4976
P002	22	13952334	0.0106	0.5273
P002	22	15053895	0.4	0.3491
P002	22	15222390	0.4363	0.3489
P002	22	16545136	0.4942	0.6375
P002	22	16561400	0.4293	0.6259
P002	22	21655784	-0.3097	0.3455
P002	22	18730678	-0.2465	0.3685
P002	22	18511193	-0.2201	0.6175
P002	22	19637122	-0.4064	0.6166
P002	22	36262147	-0.2923	0.3775
P002	22	41627107	-0.3488	0.6265
P002	22	44061228	-0.4158	0.3775
P002	22	40957350	-0.3646	0.3733
P002	22	46251295	-0.3765	0.3628
P002	22	47981763	-0.4074	0.6314
P002	22	47992639	-0.3539	0.3764
P002	22	50638223	-0.3531	0.3705
P002	X	7526316	-0.3688	0.3784
P002	X	6121613	-0.3882	0.3611
P002	X	1208197	-0.3988	0.5969
P002	X	9814308	-0.3427	0.6223
P002	X	20092195	-0.3465	0.634
P002	X	14460747	-0.3562	0.6367
P002	X	15222028	-0.2531	0.381
P002	X	19746654	-0.2942	0.6229
P002	X	38373376	-0.3669	0.3792
P002	X	105615796	-0.2681	0.6136
P002	X	104915611	-0.2876	0.3928
P002	X	59268521	-0.3353	0.3615
P002	X	127828028	-0.2163	0.6377
P002	X	128564572	-0.2346	0.6041
P002	X	127943642	-0.3182	0.4145
P002	X	131810521	-0.3002	0.6219
P002	X	136430466	-0.3572	0.3884
P002	X	138901658	-0.2958	0.631
P002	X	137131637	-0.3928	0.3814
P002	X	138174508	-0.2815	0.3603
P002	X	147679379	-0.2822	0.6324
P002	X	142478925	-0.302	0.3774
P002	X	141968637	-0.4262	0.6526
P002	X	149550273	-0.266	0.3826
P002	Y	10581738	-0.0577	0.4771
P002	Y	12170578	-0.0143	0.4732
P002	Y	22568860	-0.0127	0.4875
P002	Y	451558	0.0658	0.5235
P002	Y	26112341	0.0172	0.4994
P002	Y	24093471	-0.0029	0.5039
P002	Y	26874732	-0.0449	0.4825
P002	Y	27677962	-0.0573	0.4913
P002	Y	28785279	-0.387	0.6317
P002	Y	28785970	-0.2818	0.613
P002	Y	28785264	-0.3212	0.3567
P002	Y	28785191	-0.3019	0.3621
P002	Y	31325812	-0.3465	0.3637
P002	Y	31286718	-0.3166	0.3885
P002	Y	30368925	-0.3959	0.6326
P002	Y	31297519	-0.2923	0.6142
P002	Y	31664337	-0.004	0.4668
P002	Y	31510686	-0.0528	0.4889
P002	Y	31498126	0.0214	0.5034
P002	Y	31710009	0.085	0.5108
P002	Y	33458506	-0.0475	0.5007
P002	Y	40673169	0.0042	0.4998
P002	Y	44157888	0.0196	0.5089
P002	Y	36405667	0.0662	0.4873
P002	Y	48403392	0.042	0.5106
P002	Y	51323047	0.0403	0.5026
P002	Y	49344806	-0.005	0.4982
P002	Y	49027208	-0.0287	0.5061
P002	Y	54869701	0.3209	0.2203
P002	Y	59076286	0.2875	0.2585
P002	Y	53646028	0.2754	0.2314
P002	Y	53704113	0.2712	0.2491
P003	1	10203368	0.0015	0.5081
P003	1	2832116	0.0349	0.5056
P003	1	14988358	-0.0259	0.4867
P003	1	17254152	-0.045	0.5368
P003	1	24240957	-0.0476	0.4962
P003	1	22111149	-0.0297	0.4922
P003	1	25816801	0.0484	0.5077
P003	1	38899676	0.0389	0.4929
P003	1	55806590	-0.3406	0.6549
P003	1	68300012	-0.2498	0.6545
P003	1	131776870	-0.2868	0.3878
P003	1	164696780	-0.3406	0.6303
P003	1	203410481	-0.036	0.4879
P003	1	202862089	-0.0444	0.5148
P003	1	200859677	0.0208	0.5012
P003	1	202134185	-0.0442	0.4874
P003	1	220026852	-0.0645	0.4951
P003	1	214317768	-0.0663	0.4978
P003	1	207290160	-0.0028	0.5014
P003	1	228674628	0.071	0.4893
P003	1	231471977	-0.0032	0.497
P003	1	232313584	-0.0388	0.5201
P003	1	231910638	0.0779	0.4887
P003	1	232424398	0.0128	0.5014
P003	1	236457253	-0.0119	0.5081
P003	1	238437304	0.042	0.517
P003	1	241138852	0.0983	0.4924
P003	1	239341722	-0.0355	0.4831
P003	2	88710353	-0.3971	0.3699
P003	2	14454566	-0.4605	0.6069
P003	2	24022412	-0.3817	0.3786
P003	2	31779130	-0.3832	0.6357
P003	2	100602923	0.2868	0.7596
P003	2	89332218	0.3478	0.7851
P003	2	111863508	0.3344	0.7604
P003	2	101227768	0.3705	0.7419
P003	2	113056867	0.0073	0.4867
P003	2	113216485	0.0224	0.5015
P003	2	112894540	0.0354	0.5159
P003	2	113180555	-0.0726	0.5144
P003	2	140482746	0.0619	0.4981
P003	2	128107556	-0.0824	0.5105
P003	2	117997456	-0.0277	0.513
P003	2	130655648	-0.0507	0.4988
P003	2	153190487	0.2881	0.6146
P003	2	183434446	0.2242	0.5933
P003	2	197784054	0.325	0.4273
P003	2	157810427	0.3813	0.5908
P003	2	199682397	-0.0186	0.5037
P003	2	208871788	-0.0278	0.4968
P003	2	220554062	0.0029	0.4792
P003	2	207088118	0.0355	0.5093
P003	2	236200378	-0.0241	0.4866
P003	2	235532619	0.1045	0.4915
P003	2	234805249	0.0252	0.4818
P003	2	234182439	-0.0349	0.4977
P003	3	15617633	-0.8371	0.5012
P003	3	36235307	-0.8861	0.5152
P003	3	26240071	-0.7257	0.5077
P003	3	35211748	-0.7818	0.5065
P003	3	69548186	-0.0227	0.5028
P003	3	44146690	-0.0143	0.5009
P003	3	62299401	0.0436	0.4993
P003	3	58966457	-0.0284	0.5
P003	3	129376552	0.0349	0.4764
P003	3	86655995	0.0328	0.5173
P003	3	125949981	-0.0702	0.4938
P003	3	112680295	0.039	0.5047
P003	3	154880433	0.002	0.4917
P003	3	158156451	0.0127	0.4914
P003	3	134530958	-0.0102	0.4973
P003	3	141202268	-0.0494	0.4975
P003	3	163188265	-0.0158	0.4861
P003	3	163566152	0.045	0.4699
P003	3	162729864	-0.0084	0.508
P003	3	159032097	-0.0132	0.4811
P003	3	179252626	-0.2967	0.639
P003	3	170757132	-0.3361	0.3771
P003	3	196334809	-0.3405	0.3485
P003	3	185122606	-0.3928	0.6488
P003	3	197769899	0.0651	0.5053
P003	3	197927169	0.0848	0.5206
P003	3	197928279	-0.0454	0.4906
P003	3	197924746	0.0067	0.5172
P003	4	40704444	0.5698	0.3765
P003	4	18217007	0.4932	0.6557
P003	4	41013319	0.5295	0.3531
P003	4	28502971	0.4512	0.6417
P003	4	59493220	-0.3379	0.6149
P003	4	55434482	-0.3589	0.6114
P003	4	73510789	-0.3387	0.3384
P003	4	55445220	-0.366	0.6292
P003	4	90022376	-0.0063	0.5139
P003	4	96411756	0.1561	0.509
P003	4	73641925	-0.0426	0.5059
P003	4	101790823	0.0154	0.5152
P003	4	112976697	0.0035	0.4964
P003	4	113035773	0.0176	0.4929
P003	4	112857562	0.0684	0.4859
P003	4	113099940	0.0784	0.4822
P003	4	115069359	0.054	0.4894
P003	4	117548744	-0.0267	0.5054
P003	4	114573993	-0.0243	0.488
P003	4	117987270	-0.0426	0.5
P003	4	122639469	0.2758	0.5838
P003	4	123742265	0.2529	0.4025
P003	4	124174534	0.2367	0.4078
P003	4	124048810	0.2456	0.4383
P003	4	134771520	-0.0384	0.5123
P003	4	128429556	-0.0821	0.5112
P003	4	144309619	-0.0313	0.5181
P003	4	128524141	-0.0539	0.517
P003	4	156899301	0.0126	0.5074
P003	4	159448990	0.0265	0.5092
P003	4	176703368	0.0068	0.51
P003	4	159033110	0.1006	0.4956
P003	4	190019713	0.0163	0.4993
P003	4	177839196	0.0316	0.498
P003	4	185417815	0.0224	0.5149
P003	4	189718094	0.0471	0.4971
P003	5	2987530	0.046	0.4993
P003	5	1819378	0.016	0.499
P003	5	1987693	0.0169	0.4685
P003	5	4373129	-0.0033	0.5206
P003	5	15855356	0.5347	0.3178
P003	5	5370036	0.4375	0.6284
P003	5	27049646	0.4678	0.3426
P003	5	5803654	0.5256	0.6209
P003	5	34612088	0.0214	0.4903
P003	5	32106156	-0.0415	0.5201
P003	5	31761187	-0.0704	0.4932
P003	5	34904264	0.029	0.4963
P003	5	70384675	0.3187	0.5953
P003	5	87833968	0.2378	0.5945
P003	5	88788951	0.294	0.4315
P003	5	87430168	0.2768	0.4326
P003	5	95320357	-0.0647	0.4962
P003	5	95597501	-0.0581	0.471
P003	5	91805823	-0.0342	0.4809
P003	5	97581521	0.0272	0.5026
P003	5	146532864	-0.3308	0.6359
P003	5	163711864	-0.2987	0.3743
P003	5	143380205	-0.3801	0.6323
P003	5	102718079	-0.3725	0.624
P003	5	171563226	-0.3956	0.3793
P003	5	173210314	-0.3336	0.6674
P003	5	175179132	-0.2755	0.3743
P003	5	167161336	-0.3327	0.6266
P003	6	14474388	-0.3092	0.6346
P003	6	46427440	-0.329	0.6543
P003	6	26296101	-0.4749	0.3679
P003	6	9828611	-0.3948	0.3494
P003	6	66364495	-0.3567	0.3472
P003	6	91716656	-0.3171	0.6519
P003	6	61888365	-0.3139	0.6128
P003	6	103475401	-0.3956	0.6193
P003	6	105893403	0.4924	0.3348
P003	6	114793631	0.4571	0.6608
P003	6	110424239	0.4695	0.352
P003	6	115221530	0.5388	0.6495
P003	6	138120917	-0.0947	0.5109
P003	6	137177616	0.1064	0.5099
P003	6	142380303	-0.1029	0.5113
P003	6	139389418	0.0467	0.5108
P003	6	152997939	0.2351	0.4096
P003	6	149690641	0.2468	0.5741
P003	6	145597028	0.3022	0.4157
P003	6	150788859	0.3582	0.4108
P003	6	156525622	-0.0823	0.5258
P003	6	166919313	0.004	0.4937
P003	6	156450635	0.0413	0.4971
P003	6	158109212	0.0582	0.4866
P003	7	922691	0.2729	0.598
P003	7	10918358	0.2869	0.5657
P003	7	6737745	0.2615	0.4223
P003	7	13773540	0.2716	0.4118
P003	7	16977073	0.0488	0.504
P003	7	24923056	-0.0303	0.4822
P003	7	19460010	0.0039	0.5041
P003	7	16249154	0.0102	0.486
P003	7	64276420	0.0199	0.4777
P003	7	65691489	0.0138	0.4827
P003	7	37544165	0.0312	0.4993
P003	7	59338770	-0.014	0.4815
P003	7	69288272	0.563	0.6499
P003	7	68907967	0.58	0.6512
P003	7	67514103	0.4759	0.6438
P003	7	69362802	0.441	0.6548
P003	7	125050694	0.1283	0.5058
P003	7	112041277	0.0496	0.495
P003	7	124490603	-0.0707	0.4904
P003	7	99685780	0.0288	0.5096
P003	7	133622848	0.0171	0.528
P003	7	127667885	0.0157	0.4994
P003	7	136645420	-0.0027	0.5092
P003	7	128302110	0.043	0.4707
P003	7	150747498	0.0288	0.4959
P003	7	147982614	-0.026	0.4903
P003	7	148107251	-0.0155	0.4806
P003	7	150214910	-0.0165	0.4859
P003	7	155759267	0.3116	0.5857
P003	7	157712712	0.2702	0.4102
P003	7	155475300	0.3365	0.4083
P003	7	155020774	0.2731	0.5826
P003	8	28115930	-0.3578	0.6459
P003	8	29585120	-0.3245	0.3546
P003	8	9200324	-0.348	0.6251
P003	8	28188890	-0.308	0.3699
P003	8	35224579	0.082	0.4781
P003	8	44358764	0.0226	0.498
P003	8	52392619	-0.0366	0.5131
P003	8	43730539	0.0453	0.4993
P003	8	60071816	-0.0942	0.487
P003	8	65888923	-0.0221	0.5198
P003	8	84451578	-0.0353	0.4928
P003	8	94031948	0.0506	0.5109
P003	8	119415145	-0.1151	0.4849
P003	8	129207283	-0.0229	0.4965
P003	8	119602673	0.0081	0.5219
P003	8	119876365	0.0266	0.526
P003	8	136826883	0.2873	0.5658
P003	8	136709701	0.3485	0.5725
P003	8	136872094	0.1499	0.5708
P003	8	137062152	0.2516	0.5931
P003	8	138862796	-0.3832	0.627
P003	8	143238910	-0.3735	0.3475
P003	8	141146254	-0.3803	0.3664
P003	8	141962864	-0.3431	0.3589
P003	9	692706	0.2449	0.775
P003	9	13611445	0.2408	0.2315
P003	9	42159428	0.272	0.7763
P003	9	1406711	0.2	0.7571
P003	9	91141774	0.0057	0.4865
P003	9	91554712	0.0064	0.4827
P003	9	92246312	0.0073	0.5226
P003	9	92924254	0.0004	0.4921
P003	9	98203968	0.0038	0.5255
P003	9	100358060	-0.0338	0.4829
P003	9	100382026	0.0473	0.4997
P003	9	96943999	0.0018	0.4979
P003	9	104568326	-0.0096	0.4898
P003	9	102579092	0.0262	0.5222
P003	9	101425072	0.022	0.4893
P003	9	103809586	0.0316	0.4944
P003	9	109887330	-0.3056	0.6064
P003	9	126887732	-0.2981	0.6226
P003	9	124372501	-0.4283	0.6232
P003	9	129935274	-0.2572	0.3606
P003	10	3403615	0.2429	0.4235
P003	10	1486636	0.2933	0.5779
P003	10	6015395	0.2455	0.3975
P003	10	3280184	0.2981	0.4018
P003	10	14603911	-0.0222	0.4773
P003	10	13751802	-0.0457	0.4867
P003	10	38358857	0.0185	0.4892
P003	10	38851815	-0.0928	0.4901
P003	10	49242610	0.2337	0.6026
P003	10	53163246	0.2607	0.5898
P003	10	56795332	0.2456	0.5794
P003	10	57807700	0.3443	0.6102
P003	10	59164693	-0.4214	0.6462
P003	10	58775724	-0.3091	0.6628
P003	10	58256837	-0.3563	0.3827
P003	10	58271728	-0.258	0.6416
P003	10	64827001	-0.0056	0.4628
P003	10	60012632	-0.0048	0.5286
P003	10	61153478	-0.028	0.5038
P003	10	66013913	-0.0438	0.5191
P003	10	93495902	0.0357	0.4766
P003	10	92794771	-0.0898	0.4893
P003	10	101765006	0.0076	0.5123
P003	10	83817782	-0.018	0.5332
P003	10	107925509	-0.0343	0.5003
P003	10	114262773	0.0352	0.4739
P003	10	107091522	-0.0826	0.4979
P003	10	106551100	0.0891	0.475
P003	10	126784371	-0.0196	0.526
P003	10	125764976	0.0066	0.5025
P003	10	133691115	-0.0157	0.5174
P003	10	133474219	-0.0096	0.5012
P003	10	135352927	-0.0096	0.5249
P003	10	135194238	0.028	0.4972
P003	10	135522855	0.0159	0.5172
P003	10	135410882	-0.0084	0.4956
P003	11	11017154	0.0598	0.5014
P003	11	3270981	-0.0162	0.5046
P003	11	9738461	-0.0467	0.5146
P003	11	1969297	-0.0694	0.5084
P003	11	20396250	0.0739	0.4812
P003	11	13253251	-0.0244	0.4772
P003	11	26283418	0.057	0.4948
P003	11	13740590	-0.063	0.5046
P003	11	54563203	-0.3515	0.6504
P003	11	45927798	-0.2621	0.3612
P003	11	46370544	-0.3397	0.3863
P003	11	50417300	-0.3832	0.3624
P003	11	88386625	-0.0306	0.4721
P003	11	70990885	0.0096	0.5176
P003	11	63395822	-0.0052	0.4969
P003	11	63024940	-0.0479	0.4952
P003	11	127046028	0.029	0.483
P003	11	119557070	-0.0502	0.5283
P003	11	122549747	-0.0534	0.5064
P003	11	112146873	0.016	0.4996
P003	12	412866	-0.0374	0.5222
P003	12	634344	-0.0141	0.5002
P003	12	237862	0.0502	0.525
P003	12	832893	0.0801	0.4937
P003	12	1847157	-0.0093	0.5064
P003	12	16933849	-0.0669	0.4858
P003	12	5326452	-0.0367	0.481
P003	12	1222248	0.0555	0.4776
P003	12	27707799	0.0199	0.7254
P003	12	22728418	0.0494	0.7166
P003	12	21997921	-0.0763	0.6887
P003	12	25493192	0.0209	0.7037
P003	12	47910395	0.3614	0.3956
P003	12	36868693	0.3113	0.6165
P003	12	43975434	0.1935	0.404
P003	12	47827460	0.2959	0.5881
P003	12	61068739	0.0866	0.5179
P003	12	73771960	-0.0213	0.5015
P003	12	60098765	-0.054	0.5136
P003	12	69336003	0.0319	0.4947
P003	12	85431496	0.0079	0.4906
P003	12	81629492	-0.0295	0.5333
P003	12	80432274	0.0256	0.5079
P003	12	87829543	-0.0419	0.5064
P003	12	104912676	-0.0012	0.486
P003	12	100857917	0.0424	0.5058
P003	12	97021801	0.0843	0.514
P003	12	89559609	-0.0228	0.5045
P003	12	124681186	0.0322	0.4882
P003	12	118596913	-0.0282	0.4918
P003	12	126888415	-0.0211	0.502
P003	12	119901321	0.0437	0.5113
P003	13	18605225	-0.3693	0.3432
P003	13	23978284	-0.3087	0.6257
P003	13	18990075	-0.3273	0.3488
P003	13	8039695	-0.346	0.622
P003	13	34526381	-0.0549	0.4896
P003	13	34694901	-0.0402	0.4909
P003	13	40179094	0.0331	0.5019
P003	13	51072671	-0.0239	0.4924
P003	13	77161811	0.4912	0.6391
P003	13	75899434	0.551	0.647
P003	13	61279272	0.4875	0.3435
P003	13	70987671	0.5183	0.3732
P003	13	88521491	-0.0024	0.4708
P003	13	79617720	-0.0323	0.5083
P003	13	85358235	-0.0061	0.4934
P003	13	83927697	-0.0569	0.5131
P003	13	105062765	-0.043	0.5097
P003	13	95265742	-0.0326	0.5038
P003	13	101535108	-0.0248	0.4836
P003	13	104371860	0.0055	0.4961
P003	14	5940917	-0.3154	0.633
P003	14	10109242	-0.3651	0.3882
P003	14	21941	-0.3153	0.3438
P003	14	1067745	-0.3481	0.6602
P003	14	15733230	-0.0247	0.5421
P003	14	25192878	-0.0376	0.4829
P003	14	12143463	0.0262	0.5225
P003	14	30508904	-0.0087	0.5072
P003	14	34130128	-0.2848	0.3673
P003	14	36367386	-0.3524	0.6353
P003	14	33831485	-0.3621	0.3662
P003	14	33270883	-0.3778	0.6268
P003	14	44471466	-0.3416	0.6547
P003	14	37438655	-0.4073	0.6309
P003	14	37604539	-0.3903	0.6605
P003	14	41201616	-0.3423	0.3603
P003	14	46641596	-0.3173	0.6391
P003	14	46458576	-0.3433	0.3822
P003	14	47387936	-0.366	0.3496
P003	14	47089386	-0.3524	0.6367
P003	14	52276526	-0.0047	0.4713
P003	14	52046129	-0.0073	0.5038
P003	14	56430671	-0.0065	0.5218
P003	14	52793071	0.0083	0.5202
P003	14	74923019	0.0789	0.4965
P003	14	68866252	0.0195	0.4986
P003	14	74837337	0.0495	0.5062
P003	14	70825742	-0.0195	0.5137
P003	14	83998385	-0.0215	0.4981
P003	14	91463463	-0.0517	0.509
P003	14	83964497	-0.0585	0.4966
P003	14	86504574	-0.0036	0.5082
P003	14	95837878	0.2701	0.5736
P003	14	95832045	0.304	0.5839
P003	14	104039740	0.3099	0.5894
P003	14	95028917	0.3002	0.4116
P003	15	6326317	0.2277	0.5958
P003	15	4238656	0.3152	0.4171
P003	15	451343	0.2874	0.5804
P003	15	5231738	0.2498	0.5838
P003	15	16330915	0.0023	0.5212
P003	15	11817231	0.0048	0.5117
P003	15	13018443	0.0041	0.5305
P003	15	10219421	0.084	0.4905
P003	15	29445465	-0.0127	0.4798
P003	15	24473970	-0.1284	0.5005
P003	15	27021874	-0.0032	0.5076
P003	15	19236552	-0.0153	0.4931
P003	15	64309686	-0.0954	0.4755
P003	15	65785526	0.018	0.5013
P003	15	44151809	0.0431	0.5253
P003	15	45900852	0.023	0.4997
P003	15	69207979	-0.0101	0.5056
P003	15	69101981	0.1074	0.4882
P003	15	69523213	-0.0042	0.4778
P003	15	69827208	0.0782	0.4806
P003	15	70504352	0.4801	0.6338
P003	15	70662286	0.5821	0.362
P003	15	70564126	0.5036	0.6501
P003	15	70174469	0.4523	0.6375
P003	15	70954170	-0.3111	0.6528
P003	15	70905194	-0.3187	0.3629
P003	15	70832101	-0.3334	0.6197
P003	15	70939071	-0.3745	0.6501
P003	15	75526619	0.4016	0.5856
P003	15	77537945	0.3028	0.4151
P003	15	73732639	0.2859	0.5819
P003	15	90905268	0.2814	0.5869
P003	15	92310099	0.5779	0.3385
P003	15	93759616	0.5273	0.6523
P003	15	94318358	0.5292	0.6592
P003	15	102524685	0.5315	0.3346
P003	16	1405098	0.3258	0.6054
P003	16	5262745	0.3112	0.5833
P003	16	4045599	0.2371	0.5795
P003	16	5189719	0.2609	0.5794
P003	16	9848471	-0.3308	0.6125
P003	16	10625078	-0.3082	0.6392
P003	16	14302263	-0.3452	0.6345
P003	16	10074360	-0.3068	0.3627
P003	16	26755640	0.2423	0.4121
P003	16	29464801	0.233	0.5536
P003	16	36763978	0.1276	0.4037
P003	16	29087617	0.1974	0.4096
P003	16	61481712	0.4619	0.3555
P003	16	63821442	0.5037	0.3537
P003	16	64447913	0.4661	0.3618
P003	16	62352421	0.4637	0.6607
P003	16	74135304	-0.3153	0.3601
P003	16	79217722	-0.3508	0.3805
P003	16	78907299	-0.3061	0.3713
P003	16	78067206	-0.3574	0.649
P003	17	239254	0.0226	0.5149
P003	17	890239	-0.0277	0.5048
P003	17	991219	0.005	0.5417
P003	17	220423	0.0087	0.4974
P003	17	9561369	-0.3031	0.3533
P003	17	5696771	-0.3961	0.6246
P003	17	1580490	-0.3661	0.6394
P003	17	9455204	-0.3278	0.6249
P003	17	16159892	0.0131	0.4919
P003	17	28040002	0.0666	0.5038
P003	17	21824838	0.0397	0.5131
P003	17	24223843	-0.0367	0.487
P003	17	30295616	0.0464	0.4874
P003	17	30780016	0.051	0.4827
P003	17	31728729	0.037	0.4938
P003	17	28862330	0.063	0.5127
P003	17	39357978	-0.3231	0.6512
P003	17	34001700	-0.323	0.3708
P003	17	34506937	-0.4274	0.3687
P003	17	33815641	-0.3535	0.6249
P003	17	68561304	0.2746	0.5924
P003	17	65209549	0.3128	0.5832
P003	17	61767380	0.2804	0.5698
P003	17	67883516	0.2639	0.3969
P003	18	14914406	0.2725	0.5716
P003	18	16622259	0.377	0.4203
P003	18	10522273	0.2753	0.4227
P003	18	29365496	0.3263	0.4336
P003	18	35483479	0.0014	0.5087
P003	18	41350425	0.0298	0.4936
P003	18	37209781	-0.0698	0.5029
P003	18	42490638	-0.01	0.48
P003	18	53274570	-0.0405	0.4909
P003	18	51172183	0.015	0.514
P003	18	50772540	0.0448	0.5049
P003	18	53704750	-0.0074	0.5221
P003	18	62881961	0.4879	0.6296
P003	18	58289449	0.5386	0.6295
P003	18	57819786	0.5149	0.3417
P003	18	60556374	0.4588	0.635
P003	18	69685620	-0.011	0.4913
P003	18	73851649	-0.0628	0.5079
P003	18	65058403	0.0039	0.4853
P003	18	69291784	0.0633	0.4827
P003	18	75590843	0.2245	0.5959
P003	18	75632607	0.3435	0.5945
P003	18	75588842	0.2834	0.4222
P003	18	75620633	0.2278	0.5869
P003	18	77845477	0.0567	0.2983
P003	18	77361035	-0.0725	0.7318
P003	18	76117979	0.035	0.2992
P003	18	76958807	-0.0298	0.7381
P003	19	627115	-0.3097	0.6502
P003	19	14662453	-0.3688	0.3644
P003	19	141355	-0.3024	0.3881
P003	19	3222778	-0.3108	0.4016
P003	19	18587416	-0.3017	0.6373
P003	19	16671289	-0.2978	0.6484
P003	19	16358688	-0.4114	0.6345
P003	19	17493413	-0.457	0.366
P003	19	21522602	-0.815	0.4809
P003	19	20507991	-0.7389	0.5058
P003	19	21371701	-0.8126	0.4968
P003	19	21053988	-0.7891	0.5066
P003	19	22409030	0.2844	0.4159
P003	19	25167352	0.2107	0.6007
P003	19	22869574	0.2401	0.5705
P003	19	21858849	0.2256	0.5959
P003	19	29272164	0.0499	0.5038
P003	19	31236858	0.0349	0.5107
P003	19	31150417	-0.0202	0.4959
P003	19	28274740	-0.0123	0.5045
P003	19	32392839	-0.4351	0.6536
P003	19	54997114	-0.3015	0.6539
P003	19	46279173	-0.297	0.6415
P003	19	39733550	-0.3386	0.6276
P003	19	58949900	0.0518	0.5038
P003	19	58763275	0.0026	0.504
P003	19	58973138	-0.0164	0.4865
P003	19	58908949	-0.0877	0.5078
P003	20	5371371	-0.373	0.6422
P003	20	2140964	-0.4024	0.6272
P003	20	1211369	-0.3668	0.3675
P003	20	5696962	-0.2964	0.3816
P003	20	6218174	0.2798	0.4223
P003	20	6294865	0.265	0.596
P003	20	6227410	0.2049	0.5682
P003	20	6213291	0.3021	0.4187
P003	20	12663223	0.0178	0.5085
P003	20	10638910	-0.0362	0.4984
P003	20	10886652	-0.0384	0.4843
P003	20	10058089	0.0179	0.4919
P003	20	17134469	-0.0297	0.2533
P003	20	14383056	-0.0259	0.2666
P003	20	14563794	0.0746	0.2928
P003	20	19351823	-0.037	0.7223
P003	20	26040980	0.2588	0.584
P003	20	23435029	0.2949	0.5851
P003	20	28624900	0.2838	0.5709
P003	20	23688255	0.3055	0.4045
P003	20	34655511	0.2519	0.584
P003	20	46201837	0.2449	0.4003
P003	20	36609247	0.1889	0.5914
P003	20	37335050	0.3118	0.3835
P003	20	47900090	-0.0409	0.4833
P003	20	48227371	-0.012	0.5113
P003	20	47328313	0.0643	0.495
P003	20	48697263	-0.0027	0.4739
P003	20	53953584	0.263	0.4234
P003	20	61733703	0.3369	0.4055
P003	20	57170103	0.2817	0.5779
P003	20	57550244	0.2215	0.4229
P003	21	286157	-0.3443	0.3596
P003	21	12132	-0.344	0.6397
P003	21	59010	-0.3901	0.3739
P003	21	189261	-0.4117	0.3719
P003	21	936123	0.3499	0.5932
P003	21	1640902	0.2139	0.6162
P003	21	657284	0.276	0.5803
P003	21	866485	0.2779	0.5714
P003	21	4541732	-0.3238	0.3805
P003	21	4232513	-0.3625	0.3766
P003	21	4855707	-0.2754	0.3609
P003	21	3407416	-0.3809	0.6448
P003	21	11386379	-0.3718	0.3859
P003	21	8967153	-0.3447	0.627
P003	21	6058370	-0.316	0.3584
P003	21	12737717	-0.3849	0.3746
P003	21	15073836	0.3183	0.4033
P003	21	14816093	0.2206	0.4146
P003	21	13452427	0.1877	0.5486
P003	21	13824033	0.2793	0.3996
P003	21	17895823	-0.0273	0.5005
P003	21	20276337	0.0743	0.4905
P003	21	21166735	0.0383	0.4833
P003	21	18306993	0.0243	0.5046
P003	21	29768103	0.0407	0.5021
P003	21	32867777	0.0216	0.4851
P003	21	25966649	0.0209	0.5005
P003	21	24138691	-0.0259	0.4975
P003	21	42018798	0.4565	0.3455
P003	21	35343169	0.527	0.6628
P003	21	40893621	0.5136	0.6488
P003	21	36213658	0.5005	0.6405
P003	21	44052697	-0.0405	0.5045
P003	21	47480431	-0.0674	0.4807
P003	21	44622858	-0.0507	0.4889
P003	21	47558723	0.0436	0.4892
P003	22	1942105	-0.316	0.6202
P003	22	5835533	-0.382	0.3962
P003	22	194370	-0.3692	0.6409
P003	22	2177618	-0.3425	0.6427
P003	22	11282688	0.0873	0.4856
P003	22	17012423	-0.0169	0.5008
P003	22	13336805	-0.0159	0.5104
P003	22	16066136	-0.0285	0.499
P003	22	31409644	-0.0121	0.4966
P003	22	37092034	0.0425	0.5033
P003	22	22448419	-0.0114	0.4851
P003	22	23681852	0.006	0.5038
P003	22	43420336	0.3216	0.3857
P003	22	43375392	0.2738	0.5765
P003	22	43280534	0.3134	0.5846
P003	22	43178312	0.2364	0.6042
P003	22	44672321	-0.3566	0.6289
P003	22	43634163	-0.3329	0.6194
P003	22	44749471	-0.3714	0.3573
P003	22	44681186	-0.3327	0.6293
P003	22	48426444	-0.0089	0.5194
P003	22	45769037	-0.0902	0.528
P003	22	45971489	0.0257	0.5138
P003	22	49389574	-0.0382	0.5217
P003	X	1194572	-0.3931	0.6205
P003	X	3992066	-0.2631	0.3791
P003	X	2180871	-0.3321	0.355
P003	X	4030969	-0.3386	0.3556
P003	X	20421567	0.0516	0.4837
P003	X	15806832	-0.0292	0.4758
P003	X	16042936	0.0213	0.4983
P003	X	20508004	0.0297	0.5081
P003	X	33382243	-0.0247	0.5238
P003	X	26759771	0.0387	0.5049
P003	X	29930166	0.0353	0.4932
P003	X	30147840	-0.0036	0.4985
P003	X	81956776	0.0353	0.4902
P003	X	74459852	-0.0697	0.5186
P003	X	46854093	-0.0322	0.5055
P003	X	40131589	-0.0298	0.4776
P003	X	104250484	-0.1267	0.5145
P003	X	108837868	0.0017	0.5069
P003	X	104043508	0.0055	0.4872
P003	X	111003751	0.0207	0.5095
P003	X	118593333	0.2819	0.4054
P003	X	116431118	0.2974	0.4013
P003	X	126709368	0.2564	0.4075
P003	X	114579731	0.2303	0.5744
P003	X	149143959	-0.0318	0.4877
P003	X	148347650	-0.031	0.5112
P003	X	147002209	0.0229	0.5152
P003	X	137452849	0.0259	0.4988
P003	Y	9853733	-0.7956	0.4839
P003	Y	1067165	-0.7857	0.502
P003	Y	9053972	-0.9063	0.5052
P003	Y	6143702	-0.7672	0.4971
P003	Y	17967418	-0.7487	0.4981
P003	Y	13178043	-0.8293	0.4935
P003	Y	42124676	-0.8467	0.5045
P003	Y	19016018	-0.8739	0.5025
P003	Y	51329785	-0.8412	0.5032
P003	Y	50764513	-0.8277	0.511
P003	Y	51169336	-0.8487	0.5155
P003	Y	51106063	-0.7447	0.4934
P003	Y	51785753	-0.7566	0.4898
P003	Y	56523368	-0.8118	0.5072
P003	Y	56492336	-0.7983	0.5098
P003	Y	51907888	-0.8029	0.5093
P003	Y	58933562	-0.8192	0.5258
P003	Y	58786500	-0.8071	0.4941
P003	Y	58944193	-0.8113	0.4874
P003	Y	58624698	-0.8274	0.4927
P004	1	20458880	0.0015	0.4892
P004	1	20829256	-0.0337	0.4891
P004	1	17246397	-0.0263	0.4816
P004	1	253624	-0.0239	0.4974
P004	1	50016788	-0.9003	0.0574
P004	1	41650740	-0.8996	0.9198
P004	1	73708637	-0.9901	0.0409
P004	1	45536883	-0.9083	0.933
P004	1	90659351	0.0132	0.4827
P004	1	86490097	-0.0286	0.4976
P004	1	90741283	0.0346	0.5048
P004	1	77485439	0.042	0.5169
P004	1	137848868	0.018	0.4876
P004	1	98968382	0.022	0.5196
P004	1	128459573	0.0475	0.527
P004	1	117285622	0.0215	0.5029
P004	1	146268436	0.5771	0.6548
P004	1	146937685	0.6017	0.6832
P004	1	146769710	0.4748	0.3413
P004	1	146647105	0.626	0.3284
P004	1	188358270	-0.0534	0.5065
P004	1	230159368	0.0192	0.5206
P004	1	179913842	-0.0167	0.4792
P004	1	247195709	0.0129	0.4814
P004	2	9595022	0.0567	0.5154
P004	2	6570624	-0.0072	0.4888
P004	2	11875716	-0.0706	0.5047
P004	2	5237953	-0.0284	0.489
P004	2	19862269	-0.0236	0.5098
P004	2	52962807	0.04	0.5004
P004	2	32737135	-0.0226	0.492
P004	2	54182399	-0.0199	0.4843
P004	2	79234052	0.9541	0.2808
P004	2	112945491	0.9734	0.2875
P004	2	110611313	0.9989	0.7468
P004	2	70312000	0.9021	0.2589
P004	2	127768337	1.0139	0.7393
P004	2	134567840	0.8801	0.2824
P004	2	123721550	0.9451	0.7331
P004	2	144262092	0.9261	0.2425
P004	2	157382102	-0.0591	0.5116
P004	2	153312170	0.0246	0.497
P004	2	163966862	-0.0417	0.4914
P004	2	157219937	0.0726	0.481
P004	2	184019112	0.0801	0.5025
P004	2	175784091	-0.0214	0.4995
P004	2	171622762	-0.0281	0.496
P004	2	183792613	0.0196	0.5061
P004	2	190818545	0.0081	0.5147
P004	2	191563609	-0.0277	0.4957
P004	2	201237551	0.0296	0.5102
P004	2	190856876	-0.0014	0.487
P004	2	218428667	-0.0497	0.4984
P004	2	208154025	-0.0085	0.5071
P004	2	218514949	-0.0029	0.5041
P004	2	223278075	-0.0063	0.4926
P004	3	31625006	0.0063	0.4962
P004	3	29728295	0.0225	0.4957
P004	3	4596074	-0.0196	0.5116
P004	3	31368942	-0.0057	0.5017
P004	3	51624540	0.9151	0.7431
P004	3	60778485	0.8718	0.7399
P004	3	69943759	0.9109	0.2409
P004	3	59855119	0.9539	0.2873
P004	3	83160238	0.0379	0.4711
P004	3	96255350	-0.02	0.5258
P004	3	94570279	-0.0618	0.4907
P004	3	80206990	-0.0174	0.5085
P004	3	121753208	-0.9493	0.0552
P004	3	122431535	-0.8407	0.9342
P004	3	120395191	-0.9615	0.0757
P004	3	116026143	-0.9486	0.9444
P004	3	148068496	0.0043	0.5076
P004	3	127834621	-0.007	0.4839
P004	3	132777388	0.1184	0.514
P004	3	147360462	-0.0325	0.495
P004	3	184459556	-0.02	0.5086
P004	3	170201396	0.0008	0.5207
P004	3	177899132	-0.037	0.4915
P004	3	181539456	-0.0433	0.5174
P004	3	189924549	0.5019	0.6511
P004	3	192589958	0.5727	0.321
P004	3	189761933	0.558	0.3227
P004	3	189889252	0.5667	0.6405
P004	4	12512542	0.8962	0.7741
P004	4	6416904	0.9865	0.2566
P004	4	6017270	0.9384	0.7533
P004	4	16506602	0.9525	0.7332
P004	4	21012455	-0.8647	0.0492
P004	4	20655005	-0.9622	0.0761
P004	4	22387262	-0.9241	0.9227
P004	4	20360760	-0.8463	0.9434
P004	4	46859489	-0.0467	0.5024
P004	4	26340711	-0.0014	0.5041
P004	4	55955441	0.0042	0.4581
P004	4	67800243	0.0467	0.502
P004	4	108003071	-0.0218	0.5106
P004	4	109561772	0.0571	0.4958
P004	4	105001244	-0.0363	0.4936
P004	4	87015716	0.0371	0.4914
P004	4	128474631	-0.0004	0.4725
P004	4	125888052	0.0283	0.5138
P004	4	133047957	-0.0442	0.5159
P004	4	131476208	-0.0413	0.5007
P004	4	141799788	-0.0095	0.5221
P004	4	165576440	-0.0189	0.5055
P004	4	148137046	-0.0274	0.4966
P004	4	149450369	-0.0034	0.5029
P004	4	184075014	-0.0017	0.4916
P004	4	178673505	-0.0046	0.5009
P004	4	176724158	-0.0158	0.5019
P004	4	174144027	-0.014	0.5023
P004	5	277551	-0.0064	0.5203
P004	5	107168	0.0023	0.4882
P004	5	100457	-0.011	0.5008
P004	5	150867	-0.0993	0.5038
P004	5	9533634	0.0085	0.5004
P004	5	27660496	-0.0073	0.5069
P004	5	31294183	0.067	0.5146
P004	5	5540903	-0.0183	0.5118
P004	5	42104463	-0.9444	0.0636
P004	5	44459390	-0.915	0.9144
P004	5	44833081	-0.8789	0.0741
P004	5	45080990	-0.8501	0.9337
P004	5	73736269	0.4715	0.6663
P004	5	65867749	0.5965	0.3654
P004	5	73422763	0.5269	0.3724
P004	5	63630279	0.5568	0.6676
P004	5	78775293	0.4985	0.3476
P004	5	78408987	0.5124	0.3508
P004	5	76816034	0.4855	0.6657
P004	5	81599650	0.5134	0.3374
P004	5	119259465	0.5439	0.3525
P004	5	118940420	0.5752	0.3426
P004	5	101066089	0.5943	0.6754
P004	5	124902311	0.5135	0.6384
P004	5	134899449	-0.0615	0.4964
P004	5	136155461	0.0179	0.4971
P004	5	135306698	-0.0085	0.4913
P004	5	135297081	0.0521	0.502
P004	5	152401183	0.4995	0.6433
P004	5	156652526	0.5837	0.647
P004	5	152371756	0.6407	0.3343
P004	5	158319721	0.5828	0.3674
P004	6	15207423	-0.0303	0.4934
P004	6	16322943	0.0736	0.4981
P004	6	13016552	0.0324	0.4882
P004	6	2246586	-0.0015	0.5077
P004	6	24746532	0.5302	0.6389
P004	6	24357205	0.5584	0.3196
P004	6	22663163	0.6094	0.6611
P004	6	21724064	0.5524	0.3473
P004	6	26515187	0.0016	0.4951
P004	6	38258980	-0.0074	0.5045
P004	6	36327995	0.0153	0.4931
P004	6	29662323	-0.016	0.5025
P004	6	54614641	0.0087	0.4737
P004	6	75426410	-0.0171	0.5092
P004	6	63491056	0.0009	0.4894
P004	6	66708394	0.0078	0.5049
P004	6	81382809	0.0693	0.5165
P004	6	80749901	0.0273	0.4705
P004	6	103308518	-0.0571	0.4896
P004	6	97792255	-0.0478	0.5223
P004	6	145049473	0.9584	0.2662
P004	6	121864694	0.9956	0.2537
P004	6	141488919	0.9518	0.7071
P004	6	138402429	0.9818	0.7416
P004	6	167142438	0.0609	0.4967
P004	6	149686312	-0.0539	0.4919
P004	6	150597488	0.0131	0.4931
P004	6	163093850	0.0494	0.4995
P004	6	168993216	0.019	0.4928
P004	6	169708313	0.0127	0.5233
P004	6	168550601	0.0324	0.4845
P004	6	167680927	-0.0374	0.497
P004	7	17174091	-0.0677	0.4937
P004	7	16951001	0.0374	0.51
P004	7	16783064	0.008	0.4954
P004	7	23051892	-0.0232	0.4814
P004	7	26441611	-0.0543	0.4908
P004	7	31172553	0.013	0.4901
P004	7	31354220	-0.0456	0.5072
P004	7	26311561	0.0233	0.5016
P004	7	37659816	0.0587	0.5075
P004	7	58824398	0.0025	0.4865
P004	7	82905459	-0.0053	0.4824
P004	7	47489192	-0.0718	0.4979
P004	7	95025382	0.0133	0.521
P004	7	94965770	0.0079	0.4901
P004	7	95225812	-0.0162	0.4931
P004	7	95431711	-0.0639	0.4851
P004	7	95585831	0.016	0.4929
P004	7	114672917	0.0562	0.4803
P004	7	98383216	0.0178	0.5261
P004	7	115027730	-0.0142	0.5147
P004	7	128588901	-0.0307	0.5007
P004	7	126118786	0.0185	0.4859
P004	7	132025363	-0.0647	0.5062
P004	7	132005540	-0.0063	0.4979
P004	8	34227564	0.9796	0.7423
P004	8	14718934	0.9116	0.7345
P004	8	17626968	0.862	0.2555
P004	8	42834115	0.9337	0.7059
P004	8	54158238	-0.0009	0.4889
P004	8	55977562	-0.0943	0.5002
P004	8	56433651	-0.017	0.5009
P004	8	57132366	0.0113	0.5066
P004	8	65892646	-0.9038	0.0751
P004	8	68252299	-0.8616	0.0518
P004	8	72240297	-0.9275	0.0505
P004	8	78130431	-0.8164	0.066
P004	8	87480504	0.1194	0.4893
P004	8	96009885	0.1164	0.5117
P004	8	80252321	0.049	0.4943
P004	8	85166743	0.0159	0.4762
P004	8	128307667	0.0047	0.5246
P004	8	141148469	-0.0005	0.515
P004	8	137067938	0.0256	0.5176
P004	8	144145976	0.0589	0.4867
P004	9	20344127	-0.0491	0.4853
P004	9	11192924	-0.0251	0.491
P004	9	14262119	0.0146	0.5102
P004	9	292216	-0.0329	0.5096
P004	9	49337301	0.0924	0.4748
P004	9	79417416	0.0509	0.5197
P004	9	28753184	0.0152	0.4996
P004	9	69364333	-0.0017	0.5125
P004	9	102845870	-0.8566	0.934
P004	9	101103642	-0.9083	0.9263
P004	9	95027448	-0.914	0.041
P004	9	100383824	-0.7846	0.0674
P004	9	135655381	0.5364	0.6711
P004	9	110836723	0.5387	0.3344
P004	9	122604140	0.4968	0.6688
P004	9	119101223	0.56	0.6575
P004	9	139511273	0.0252	0.9807
P004	9	139807801	-0.0584	0.0246
P004	9	140413174	-0.0589	1
P004	9	139374246	0.0061	0.9826
P004	10	8093048	0.5974	0.345
P004	10	5370164	0.5982	0.6395
P004	10	6831232	0.592	0.3406
P004	10	15042936	0.5301	0.6455
P004	10	22844773	0.0457	0.4858
P004	10	17667405	-0.0275	0.5051
P004	10	17667681	-0.0717	0.4966
P004	10	18293471	-0.0045	0.4884
P004	10	41576423	-0.1326	0.5178
P004	10	37072631	0.001	0.4831
P004	10	40735195	-0.0108	0.4981
P004	10	55021809	-0.0106	0.4937
P004	10	89364376	0.914	0.2475
P004	10	90579957	1.0388	0.2575
P004	10	73357262	0.9936	0.2501
P004	10	71397019	0.8953	0.7192
P004	10	119910349	-0.0167	0.0175
P004	10	95566096	-0.0788	0.0377
P004	10	112982107	-0.0139	0.05
P004	10	102636101	-0.0499	0.9677
P004	10	128157106	1.0079	0.2652
P004	10	134858573	0.8555	0.2726
P004	10	134924735	0.9398	0.2592
P004	10	127842567	0.9117	0.7499
P004	11	53431301	-0.0116	0.5105
P004	11	24215875	0.0757	0.5302
P004	11	78209645	-0.009	0.4967
P004	11	17787470	0.0413	0.4994
P004	11	97839730	0.0896	0.4959
P004	11	97424436	0.0019	0.4915
P004	11	98810506	-0.0015	0.4734
P004	11	95909977	-0.0354	0.4896
P004	11	100593762	-3.7705	0.5031
P004	11	100616121	-3.8535	0.5117
P004	11	100651710	-3.7965	0.5093
P004	11	99680826	-3.8431	0.5066
P004	11	101811648	-0.0319	0.4805
P004	11	105826807	-0.0162	0.4948
P004	11	104295415	-0.0084	0.4758
P004	11	105066120	0.0748	0.4883
P004	11	125324436	-0.8934	0.0715
P004	11	126656677	-0.826	0.9428
P004	11	133261534	-0.9464	0.0715
P004	11	128905902	-0.9693	0.0735
P004	12	2805279	0.0967	0.51
P004	12	1195584	-0.0462	0.4865
P004	12	7455458	0.0779	0.5076
P004	12	14512738	-0.0028	0.5
P004	12	19599000	0.8884	0.2463
P004	12	19244145	0.9371	0.2726
P004	12	19341002	0.9134	0.2831
P004	12	19549182	0.9852	0.7353
P004	12	21222239	0.0611	0.5088
P004	12	21236103	-0.0312	0.507
P004	12	20674602	0.0263	0.4905
P004	12	22444545	-0.0043	0.52
P004	12	31162087	0.5786	0.6573
P004	12	31649857	0.5546	0.3303
P004	12	23027338	0.6379	0.38
P004	12	26159604	0.5058	0.6574
P004	12	45935978	-3.7575	0.5091
P004	12	71964339	-3.7367	0.5188
P004	12	88567803	-3.8266	0.5143
P004	12	61288218	-3.7992	0.5106
P004	12	100564537	0.5636	0.6477
P004	12	113494522	0.6152	0.3453
P004	12	115850632	0.5366	0.3427
P004	12	107405446	0.6044	0.6917
P004	12	131170413	-0.0591	0.5044
P004	12	130554041	0.0469	0.5161
P004	12	133178339	0.0024	0.5066
P004	12	127102666	-0.0132	0.487
P004	13	3008246	-0.0808	0.4972
P004	13	2198404	0.0783	0.5155
P004	13	735753	0.107	0.4802
P004	13	612258	-0.0124	0.5095
P004	13	22497483	0.0328	0.5169
P004	13	17490941	-0.0263	0.4898
P004	13	31305137	-0.036	0.4959
P004	13	23834593	0.0532	0.4931
P004	13	52668386	-0.0748	0.4869
P004	13	50280469	-0.0258	0.5176
P004	13	57859943	0.0622	0.4997
P004	13	52980832	0.0229	0.493
P004	13	86521964	0.0042	0.9633
P004	13	71819952	0.0484	0.0349
P004	13	102374528	-0.0208	0.9501
P004	13	74200346	-0.0104	0.0073
P004	14	5994260	-0.013	0.5159
P004	14	2414726	-0.0048	0.4753
P004	14	28979934	-0.0192	0.4982
P004	14	6367109	-0.0928	0.4945
P004	14	36380356	-0.1189	0.4927
P004	14	40900972	-0.0026	0.4896
P004	14	34998819	-0.0986	0.4961
P004	14	37924611	-0.0078	0.5046
P004	14	77071266	-0.065	0.5323
P004	14	65301588	-0.0175	0.5054
P004	14	50864267	0.0398	0.4962
P004	14	87291145	-0.0157	0.4991
P004	14	96727586	-0.8663	0.0801
P004	14	94917262	-0.8899	0.0948
P004	14	91297402	-0.9753	0.9262
P004	14	99441651	-0.9023	0.9477
P004	15	1470190	0.0108	0.0383
P004	15	1791344	-0.074	0.0493
P004	15	746873	0.0159	0.0428
P004	15	938979	0.0151	0.0426
P004	15	8023490	0.027	0.5066
P004	15	6312262	-0.0184	0.4824
P004	15	3330720	-0.0369	0.4993
P004	15	7816898	0.0049	0.5001
P004	15	13077773	0.9668	0.271
P004	15	13000065	0.9726	0.7336
P004	15	41740633	0.8935	0.2445
P004	15	25171005	0.9865	0.7696
P004	15	52991528	-0.0047	0.5238
P004	15	61164554	-0.058	0.506
P004	15	63078922	-0.0291	0.494
P004	15	61115024	0.0158	0.4982
P004	15	70255728	0.012	0.4816
P004	15	69731451	-0.0226	0.5063
P004	15	69572710	-0.0249	0.4896
P004	15	67697922	0.0593	0.508
P004	15	82771218	0.5321	0.3355
P004	15	86293623	0.5438	0.3373
P004	15	73091422	0.5664	0.6742
P004	15	71364873	0.5576	0.6608
P004	15	100180743	-0.0058	0.5127
P004	15	101971416	0.0102	0.5023
P004	15	101390240	-0.0232	0.4819
P004	15	100421814	-0.0076	0.5095
P004	16	9784673	-0.0268	0.5061
P004	16	18605703	-0.0407	0.4805
P004	16	22930011	-0.0457	0.4898
P004	16	16927551	0.0259	0.4916
P004	16	34104264	0.0009	0.4925
P004	16	32559446	-0.0222	0.475
P004	16	33052891	0.0288	0.506
P004	16	34379449	0.0654	0.4835
P004	16	35612953	-0.0147	0.5014
P004	16	37535055	0.0275	0.4979
P004	16	39139500	0.0307	0.5024
P004	16	37353337	0.0036	0.5136
P004	16	44218814	0.5069	0.3433
P004	16	57685463	0.5229	0.6622
P004	16	54699504	0.5252	0.6622
P004	16	47204702	0.5365	0.6716
P004	16	72057847	-0.0151	0.4913
P004	16	77609197	0.0155	0.4919
P004	16	77909098	0.0677	0.52
P004	16	76622431	-0.0808	0.4951
P004	16	82769194	0.9	0.7507
P004	16	83078359	0.8806	0.2555
P004	16	82826845	0.9941	0.7478
P004	16	83704524	0.9835	0.2591
P004	16	83759630	-0.9823	0.9413
P004	16	84209543	-0.8723	0.9209
P004	16	84316335	-0.9543	0.0809
P004	16	83898656	-0.9291	0.0727
P004	16	84804191	0.0069	0.5086
P004	16	85479548	-0.0239	0.4995
P004	16	86095074	-0.0024	0.5061
P004	16	86320322	0.0091	0.5001
P004	16	90236106	0.0132	0.5053
P004	16	87307150	0.0172	0.4991
P004	16	90141868	0.0508	0.5164
P004	16	89685938	-0.0327	0.4894
P004	17	7248627	0.0222	0.4905
P004	17	9691768	-0.0499	0.5082
P004	17	6841983	-0.0196	0.4902
P004	17	4994748	-0.0258	0.505
P004	17	19359961	-0.0782	0.5057
P004	17	30417655	-0.0089	0.4766
P004	17	22013081	0.0158	0.5297
P004	17	22539351	0.023	0.4891
P004	17	38511845	0.9182	0.7363
P004	17	35358310	1.0167	0.2797
P004	17	35168198	0.8853	0.2636
P004	17	34998503	0.9577	0.7235
P004	17	48038445	0.0122	0.4941
P004	17	46642125	-0.0018	0.482
P004	17	40938855	-0.0793	0.5012
P004	17	40914614	-0.0195	0.471
P004	17	52512149	-0.035	0.5128
P004	17	53509110	0.0001	0.4962
P004	17	51154220	-0.0003	0.4663
P004	17	68401125	0.0588	0.4884
P004	17	68477287	0.6022	0.3276
P004	17	68448617	0.5645	0.3368
P004	17	68451589	0.5662	0.3133
P004	17	68495430	0.603	0.676
P004	17	69269320	0.0366	0.4964
P004	17	68510954	0.089	0.5041
P004	17	68531673	0.0019	0.5224
P004	17	69500255	0.0401	0.4849
P004	17	75572196	-0.8944	0.9292
P004	17	71381586	-0.9169	0.07
P004	17	78063513	-0.8892	0.9531
P004	17	79788485	-0.9133	0.9026
P004	18	9337179	-0.938	0.941
P004	18	3368401	-0.893	0.0571
P004	18	9148951	-0.9084	0.0571
P004	18	3020949	-0.8756	0.9184
P004	18	15497394	0.0409	0.5025
P004	18	16623057	0.0402	0.4747
P004	18	16811046	-0.0002	0.5068
P004	18	12385665	0.0115	0.4803
P004	18	34797249	-0.0032	0.5297
P004	18	24430806	-0.1128	0.5263
P004	18	34389463	-0.0044	0.4786
P004	18	27905123	-0.0317	0.4901
P004	18	49470751	-0.9262	0.0547
P004	18	48980396	-0.9138	0.0905
P004	18	48932025	-0.9044	0.0476
P004	18	49325828	-0.9005	0.9408
P004	18	50262474	0.0512	0.5174
P004	18	50000218	-0.004	0.491
P004	18	49844177	0.002	0.5103
P004	18	49908121	0.0285	0.4856
P004	18	57364921	-0.0215	0.4842
P004	18	58665533	-0.0683	0.4876
P004	18	51059794	-0.0474	0.4959
P004	18	58928518	-0.0008	0.4861
P004	18	65420076	-0.0052	0.4969
P004	18	72048718	0.0147	0.5095
P004	18	68827422	-0.0133	0.5133
P004	18	76060899	-0.028	0.4788
P004	19	2934989	-0.007	0.5027
P004	19	759049	0.0001	0.5093
P004	19	727739	-0.0369	0.4903
P004	19	2207339	-0.0491	0.4897
P004	19	3651764	0.0775	0.497
P004	19	3358460	0.0021	0.4999
P004	19	3399687	0.0126	0.4896
P004	19	3562011	0.0157	0.5215
P004	19	22741541	-0.021	0.5164
P004	19	6667288	-0.0178	0.5127
P004	19	7579087	-0.0625	0.4888
P004	19	4050506	0.0288	0.5151
P004	19	26808383	-0.0666	0.5215
P004	19	30783873	0.0583	0.488
P004	19	25972469	0.039	0.4992
P004	19	35347972	-0.0651	0.4905
P004	19	38467791	0.5681	0.653
P004	19	38464695	0.5521	0.3616
P004	19	39212292	0.6315	0.3443
P004	19	38421872	0.5199	0.3544
P004	19	40569189	0.0575	0.4943
P004	19	39430799	-0.0111	0.4919
P004	19	40437038	-0.0332	0.5174
P004	19	40065939	0.0292	0.4986
P004	19	40870880	0.0968	0.4727
P004	19	42096123	-0.1008	0.5081
P004	19	41870949	-0.0259	0.505
P004	19	47893271	-0.0199	0.5087
P004	19	51726410	0.0232	0.4811
P004	19	50013153	-0.0366	0.5002
P004	19	53571350	0.0156	0.4826
P004	19	57106943	-0.0301	0.5035
P004	19	59015315	-0.0273	0.5039
P004	19	58858298	0.0053	0.4993
P004	19	57519176	0.1265	0.4914
P004	19	57700957	0.0682	0.5089
P004	20	1203590	-0.0336	0.494
P004	20	1811577	-0.0174	0.5064
P004	20	340756	0.0314	0.4798
P004	20	1379193	0.0493	0.5417
P004	20	14185687	0.5494	0.6506
P004	20	16415454	0.58	0.3388
P004	20	13392502	0.5444	0.3627
P004	20	19390296	0.5385	0.6633
P004	20	30000536	0.0413	0.508
P004	20	30709585	0.0055	0.5118
P004	20	36504056	0.0106	0.4724
P004	20	31148740	0.0559	0.4975
P004	20	48873601	0.0132	0.5192
P004	20	39946517	-0.0184	0.4811
P004	20	46096252	-0.0344	0.4974
P004	20	46057346	-0.0359	0.5039
P004	20	50065745	-0.9011	0.9467
P004	20	49716238	-0.9728	0.0904
P004	20	50316766	-0.8474	0.0616
P004	20	50294378	-0.9382	0.9198
P004	20	58208889	-0.8805	0.0681
P004	20	52788174	-0.8587	0.9444
P004	20	54769689	-0.9087	0.9166
P004	20	55751664	-0.8753	0.9411
P004	20	59746413	-0.8954	0.9496
P004	20	62047376	-0.8999	0.9279
P004	20	61424204	-0.8456	0.0655
P004	20	59589656	-0.8997	0.9221
P004	21	8091108	0.0302	0.5055
P004	21	1164191	-0.0175	0.5066
P004	21	4388769	-0.0004	0.5023
P004	21	6103515	0.0201	0.5147
P004	21	12016638	0.0578	0.5105
P004	21	18915519	0.0905	0.4971
P004	21	28302496	-0.0467	0.4636
P004	21	14586734	0.0275	0.5044
P004	21	34824309	0.0015	0.4808
P004	21	34484735	0.0739	0.5062
P004	21	35008945	-0.004	0.5111
P004	21	32773867	-0.0681	0.4881
P004	21	46778030	0.0738	0.4961
P004	21	39349474	0.008	0.5141
P004	21	43991061	-0.0321	0.5038
P004	21	42956590	0.0542	0.5085
P004	22	9144776	0.1023	0.5191
P004	22	1156869	0.0001	0.5057
P004	22	8265486	0.0154	0.4946
P004	22	10532455	0.0143	0.5053
P004	22	17871798	-0.0455	0.5211
P004	22	31255728	0.036	0.5117
P004	22	18503068	0.0119	0.4863
P004	22	27307527	0.0094	0.4956
P004	22	36141729	-0.0243	0.514
P004	22	33824970	-0.0141	0.4942
P004	22	36892750	0.0307	0.5065
P004	22	33897203	0.0103	0.4973
P004	22	40036088	-0.0505	0.5128
P004	22	37954111	0.0047	0.5132
P004	22	38895615	0.0646	0.5102
P004	22	40816458	0.0413	0.4889
P004	22	45560466	-0.8711	0.9449
P004	22	45199274	-0.9425	0.0725
P004	22	45244767	-0.8458	0.9279
P004	22	43211404	-0.8724	0.938
P004	22	50076323	0.9186	0.2499
P004	22	49993907	0.9372	0.2577
P004	22	51165875	0.9518	0.7323
P004	22	49191369	0.9185	0.2749
P004	X	7423844	-0.0404	0.4807
P004	X	3518626	0.1002	0.493
P004	X	14154553	0.0092	0.5332
P004	X	4900444	0.0248	0.4683
P004	X	33226283	0.039	0.5127
P004	X	41568065	0.0961	0.5193
P004	X	32478806	-0.0067	0.4783
P004	X	47477969	-0.0465	0.5304
P004	X	64621424	-0.878	0.0621
P004	X	52500920	-0.9065	0.9433
P004	X	64372472	-0.7601	0.9219
P004	X	51659963	-0.9318	0.0828
P004	X	67968342	-0.8972	0.9042
P004	X	68156480	-0.9495	0.9444
P004	X	68301861	-0.9575	0.94
P004	X	68606603	-0.8415	0.0835
P004	X	74898927	0.8808	0.2694
P004	X	90489333	0.9885	0.7501
P004	X	85043079	1.0052	0.7302
P004	X	86840485	0.9608	0.2773
P004	X	93763917	-0.903	0.0971
P004	X	96066371	-0.9686	0.0772
P004	X	93412089	-0.893	0.0649
P004	X	92358253	-0.9521	0.9113
P004	X	127428519	0.0341	0.4964
P004	X	108216832	0.0353	0.485
P004	X	99641705	-0.0648	0.4858
P004	X	126209196	-0.0524	0.5041
P004	X	147018138	0.0142	0.51
P004	X	142225232	0.0152	0.5178
P004	X	140670650	0.0783	0.5036
P004	X	153543835	-0.0034	0.4908
P004	Y	15374676	-3.7714	0.5253
P004	Y	26191837	-3.7906	0.511
P004	Y	26446926	-3.745	0.4977
P004	Y	9167041	-3.7605	0.5216
P004	Y	34025025	-3.7358	0.5008
P004	Y	40487728	-3.7238	0.5093
P004	Y	36993272	-3.8539	0.4874
P004	Y	33286336	-3.7335	0.5001
P004	Y	56857149	-3.7603	0.5106
P004	Y	50474218	-3.7358	0.4775
P004	Y	44031936	-3.7346	0.4871
P004	Y	49444999	-3.7941	0.5067
P004	Y	59303486	-3.784	0.5006
P004	Y	58294869	-3.819	0.5121
P004	Y	59286559	-3.7361	0.505
P004	Y	59118451	-3.8171	0.5069
P005	1	37781094	0.0443	0.4876
P005	1	69072633	-0.0053	0.5083
P005	1	9057183	0.0108	0.5082
P005	1	61964195	-0.0119	0.4961
P005	1	155512977	-0.025	0.5007
P005	1	150007146	0.0184	0.505
P005	1	154479200	-0.0848	0.4969
P005	1	143676625	-0.0289	0.4981
P005	1	172264334	-0.0306	0.498
P005	1	160834682	-0.0748	0.5219
P005	1	166163433	0.0228	0.5086
P005	1	163795728	-0.0235	0.504
P005	1	231317682	-0.893	0.9335
P005	1	208317916	-0.8507	0.0711
P005	1	227253546	-0.9219	0.1055
P005	1	246477029	-0.8194	0.9428
P005	2	11559030	0.0734	0.485
P005	2	3020539	0.0728	0.5232
P005	2	11697934	-0.0515	0.4858
P005	2	767239	0.0213	0.5025
P005	2	37295077	-0.8406	0.9107
P005	2	28380252	-0.8194	0.9019
P005	2	37999786	-0.8044	0.9314
P005	2	40629669	-0.859	0.0782
P005	2	55369920	-0.8223	0.081
P005	2	56849804	-0.8255	0.9048
P005	2	77905383	-0.8654	0.0899
P005	2	82738343	-0.841	0.9251
P005	2	162189297	0.5449	0.0312
P005	2	156358993	0.5176	0.9557
P005	2	164063182	0.5233	0.9639
P005	2	154876221	0.5669	0.0263
P005	2	175622386	0.5444	0.3744
P005	2	173157092	0.5197	0.659
P005	2	177163094	0.6022	0.6374
P005	2	173970121	0.5142	0.3517
P005	2	183700947	0.9723	0.7356
P005	2	183110806	0.9604	0.7412
P005	2	181171871	1.0061	0.2839
P005	2	179837652	0.9215	0.2757
P005	2	191435536	-0.1057	0.5061
P005	2	191670709	0.0025	0.4949
P005	2	191052305	0.0465	0.4898
P005	2	191677656	0.0787	0.4923
P005	2	199664690	0.0388	0.4779
P005	2	220415860	0.0549	0.507
P005	2	236153791	-0.0167	0.503
P005	2	194080815	0.0041	0.5056
P005	3	3532950	-0.8594	0.0912
P005	3	904247	-0.9339	0.0739
P005	3	8908455	-0.9538	0.9173
P005	3	5635020	-0.9222	0.9136
P005	3	17388102	-0.0222	0.0448
P005	3	25965923	0.024	0.9647
P005	3	15468289	0.009	0.949
P005	3	25695569	0.0214	0.0507
P005	3	28882358	-0.0256	0.4982
P005	3	30138100	-0.0517	0.4791
P005	3	30663422	0.0101	0.4898
P005	3	27124722	0.0132	0.5227
P005	3	41099878	0.0677	0.5047
P005	3	47905311	-0.067	0.5118
P005	3	49924564	-0.0761	0.5095
P005	3	31572466	0.1565	0.4854
P005	3	53727781	0.9638	0.7461
P005	3	52263900	0.9474	0.7745
P005	3	52922752	0.9032	0.7461
P005	3	51900996	1.038	0.7285
P005	3	58485843	0.0302	0.4853
P005	3	57124711	0.0523	0.4786
P005	3	60774488	-0.0037	0.4894
P005	3	60809104	-0.0402	0.5004
P005	3	79226201	-0.8813	0.0741
P005	3	68457552	-0.9403	0.0823
P005	3	71836283	-0.9701	0.0904
P005	3	97005248	-0.8831	0.1081
P005	3	132390628	0.5364	0.6713
P005	3	121741035	0.5344	0.3115
P005	3	129127237	0.4732	0.6553
P005	3	119375734	0.4781	0.6354
P005	3	159529035	-0.0235	0.4891
P005	3	165608270	-0.0002	0.4968
P005	3	176643413	-0.0375	0.4966
P005	3	142237079	-0.0126	0.483
P005	4	10377806	0.0347	0.5189
P005	4	6789735	-0.037	0.523
P005	4	8867019	0.0345	0.4795
P005	4	2757405	0.0178	0.5008
P005	4	16782721	0.0762	0.4974
P005	4	13268276	-0.0221	0.5038
P005	4	24342975	-0.023	0.4756
P005	4	20408058	0.028	0.4789
P005	4	48872628	0.9536	0.7667
P005	4	49290910	0.9751	0.247
P005	4	49392101	0.9339	0.7303
P005	4	37608431	1.0302	0.7211
P005	4	87607800	0.622	0.6419
P005	4	62187136	0.6018	0.6559
P005	4	50615584	0.5343	0.6889
P005	4	50111707	0.6226	0.3641
P005	4	118880138	0.0766	0.5098
P005	4	115795617	-0.0253	0.5258
P005	4	120574392	0.0397	0.4851
P005	4	121372443	0.0055	0.5038
P005	4	129625803	0.0844	0.5218
P005	4	124829011	0.0713	0.4882
P005	4	126419497	-0.1108	0.5123
P005	4	129075757	-0.0262	0.5068
P005	4	140902269	0.9778	0.2783
P005	4	153296404	0.9222	0.742
P005	4	148215131	0.9258	0.2837
P005	4	138190477	0.8976	0.2538
P005	4	172196595	0.0227	0.4995
P005	4	170132105	-0.0567	0.5049
P005	4	182848985	-0.0332	0.4944
P005	4	187023919	-0.0733	0.4814
P005	5	4962595	-0.8251	0.0704
P005	5	17009551	-0.8933	0.9085
P005	5	15116157	-0.9268	0.0907
P005	5	11282585	-0.9903	0.0778
P005	5	42364087	-0.005	0.4884
P005	5	20544003	0.0206	0.4946
P005	5	21979640	-0.0054	0.4915
P005	5	31156340	0.0189	0.4985
P005	5	67510567	-0.0146	0.4972
P005	5	74841975	0.0428	0.4843
P005	5	60642176	0.0062	0.5165
P005	5	60603456	-0.0498	0.504
P005	5	99730049	0.0167	0.4839
P005	5	95130210	0.074	0.5027
P005	5	87058934	-0.0096	0.5006
P005	5	92278518	0.0354	0.4991
P005	5	105001378	0.0166	0.9295
P005	5	109696158	0.05	0.0617
P005	5	100600566	0.0158	0.9409
P005	5	108437217	0.0232	0.0233
P005	5	130687566	0.4684	0.6644
P005	5	180624707	0.5201	0.3476
P005	5	162003442	0.5866	0.3402
P005	5	118186984	0.5841	0.653
P005	6	1230053	-0.8903	0.0748
P005	6	8063313	-0.8064	0.0918
P005	6	7865505	-0.9065	0.0834
P005	6	974736	-0.8937	0.0973
P005	6	26381844	-0.0785	0.4937
P005	6	15880699	0.0682	0.4993
P005	6	24061644	0.037	0.4735
P005	6	17726761	0.0235	0.4954
P005	6	46802999	-0.9086	0.0822
P005	6	45815424	-0.8413	0.9103
P005	6	32478735	-0.903	0.0893
P005	6	58374731	-0.8814	0.9153
P005	6	73954870	0.0282	0.4732
P005	6	73399859	-0.0841	0.5025
P005	6	81083844	-0.0011	0.5177
P005	6	68775351	0.002	0.4903
P005	6	82397730	0.4371	0.3372
P005	6	82292853	0.5126	0.3325
P005	6	83159948	0.4381	0.3347
P005	6	83726971	0.4904	0.636
P005	6	90162473	0.5459	0.6534
P005	6	86317790	0.5592	0.3292
P005	6	85985605	0.5418	0.6513
P005	6	87289548	0.5293	0.3614
P005	6	91996862	-0.0588	0.0462
P005	6	91959033	-0.0497	0.9384
P005	6	91938617	-0.0212	0.0498
P005	6	91915961	0.0261	0.9479
P005	6	122414445	-0.0161	0.4868
P005	6	138790293	-0.0316	0.4982
P005	6	105176921	-0.0329	0.468
P005	6	148964387	-0.0107	0.4962
P005	6	159304472	0.5544	0.6506
P005	6	157729128	0.5162	0.6449
P005	6	158167148	0.592	0.6666
P005	6	154878942	0.5556	0.6485
P005	7	7327136	0.4613	0.6516
P005	7	12704297	0.5153	0.3285
P005	7	3213570	0.5374	0.3269
P005	7	3594703	0.4977	0.6513
P005	7	35542976	-0.8916	0.9126
P005	7	26409352	-0.9097	0.0965
P005	7	22773876	-0.862	0.9048
P005	7	32985456	-0.8959	0.917
P005	7	35986438	0.03	0.5031
P005	7	35714918	0.0168	0.5102
P005	7	35743111	-0.0331	0.4868
P005	7	36078144	-0.0831	0.5035
P005	7	36820812	0.0414	0.495
P005	7	36719196	-0.0094	0.4953
P005	7	37962653	0.045	0.4923
P005	7	36781990	0.0086	0.4888
P005	7	40706404	0.5536	0.6552
P005	7	41674909	0.5342	0.6808
P005	7	42317170	0.5337	0.3247
P005	7	42440017	0.5455	0.6421
P005	7	54813780	0.0008	0.5095
P005	7	47611434	0.0641	0.4898
P005	7	48957842	-0.0751	0.4984
P005	7	61432626	0.0802	0.515
P005	7	143235105	-0.0056	0.5039
P005	7	124186388	0.0239	0.5284
P005	7	144468523	0.0018	0.517
P005	7	148009465	0.0507	0.5142
P005	7	153439990	-0.929	0.9091
P005	7	152892386	-0.833	0.0659
P005	7	156302198	-0.8029	0.0832
P005	7	154133221	-0.9374	0.9109
P005	7	157840530	0.5124	0.3266
P005	7	158074456	0.4948	0.654
P005	7	158553332	0.4718	0.686
P005	7	158228481	0.5563	0.6617
P005	8	1599634	0.5576	0.0168
P005	8	182318	0.4863	0.015
P005	8	1598566	0.5243	0.9994
P005	8	1285238	0.5179	0.0514
P005	8	26131157	-0.0096	0.5017
P005	8	3540876	-0.0457	0.4842
P005	8	10569235	-0.0074	0.463
P005	8	13001762	-0.1089	0.4926
P005	8	37253604	0.0417	0.5089
P005	8	53301209	0.0001	0.5273
P005	8	37732466	0.1004	0.5078
P005	8	48329427	0.0159	0.5175
P005	8	90207382	0.0838	0.4785
P005	8	103535739	-0.0349	0.4838
P005	8	102235072	0.095	0.5161
P005	8	114055938	0.0329	0.5099
P005	8	118500100	0.0437	0.5018
P005	8	117997800	-0.0131	0.4945
P005	8	118656360	-0.0362	0.5017
P005	8	117713609	-0.0745	0.4915
P005	8	129968043	0.0334	0.5025
P005	8	125543962	0.0369	0.505
P005	8	131017418	0.0627	0.5148
P005	8	128755810	-0.0204	0.5215
P005	8	146335322	0.1125	0.4823
P005	8	146336563	-0.0057	0.4845
P005	8	146216684	-0.0779	0.4956
P005	8	146201825	0.0469	0.4942
P005	9	12738830	0.5338	0.3617
P005	9	13330615	0.511	0.3597
P005	9	8111184	0.4841	0.3128
P005	9	1718466	0.5366	0.3504
P005	9	20046252	-0.0947	0.4847
P005	9	17374344	0.0256	0.5061
P005	9	18070428	-0.02	0.5005
P005	9	17581658	-0.0012	0.5011
P005	9	49573972	-0.1055	0.5218
P005	9	36661982	-0.0331	0.5107
P005	9	70359948	0.0508	0.4984
P005	9	29537598	-0.0536	0.506
P005	9	85336353	0.1187	0.5
P005	9	87781200	-0.0376	0.4898
P005	9	86115499	-0.0491	0.505
P005	9	84393900	-0.0347	0.4817
P005	9	90233859	-0.9274	0.0704
P005	9	97666856	-0.8078	0.9188
P005	9	99511054	-0.8692	0.9282
P005	9	100802932	-0.8591	0.9139
P005	9	135126783	-0.8573	0.0841
P005	9	135337673	-0.8825	0.0876
P005	9	122815368	-0.8781	0.9062
P005	9	108852886	-0.9037	0.9487
P005	10	4680337	-0.0218	0.5057
P005	10	2233559	0.0661	0.4912
P005	10	4676557	0.0012	0.4839
P005	10	9379205	0.0175	0.5205
P005	10	11258322	-0.9366	0.0773
P005	10	11221290	-0.8723	0.0784
P005	10	10265606	-0.8815	0.0819
P005	10	13552582	-0.896	0.0795
P005	10	20579748	-0.0031	0.4937
P005	10	37547856	-0.0374	0.4996
P005	10	38921828	-0.0054	0.5176
P005	10	18410258	-0.1093	0.502
P005	10	74986518	0.9981	0.7413
P005	10	72311750	0.97	0.285
P005	10	75155835	0.88	0.7467
P005	10	73806660	0.9603	0.727
P005	10	107854508	-0.0869	0.5233
P005	10	106863721	-0.0856	0.5058
P005	10	76878255	-0.058	0.5047
P005	10	91620244	-0.0113	0.4851
P005	10	135497349	0.0284	0.5035
P005	10	134981142	0.0059	0.5026
P005	10	134651788	0.0625	0.5118
P005	10	134892086	-0.0444	0.5136
P005	11	847717	0.9647	0.7443
P005	11	27029	0.9233	0.274
P005	11	1020716	0.8965	0.7361
P005	11	887024	0.98	0.2719
P005	11	4405526	0.5628	0.6735
P005	11	2188805	0.5888	0.3538
P005	11	12116724	0.5422	0.6257
P005	11	11476920	0.5795	0.3307
P005	11	21911609	0.027	0.4927
P005	11	44705388	-0.0685	0.5007
P005	11	55145367	-0.0021	0.5043
P005	11	50418811	0.0823	0.4992
P005	11	90086861	-0.05	0.4866
P005	11	67035913	0.0372	0.5272
P005	11	61461120	-0.0196	0.5175
P005	11	70433068	-0.0844	0.5
P005	11	133684815	0.0298	0.5009
P005	11	129070200	-0.053	0.5124
P005	11	123837537	-0.0731	0.5042
P005	11	125352679	-0.0212	0.4834
P005	11	134569675	0.0309	0.4842
P005	11	134306819	-0.0424	0.5143
P005	11	134444642	-0.0067	0.5146
P005	11	134696574	0.0223	0.486
P005	12	394454	-0.0765	0.5257
P005	12	127328	0.0192	0.4932
P005	12	285090	0.0215	0.5115
P005	12	39767	0.0019	0.5032
P005	12	2828075	0.0217	0.4803
P005	12	5817156	0.0642	0.5026
P005	12	11038525	-0.017	0.4852
P005	12	18491284	0.076	0.5128
P005	12	21785850	0.0135	0.496
P005	12	24058049	0.0026	0.4979
P005	12	23989510	0.0922	0.4794
P005	12	22905310	-0.0152	0.4894
P005	12	29760422	0.0184	0.5092
P005	12	26488716	0.0155	0.5044
P005	12	28475858	0.0879	0.5114
P005	12	39880789	0.0982	0.5061
P005	12	74382041	-0.0099	0.506
P005	12	42150280	-0.0053	0.4974
P005	12	63131052	-0.0518	0.5113
P005	12	48699508	-0.0334	0.4954
P005	12	80706498	-0.0176	0.4838
P005	12	79896249	0.0606	0.5152
P005	12	81716297	-0.0219	0.5218
P005	12	78600152	0.0041	0.5008
P005	12	89891232	-0.0289	0.9515
P005	12	88341434	0.0124	0.9732
P005	12	88022269	0.0442	0.9485
P005	12	82348871	-0.0278	0.0458
P005	12	96785841	0.0202	0.4679
P005	12	97463841	0.0353	0.4949
P005	12	96065508	0.1016	0.5334
P005	12	93573607	-0.1224	0.5133
P005	12	129610653	-0.0318	0.5049
P005	12	105715012	-0.0087	0.5209
P005	12	124337557	0.0475	0.5035
P005	12	121034734	0.0379	0.5148
P005	13	725484	0.5766	0.6643
P005	13	5322020	0.5119	0.3259
P005	13	4577667	0.5647	0.6495
P005	13	5269388	0.5396	0.6514
P005	13	8727134	0.5195	0.3396
P005	13	18733492	0.4872	0.3569
P005	13	14326069	0.4662	0.6659
P005	13	11677505	0.4626	0.645
P005	13	49967632	0.9586	0.2639
P005	13	32288526	0.9311	0.2615
P005	13	30849774	0.9818	0.7345
P005	13	39192074	0.8824	0.732
P005	13	77820349	0.5086	0.6574
P005	13	78099170	0.6329	0.6485
P005	13	78508336	0.5116	0.6658
P005	13	83450977	0.5537	0.3306
P005	13	104779100	0.5208	0.6667
P005	13	109814579	0.621	0.3438
P005	13	110985421	0.4846	0.3447
P005	13	114527143	0.5546	0.6498
P005	14	1008177	-0.9109	0.0824
P005	14	718860	-0.7773	0.9019
P005	14	3197812	-0.8437	0.057
P005	14	652497	-0.8755	0.0719
P005	14	4160618	-0.8697	0.9167
P005	14	4184930	-0.9007	0.1171
P005	14	4182724	-0.8175	0.9431
P005	14	4176704	-0.8536	0.9136
P005	14	5119247	-0.8388	0.9257
P005	14	4873548	-0.8303	0.1002
P005	14	5117121	-0.8527	0.8885
P005	14	5072173	-0.8339	0.8993
P005	14	10338473	0.4763	1
P005	14	36874580	0.4967	0.9792
P005	14	43632655	0.4601	0.9691
P005	14	6355342	0.5732	0.04
P005	14	53585336	-0.8722	0.0774
P005	14	53498871	-0.8086	0.0888
P005	14	56984974	-0.8252	0.9086
P005	14	51437612	-0.9249	0.9144
P005	14	60876885	-0.0859	0.5164
P005	14	60171370	-0.0204	0.5057
P005	14	59277263	0.0571	0.5028
P005	14	59744362	-0.0196	0.4955
P005	14	93861030	-0.0291	0.507
P005	14	70461872	-0.0105	0.5049
P005	14	78965702	0.0339	0.5154
P005	14	98637016	-0.0178	0.4701
P005	14	103590375	-0.8463	0.1023
P005	14	106046052	-0.8625	0.0802
P005	14	102952644	-0.8931	0.061
P005	14	105991035	-0.905	0.07
P005	15	6941946	-0.9394	0.9104
P005	15	9558683	-0.89	0.0819
P005	15	538202	-0.9541	0.9361
P005	15	8957955	-0.9053	0.8957
P005	15	32171101	0.0302	0.5099
P005	15	31992099	-0.0678	0.5104
P005	15	18089856	0.0491	0.5068
P005	15	20524076	-0.0239	0.5067
P005	15	38802930	-0.0979	0.5109
P005	15	38802771	-0.0292	0.4663
P005	15	37477229	0.0654	0.4873
P005	15	40879755	0.019	0.4899
P005	15	90545922	-0.8113	0.1037
P005	15	64005037	-0.8572	0.9093
P005	15	68589084	-0.8677	0.106
P005	15	83577068	-0.8462	0.0672
P005	16	4481946	-0.0624	0.4948
P005	16	2201573	0.0372	0.5141
P005	16	6348890	-0.0942	0.4797
P005	16	4693277	0.056	0.5054
P005	16	33682188	0.028	0.4826
P005	16	17467810	-0.0563	0.4654
P005	16	32583245	0.0709	0.4921
P005	16	8660931	0.0319	0.5002
P005	16	42020269	-0.9231	0.9195
P005	16	42110039	-0.777	0.084
P005	16	42041627	-0.8842	0.9102
P005	16	41884390	-0.8644	0.9304
P005	16	48869381	0.5142	0.6629
P005	16	47079961	0.5876	0.3516
P005	16	54382514	0.5698	0.6872
P005	16	51988639	0.4605	0.6334
P005	16	62752459	-0.045	0.4861
P005	16	60439901	0.053	0.5002
P005	16	73377735	0.0154	0.5209
P005	16	79377535	0.0145	0.4913
P005	16	88892997	0.5934	0.3499
P005	16	87959836	0.5852	0.6662
P005	16	90009925	0.5753	0.3182
P005	16	87237251	0.4735	0.6653
P005	17	3177429	-0.0641	0.4944
P005	17	9946278	-0.0799	0.5175
P005	17	8913120	-0.0412	0.4995
P005	17	7754229	-0.0547	0.5004
P005	17	12915767	0.0074	0.4958
P005	17	30559449	0.0359	0.5057
P005	17	14490039	0.0564	0.5017
P005	17	27042606	0.0095	0.5073
P005	17	44788612	0.8555	0.2637
P005	17	45477181	0.9959	0.2618
P005	17	45188624	0.8895	0.2583
P005	17	44577312	0.9231	0.7289
P005	17	53600923	0.031	0.5011
P005	17	48186250	-0.0926	0.4936
P005	17	48534271	-0.0158	0.5024
P005	17	57458192	-0.0641	0.4971
P005	17	59991725	0.5439	0.6778
P005	17	59651865	0.5759	0.6418
P005	17	58874123	0.6245	0.3432
P005	17	61930991	0.4791	0.6811
P005	17	73158434	0.6203	0.3276
P005	17	65927225	0.5635	0.6542
P005	17	69179433	0.5805	0.3454
P005	17	73361076	0.5551	0.6373
P005	17	74635897	0.0325	0.4887
P005	17	73863365	0.0191	0.4842
P005	17	73738592	-0.0449	0.508
P005	17	76088173	-0.0001	0.4912
P005	17	77405923	-0.0834	0.5012
P005	17	77313008	0.0163	0.4878
P005	17	76846105	0.0122	0.4979
P005	17	78505953	0.0449	0.5093
P005	17	80865786	0.0096	0.5068
P005	17	80323671	0.0366	0.4911
P005	17	79843623	0.005	0.5296
P005	17	80383223	-0.0266	0.482
P005	18	4319745	0.0287	0.4787
P005	18	21798711	-0.0865	0.5143
P005	18	15823007	-0.0178	0.4896
P005	18	15862327	0.0579	0.4785
P005	18	49861757	-0.8771	0.0734
P005	18	30242198	-0.8649	0.0806
P005	18	34757065	-0.8346	0.1113
P005	18	40198612	-0.888	0.9229
P005	18	59181381	-0.0336	0.4962
P005	18	55625707	0.0006	0.5023
P005	18	61919437	-0.0592	0.4886
P005	18	63759590	-0.0044	0.4843
P005	18	77239166	0.0857	0.4937
P005	18	66456459	0.0574	0.5089
P005	18	76036703	-0.0503	0.5176
P005	18	68471039	-0.0471	0.4949
P005	19	615900	-0.0227	0.5027
P005	19	1246862	0.0378	0.4924
P005	19	1225692	-0.0415	0.5005
P005	19	552757	-0.0158	0.4951
P005	19	4006623	-0.0088	0.4961
P005	19	4487566	0.0195	0.4948
P005	19	2493858	-0.0463	0.4928
P005	19	3878146	0.0348	0.5165
P005	19	9445212	-0.0594	0.498
P005	19	12321829	0.0203	0.4996
P005	19	18832088	0.0411	0.5001
P005	19	7975457	0.0172	0.5099
P005	19	28578291	0.9819	0.7377
P005	19	25059701	1.0166	0.7348
P005	19	22105950	0.9188	0.2851
P005	19	26816875	0.9709	0.7535
P005	19	38983287	0.0376	0.507
P005	19	33706199	0.0162	0.5279
P005	19	31696531	-0.0354	0.5357
P005	19	34688263	0.0581	0.4938
P005	19	40563665	-0.0131	0.5048
P005	19	48366570	-0.0604	0.5099
P005	19	43014660	0.1038	0.4908
P005	19	46475157	-0.015	0.516
P005	19	50796042	-0.951	0.8825
P005	19	50874578	-0.9039	0.9333
P005	19	50954496	-0.8476	0.1006
P005	19	50985018	-0.8734	0.9051
P005	19	51054146	0.0137	0.5254
P005	19	51006962	0.0425	0.506
P005	19	51074424	0.0542	0.5158
P005	19	51599114	-0.0634	0.4938
P005	19	52467837	0.5387	0.3218
P005	19	56555212	0.5204	0.6524
P005	19	54649901	0.5711	0.3496
P005	19	51967155	0.5607	0.3479
P005	20	6049567	-0.9198	0.9372
P005	20	3898212	-0.9145	0.0594
P005	20	8934517	-0.8997	0.9174
P005	20	1143751	-0.842	0.0808
P005	20	14118052	-0.8116	0.0623
P005	20	11779775	-0.8976	0.9237
P005	20	12625916	-0.8587	0.921
P005	20	11227144	-0.8769	0.0611
P005	20	16888336	0.0311	0.4926
P005	20	18470743	-0.0401	0.501
P005	20	17614695	0.0614	0.4799
P005	20	18331247	0.0171	0.4774
P005	20	22118980	-0.004	0.5121
P005	20	28654903	0.1195	0.4746
P005	20	18873201	-0.0322	0.4914
P005	20	23333948	0.0584	0.5233
P005	20	32357864	-0.0725	0.5022
P005	20	42305673	0.011	0.5083
P005	20	33195068	-0.0256	0.5214
P005	20	48702088	-0.0423	0.5007
P005	20	52111429	0.0979	0.5012
P005	20	50489151	-0.0415	0.5208
P005	20	53117656	0.0639	0.5014
P005	20	50871893	0.0117	0.5066
P005	20	55491262	-0.9777	0.9219
P005	20	56620767	-0.8849	0.1055
P005	20	55330339	-0.8937	0.0822
P005	20	54994429	-0.897	0.917
P005	20	59918458	0.5345	0.3536
P005	20	60923816	0.5304	0.6667
P005	20	60475434	0.5713	0.6557
P005	20	60010891	0.6069	0.6636
P005	21	3850276	-0.0052	0.5143
P005	21	516543	0.035	0.4964
P005	21	2941789	0.0115	0.5083
P005	21	1567154	-0.0604	0.5007
P005	21	7175086	0.4764	0.3659
P005	21	6514720	0.5339	0.3399
P005	21	6532414	0.514	0.3659
P005	21	5894266	0.4771	0.3657
P005	21	9196034	-0.0446	0.5034
P005	21	9257365	0.0168	0.4667
P005	21	9288649	0.0257	0.5063
P005	21	9306998	0.0564	0.4836
P005	21	10196467	0.0024	0.4859
P005	21	9486751	-0.0019	0.4897
P005	21	9886268	-0.0148	0.4952
P005	21	9642319	-0.0835	0.4619
P005	21	18948556	-0.0957	0.0377
P005	21	11312596	-0.0433	0.0279
P005	21	12094076	-0.02	0.9419
P005	21	16295822	-0.0304	0.0377
P005	21	31986861	-0.0654	0.9375
P005	21	31605247	-0.1017	0.08
P005	21	36541007	-0.1491	0.0304
P005	21	24895944	0.0062	0.049
P005	21	40417960	0.6859	0.3234
P005	21	40110863	0.4903	0.6709
P005	21	40076066	0.655	0.663
P005	21	40356984	0.4597	0.6665
P005	21	40496404	-0.8988	0.093
P005	21	40485298	-0.8351	0.0929
P005	21	40491934	-0.9867	0.9058
P005	21	40505113	-0.9261	0.9269
P005	21	46204132	0.1105	0.527
P005	21	44433368	0.0439	0.5076
P005	21	41875572	0.0638	0.4981
P005	21	42189219	-0.0068	0.4955
P005	22	16813219	0.562	0.3591
P005	22	1947429	0.5128	0.3242
P005	22	11684309	0.5416	0.6584
P005	22	11623353	0.5546	0.6521
P005	22	27001690	-0.8924	0.9546
P005	22	25838468	-0.8679	0.9085
P005	22	28543588	-0.7887	0.0946
P005	22	24213910	-0.834	0.9204
P005	22	33007923	0.9447	0.7462
P005	22	30791095	0.8566	0.7016
P005	22	32168346	0.8641	0.7299
P005	22	34068322	0.9479	0.2389
P005	22	46836846	0.5862	0.333
P005	22	37242610	0.6095	0.3517
P005	22	47550906	0.6181	0.6697
P005	22	41575321	0.5052	0.6524
P005	22	48657317	0.0609	0.505
P005	22	49364949	0.0089	0.4836
P005	22	49910864	-0.0127	0.5165
P005	22	49678309	0.031	0.5178
P005	22	50371647	-0.8995	0.0714
P005	22	50618249	-0.9142	0.9242
P005	22	50600936	-0.9396	0.9045
P005	22	50352555	-0.8317	0.0809
P005	X	13495012	-0.915	0.9127
P005	X	27106790	-0.9511	0.8989
P005	X	4666364	-0.9297	0.0763
P005	X	25139179	-0.8578	0.0987
P005	X	63120853	0.4826	0.6448
P005	X	58002850	0.5185	0.6416
P005	X	57359447	0.5754	0.6623
P005	X	62523637	0.537	0.6411
P005	X	66464803	-0.0124	0.4822
P005	X	66947032	-0.0085	0.4936
P005	X	66998047	-0.0827	0.4989
P005	X	66456233	-0.0132	0.5113
P005	X	69194101	-0.8633	0.9029
P005	X	67399560	-0.8949	0.0714
P005	X	69135163	-0.8131	0.9453
P005	X	68103726	-0.907	0.9415
P005	X	71705480	0.01	0.5091
P005	X	73077583	-0.0325	0.495
P005	X	76219435	-0.0106	0.4825
P005	X	75366976	0.048	0.4651
P005	X	82263083	0.0282	0.5058
P005	X	82575341	-0.0192	0.4912
P005	X	82009285	0.0212	0.4978
P005	X	84395810	-0.0349	0.5073
P005	X	92509610	0.9362	0.7287
P005	X	111232068	0.9001	0.2669
P005	X	124672877	0.9529	0.7331
P005	X	106761199	0.9359	0.758
P005	X	143551264	-0.8983	0.108
P005	X	145809170	-0.94	0.0768
P005	X	139574172	-0.8999	0.0973
P005	X	146265060	-0.9197	0.1133
P005	X	151983381	0.5352	0.6478
P005	X	152172172	0.5525	0.3422
P005	X	151341284	0.5218	0.6374
P005	X	150581652	0.6107	0.6807
P005	Y	4226352	-3.4906	0.5006
P005	Y	1001978	-3.4442	0.495
P005	Y	2278994	-3.4698	0.4938
P005	Y	344622	-3.4067	0.4973
P005	Y	8674228	-3.3921	0.5161
P005	Y	8514447	-3.3826	0.5122
P005	Y	8802544	-3.5085	0.4911
P005	Y	9535663	-3.5042	0.4933
P005	Y	18949033	-3.4829	0.4948
P005	Y	27098143	-3.4291	0.505
P005	Y	15125686	-3.4595	0.485
P005	Y	26617800	-3.5145	0.4846
P005	Y	41543217	-3.4887	0.5017
P005	Y	48466790	-3.3747	0.5059
P005	Y	35323416	-3.459	0.4753
P005	Y	46293038	-3.4249	0.4859
P005	Y	50106108	-3.3908	0.5177
P005	Y	50243385	-3.4984	0.495
P005	Y	50039149	-3.4158	0.5029
P005	Y	50081984	-3.4608	0.518
P005	Y	53708859	-3.4075	0.493
P005	Y	54155492	-3.4967	0.4953
P005	Y	53311442	-3.4954	0.5191
P005	Y	55712219	-3.3595	0.5217
P005	Y	57203998	-3.4146	0.4695
P005	Y	58310478	-3.3775	0.4802
P005	Y	58412159	-3.5038	0.5073
P005	Y	58351299	-3.4205	0.4687
P006	1	2316194	-0.7154	0.829
P006	1	7430789	-0.7481	0.8229
P006	1	26935393	-0.8133	0.8356
P006	1	7850315	-0.7373	0.7998
P006	1	35523889	0.8071	0.274
P006	1	37573284	0.8943	0.7226
P006	1	37195575	0.8798	0.2877
P006	1	35649988	0.8307	0.739
P006	1	47192560	-0.0253	0.5013
P006	1	41619513	-0.0325	0.5112
P006	1	43775151	-0.0092	0.4786
P006	1	39010218	-0.0175	0.4695
P006	1	54865625	0.4795	0.6352
P006	1	60348058	0.4972	0.6358
P006	1	49267185	0.4888	0.3562
P006	1	58232234	0.4148	0.6314
P006	1	71156466	0.0037	0.4954
P006	1	69744880	0.015	0.5253
P006	1	68471773	0.0215	0.5215
P006	1	69443616	0.015	0.5114
P006	1	74331314	-0.0247	0.4844
P006	1	76343078	0.0105	0.4842
P006	1	89098801	0.0246	0.4921
P006	1	95032402	-0.1148	0.5221
P006	1	160616317	0.5001	0.6407
P006	1	137511199	0.5321	0.6482
P006	1	150583038	0.5448	0.6297
P006	1	172041558	0.4799	0.6516
P006	1	186759223	0.0648	0.5189
P006	1	192684105	-0.0444	0.4834
P006	1	190297959	-0.0714	0.4737
P006	1	186219202	-0.0205	0.4808
P006	1	245314423	0.8295	0.2753
P006	1	218700010	0.8437	0.7189
P006	1	246727289	0.7272	0.6976
P006	1	218421730	0.9036	0.2934
P006	2	67610113	-0.0108	0.494
P006	2	92061755	0.0099	0.4819
P006	2	48821848	-0.0208	0.506
P006	2	27980967	0.0509	0.4704
P006	2	94937192	0.0101	0.5139
P006	2	100994426	0.009	0.5151
P006	2	116051860	-0.0054	0.5167
P006	2	156752199	-0.0075	0.4887
P006	2	181905519	-0.7933	0.191
P006	2	181687753	-0.8125	0.2029
P006	2	181762080	-0.7158	0.8277
P006	2	181640888	-0.7044	0.1873
P006	2	190287268	0.0221	0.5148
P006	2	193283310	0.0568	0.4669
P006	2	195880268	0.0223	0.4948
P006	2	201761683	-0.0506	0.5099
P006	2	228604935	-0.0363	0.4995
P006	2	226120422	0.0086	0.5173
P006	2	220100202	0.0684	0.5105
P006	2	220001637	0.0295	0.488
P006	2	239643390	-0.0062	0.4768
P006	2	239950260	-0.0036	0.4999
P006	2	234893276	-0.0131	0.4821
P006	2	238091124	0.0487	0.4916
P006	2	242695273	0.002	0.5077
P006	2	242348369	-0.0961	0.5208
P006	2	242617528	0.0386	0.4998
P006	2	241861234	-0.0529	0.4907
P006	3	1004247	-0.6844	0.8372
P006	3	52143	-0.7226	0.8212
P006	3	1093451	-0.7257	0.1646
P006	3	776211	-0.6697	0.8305
P006	3	8370736	-0.7313	0.8405
P006	3	7675503	-0.6837	0.1805
P006	3	15249261	-0.7243	0.19
P006	3	13342542	-0.7505	0.8129
P006	3	63666753	-0.0652	0.4851
P006	3	94413188	0.003	0.5111
P006	3	88880770	0.0372	0.4906
P006	3	41989332	-0.0214	0.5016
P006	3	147211223	0.8662	0.2783
P006	3	139494682	0.8284	0.7187
P006	3	142750952	0.8554	0.3133
P006	3	117143992	0.8545	0.717
P006	3	158814483	-0.0013	0.9119
P006	3	152375402	0.0746	0.9112
P006	3	161514223	0.0045	0.9087
P006	3	155923657	0.0127	0.115
P006	3	164513294	0.0478	0.4951
P006	3	168201183	0.0221	0.4962
P006	3	164838628	0.0044	0.5136
P006	3	166842022	-0.0435	0.4844
P006	3	184505208	0.4328	0.6375
P006	3	181284931	0.5178	0.6508
P006	3	182665704	0.5061	0.6246
P006	3	183374205	0.5048	0.618
P006	4	15064910	0.0	0.5012
P006	4	10108922	0.0319	0.484
P006	4	13612518	0.0054	0.5216
P006	4	13939096	-0.0058	0.5121
P006	4	15929756	-0.0135	0.4805
P006	4	17184315	0.0057	0.4746
P006	4	15517394	0.0517	0.5119
P006	4	17150760	0.0205	0.5153
P006	4	24224340	-0.6869	0.1918
P006	4	21252212	-0.7243	0.1662
P006	4	24884619	-0.739	0.8228
P006	4	26096565	-0.6914	0.1481
P006	4	54947407	-0.027	0.4896
P006	4	46892267	-0.0821	0.48
P006	4	52076592	0.0411	0.4837
P006	4	47369705	-0.0623	0.4865
P006	4	99212976	0.8899	0.7153
P006	4	113429318	0.7763	0.2838
P006	4	72145197	0.8543	0.2961
P006	4	109594179	0.828	0.2664
P006	4	121886729	0.0061	0.4926
P006	4	124107743	0.048	0.5047
P006	4	128420297	0.0012	0.5135
P006	4	121705481	0.0387	0.494
P006	4	142511123	-0.0178	0.4961
P006	4	169269390	-0.0347	0.5264
P006	4	157098540	0.0476	0.4871
P006	4	140445451	-0.0241	0.5019
P006	5	1007993	-0.7877	0.1699
P006	5	28403397	-0.6456	0.1719
P006	5	36063927	-0.7427	0.186
P006	5	2460268	-0.7129	0.1782
P006	5	62027573	-0.7024	0.1714
P006	5	66178789	-0.7135	0.1844
P006	5	65913448	-0.7569	0.1748
P006	5	60040218	-0.6747	0.8216
P006	5	75982909	0.8969	0.3301
P006	5	132614419	0.808	0.7159
P006	5	92890797	0.8379	0.7382
P006	5	69140624	0.7968	0.7181
P006	5	149488663	0.0192	0.5071
P006	5	141750845	0.0205	0.5022
P006	5	142668106	0.055	0.5007
P006	5	156410055	-0.0593	0.4982
P006	5	157227425	0.4338	0.6582
P006	5	157364921	0.5547	0.3754
P006	5	157279207	0.5352	0.6263
P006	5	157561794	0.4484	0.6683
P006	5	159559260	0.8105	0.2955
P006	5	161261118	0.8749	0.7203
P006	5	161758730	0.8852	0.7277
P006	5	160040654	0.8661	0.7239
P006	5	166604257	-0.0168	0.4846
P006	5	174667032	-0.069	0.5086
P006	5	170018437	-0.0477	0.5013
P006	5	176422398	-0.1188	0.5123
P006	5	177236655	0.5002	0.3801
P006	5	178508898	0.4667	0.3806
P006	5	177446399	0.4774	0.663
P006	5	180436669	0.463	0.6336
P006	6	1811492	0.0128	0.4679
P006	6	7480754	-0.0072	0.4848
P006	6	3763825	-0.0216	0.5002
P006	6	7501107	-0.0615	0.4968
P006	6	17592833	0.0039	0.5179
P006	6	42272865	-0.0398	0.4991
P006	6	103085472	0.0683	0.4936
P006	6	103769894	0.0401	0.5404
P006	6	135136323	0.4922	0.6153
P006	6	120637179	0.4827	0.6567
P006	6	133848569	0.455	0.3489
P006	6	120896211	0.4238	0.3608
P006	6	158246455	0.0803	0.4808
P006	6	166784702	0.016	0.52
P006	6	160641634	-0.0609	0.5137
P006	6	160041011	-0.0007	0.518
P006	7	10489494	-0.6313	0.1615
P006	7	8792556	-0.6604	0.8307
P006	7	15534268	-0.697	0.843
P006	7	10533588	-0.7873	0.8189
P006	7	28722932	-0.0053	0.4899
P006	7	27053298	0.0147	0.4923
P006	7	28652640	0.0035	0.5319
P006	7	25590480	0.0618	0.4799
P006	7	35336145	0.5137	0.3541
P006	7	29638115	0.473	0.3459
P006	7	32297341	0.4853	0.3422
P006	7	30544615	0.5609	0.3432
P006	7	65345904	-0.0622	0.527
P006	7	42285472	-0.0393	0.4979
P006	7	76373591	0.0167	0.4849
P006	7	41198144	0.0869	0.5111
P006	7	125675195	-0.6564	0.1725
P006	7	100206303	-0.6772	0.1691
P006	7	92715697	-0.7548	0.8385
P006	7	116523664	-0.7575	0.8389
P006	7	127770573	0.0439	0.5273
P006	7	128267750	0.0102	0.4923
P006	7	148477243	0.0125	0.5116
P006	7	127703783	0.0257	0.4909
P006	7	149647610	-0.0699	0.503
P006	7	149160663	0.0076	0.4899
P006	7	148846410	-0.0291	0.4841
P006	7	149632447	0.0165	0.506
P006	7	152811122	0.0056	0.466
P006	7	152682254	0.0034	0.5039
P006	7	153074979	-0.0462	0.5125
P006	7	152060939	-0.0227	0.4991
P006	7	158524086	0.0362	0.4928
P006	7	157230474	0.0362	0.4903
P006	7	158142536	-0.003	0.5043
P006	7	157217834	-0.0226	0.5202
P006	8	6983742	-0.0223	0.5263
P006	8	2034230	-0.0205	0.5448
P006	8	22117623	0.0065	0.5086
P006	8	13398514	-0.0408	0.4938
P006	8	46148871	0.4565	0.3427
P006	8	45160992	0.4998	0.6496
P006	8	45859207	0.508	0.6229
P006	8	49159974	0.4887	0.3512
P006	8	62250553	-0.0197	0.5002
P006	8	64213256	-0.0062	0.4785
P006	8	59535133	0.004	0.5096
P006	8	61828878	-0.0972	0.4981
P006	8	110921719	0.0338	0.8734
P006	8	134974211	0.0176	0.8792
P006	8	65743235	0.0869	0.115
P006	8	76182494	-0.089	0.0883
P006	9	189640	0.5023	0.3572
P006	9	4713832	0.5001	0.3482
P006	9	4727572	0.5195	0.6649
P006	9	2145829	0.4182	0.362
P006	9	10701299	-0.7512	0.1657
P006	9	7139606	-0.7067	0.8153
P006	9	5736788	-0.7186	0.1747
P006	9	11411783	-0.6621	0.8297
P006	9	15373777	-0.0732	0.4971
P006	9	18907091	-0.0218	0.4835
P006	9	19786707	0.0275	0.5074
P006	9	11701943	0.0228	0.5139
P006	9	43389961	-0.0217	0.4689
P006	9	48796570	0.0267	0.5023
P006	9	40608314	-0.0092	0.4881
P006	9	47248557	-0.0314	0.4782
P006	9	60145848	-0.7851	0.8351
P006	9	62567988	-0.7233	0.8337
P006	9	67172758	-0.7156	0.8241
P006	9	59189863	-0.7792	0.1455
P006	9	78258785	-0.0741	0.4943
P006	9	80232172	0.075	0.5261
P006	9	80130649	0.024	0.5018
P006	9	77766542	0.0176	0.4905
P006	9	96731819	0.7857	0.719
P006	9	86901590	0.7678	0.2994
P006	9	86015585	0.8993	0.3036
P006	9	99489127	0.8968	0.7096
P006	9	117642492	0.017	0.5028
P006	9	113650412	0.0409	0.4811
P006	9	114090008	0.0705	0.5087
P006	9	114757736	-0.0493	0.4806
P006	9	128826717	0.0269	0.5404
P006	9	126204161	-0.0546	0.5006
P006	9	135267401	0.0191	0.4864
P006	9	140362814	0.0211	0.488
P006	10	898461	-0.0068	0.4646
P006	10	5500984	-0.031	0.5079
P006	10	1243689	0.0129	0.4992
P006	10	5269859	-0.0275	0.5085
P006	10	21707736	0.0415	0.5068
P006	10	11191720	-0.0502	0.5321
P006	10	9555162	-0.1405	0.4922
P006	10	6955002	-0.0086	0.4749
P006	10	42529719	0.4329	0.375
P006	10	42977195	0.4523	0.6524
P006	10	45242804	0.4622	0.3541
P006	10	38025125	0.4603	0.6438
P006	10	54935545	0.0043	0.4701
P006	10	51457963	-0.0327	0.4853
P006	10	67035417	0.0363	0.4929
P006	10	56897483	-0.0389	0.4594
P006	10	72140059	0.0325	0.5025
P006	10	75691021	-0.0031	0.4978
P006	10	74620400	-0.0393	0.497
P006	10	77671424	-0.0011	0.4973
P006	10	91589305	-0.0181	0.4917
P006	10	90229441	-0.0422	0.5003
P006	10	83194379	-0.0356	0.4746
P006	10	82075966	-0.0328	0.4864
P006	10	96858817	-0.0601	0.503
P006	10	96522621	-0.0319	0.4879
P006	10	97307511	-0.0346	0.5074
P006	10	97906690	-0.0579	0.5115
P006	10	99962015	-0.0222	0.4957
P006	10	98975286	-0.1084	0.4962
P006	10	99981415	-0.0519	0.5074
P006	10	101341995	-0.088	0.4766
P006	10	107194930	0.0045	0.5119
P006	10	116623231	0.059	0.5178
P006	10	106942236	0.0836	0.4778
P006	10	115742821	-0.0188	0.4889
P006	11	7221017	0.0247	0.5032
P006	11	3011328	0.053	0.494
P006	11	15629807	0.0031	0.5069
P006	11	11578415	0.0651	0.4814
P006	11	27350772	0.0018	0.5002
P006	11	35188043	-0.0464	0.4897
P006	11	32117907	-0.1112	0.4739
P006	11	29571876	0.0289	0.5
P006	11	44676396	0.0678	0.4982
P006	11	92976783	-0.0691	0.4975
P006	11	42990037	-0.0789	0.4904
P006	11	39449708	0.0122	0.4936
P006	11	102006687	0.5404	0.3625
P006	11	103683926	0.4652	0.6492
P006	11	108745777	0.3686	0.3479
P006	11	106873831	0.5143	0.6077
P006	11	115901194	-0.0216	0.5127
P006	11	123835511	0.0537	0.5016
P006	11	124996583	0.0119	0.4962
P006	11	122083409	-0.0771	0.4896
P006	11	130190815	-0.0521	0.5021
P006	11	127262762	-0.0019	0.5087
P006	11	132167343	0.0039	0.4737
P006	11	134582807	-0.0635	0.5154
P006	12	30473549	0.7534	0.2859
P006	12	19371249	0.8686	0.7244
P006	12	20330022	0.8731	0.2758
P006	12	24392520	0.8386	0.7143
P006	12	54743916	0.3973	0.6428
P006	12	56190999	0.4146	0.6701
P006	12	55077967	0.4169	0.3426
P006	12	54774821	0.4103	0.6591
P006	12	74185015	0.9163	0.2814
P006	12	72391995	0.8639	0.6965
P006	12	72639004	0.7678	0.2925
P006	12	73362385	0.844	0.2835
P006	12	131353339	0.0062	0.4891
P006	12	133099462	0.0728	0.5048
P006	12	120404059	0.0312	0.4962
P006	12	107173047	0.1279	0.5017
P006	13	7821770	0.4817	0.6212
P006	13	18770020	0.527	0.6438
P006	13	19947473	0.5386	0.614
P006	13	2119062	0.4344	0.6426
P006	13	35699542	0.0184	0.4831
P006	13	34447644	0.0491	0.5053
P006	13	34976710	-0.0503	0.4891
P006	13	31662002	-0.0311	0.4946
P006	13	43452909	-0.7087	0.1685
P006	13	43014196	-0.6594	0.8394
P006	13	44582300	-0.6934	0.1554
P006	13	36628669	-0.758	0.2155
P006	13	56446857	0.8896	0.273
P006	13	52162776	0.8694	0.2582
P006	13	49824973	0.7784	0.2823
P006	13	52618115	0.7965	0.2548
P006	13	58630450	0.0299	0.5083
P006	13	58410141	0.0022	0.4954
P006	13	59921919	-0.0735	0.5032
P006	13	57915788	-0.0331	0.5178
P006	13	86311515	0.0303	0.5295
P006	13	81442331	-0.001	0.4915
P006	13	70654677	-0.0238	0.5205
P006	13	74825577	-0.0623	0.4847
P006	13	94043460	-0.0824	0.4968
P006	13	95301220	-0.0085	0.4787
P006	13	98048386	-0.03	0.4898
P006	13	103375545	-0.0485	0.5215
P006	13	105903699	-0.6763	0.8295
P006	13	113773871	-0.6419	0.8302
P006	13	106284623	-0.7306	0.8125
P006	13	113135674	-0.7378	0.8427
P006	14	388260	0.0066	0.4729
P006	14	1351367	0.0141	0.4987
P006	14	405461	-0.0209	0.4923
P006	14	978774	0.0302	0.5024
P006	14	23506523	-0.0006	0.49
P006	14	13345358	-0.0487	0.4943
P006	14	12772968	0.0488	0.4862
P006	14	15140187	-0.0195	0.488
P006	14	39578372	0.0496	0.4786
P006	14	42480193	-0.0219	0.4879
P006	14	41900056	-0.0906	0.5229
P006	14	26107985	-0.0149	0.5075
P006	14	51251685	-0.6593	0.8392
P006	14	49301275	-0.6902	0.8347
P006	14	51152852	-0.6805	0.1588
P006	14	51206950	-0.766	0.1658
P006	14	55902847	-2.2412	0.508
P006	14	53135383	-2.2626	0.4844
P006	14	53196707	-2.3137	0.4901
P006	14	53753670	-2.2481	0.5125
P006	14	71232986	0.0293	0.4982
P006	14	61387560	0.0612	0.5164
P006	14	57682350	-0.0018	0.513
P006	14	67707621	0.0944	0.5095
P006	14	84866814	-0.7716	0.1909
P006	14	85628853	-0.7961	0.1649
P006	14	84646632	-0.6981	0.8275
P006	14	85612853	-0.7835	0.1683
P006	14	101286722	0.023	0.5072
P006	14	105410901	0.1544	0.5139
P006	14	94977701	0.0496	0.514
P006	14	103031322	-0.051	0.5077
P006	14	106860565	0.0239	0.49
P006	14	107286879	-0.0128	0.502
P006	14	106234323	0.0278	0.5194
P006	14	106596760	0.0278	0.4897
P006	15	8511646	-0.1114	0.4626
P006	15	13613423	-0.0422	0.5037
P006	15	7300363	-0.0216	0.4876
P006	15	4479675	-0.0249	0.528
P006	15	50268924	0.0031	0.5013
P006	15	49819208	-0.0511	0.4964
P006	15	36055663	-0.0516	0.4991
P006	15	28866144	-0.0219	0.4815
P006	15	74328993	0.0026	0.4904
P006	15	62729741	-0.0274	0.4909
P006	15	69919246	-0.0299	0.5284
P006	15	63885337	-0.0123	0.4823
P006	15	78222344	-0.7429	0.8166
P006	15	80860704	-0.7849	0.1773
P006	15	78569492	-0.787	0.1701
P006	15	82940156	-0.7603	0.1659
P006	15	85233413	0.0308	0.5049
P006	15	85834352	-0.0573	0.5001
P006	15	83537305	0.0484	0.4799
P006	15	86016016	0.0066	0.5268
P006	15	89606852	-0.7476	0.833
P006	15	90524554	-0.7121	0.1578
P006	15	88474683	-0.7321	0.8028
P006	15	90216437	-0.7365	0.8374
P006	15	96296979	-0.0106	0.5082
P006	15	98070032	-0.0502	0.4977
P006	15	97251429	0.0003	0.5236
P006	15	100332002	0.0587	0.5104
P006	15	102101142	-0.0046	0.4927
P006	15	102512479	0.0338	0.4906
P006	15	102232122	0.0171	0.4965
P006	15	102019669	-0.0875	0.4993
P006	16	3510096	-0.721	0.1541
P006	16	1930541	-0.6355	0.8474
P006	16	1294428	-0.7295	0.8472
P006	16	2237698	-0.6533	0.8234
P006	16	4526768	-0.7566	0.8223
P006	16	4514938	-0.6935	0.182
P006	16	4540237	-0.7978	0.1674
P006	16	4500022	-0.7099	0.1916
P006	16	72150275	-0.0779	0.5218
P006	16	78068076	0.0407	0.4854
P006	16	18648317	0.0022	0.4914
P006	16	27987086	0.0477	0.5155
P006	16	90108600	-0.0069	0.5017
P006	16	87061238	-0.0235	0.4843
P006	16	87369730	-0.0075	0.4879
P006	16	88324446	-0.0451	0.4929
P006	17	7018863	-0.619	0.1805
P006	17	13908084	-0.6402	0.172
P006	17	15251923	-0.7668	0.8135
P006	17	15395496	-0.7011	0.8184
P006	17	29662225	-0.7237	0.8276
P006	17	34266495	-0.7395	0.1713
P006	17	27988493	-0.7337	0.2057
P006	17	30492073	-0.7444	0.8488
P006	17	36390087	0.0144	0.4951
P006	17	36113878	-0.0311	0.4987
P006	17	36326600	0.0688	0.5052
P006	17	36153745	-0.0455	0.4837
P006	17	43029214	0.0488	0.505
P006	17	65738610	0.0566	0.5036
P006	17	41965904	-0.0064	0.4885
P006	17	46775336	0.0408	0.5034
P006	18	1537446	-0.0123	0.4966
P006	18	7532006	-0.1159	0.4987
P006	18	2622753	0.0121	0.4872
P006	18	5725810	-0.0801	0.5047
P006	18	15126279	0.8352	0.2803
P006	18	14730697	0.9045	0.2835
P006	18	12558935	0.8788	0.7277
P006	18	16727845	0.8076	0.2697
P006	18	32070002	0.0426	0.5182
P006	18	39696699	-0.0288	0.5158
P006	18	34048245	0.0395	0.4744
P006	18	30172349	-0.022	0.4767
P006	18	58163134	0.0146	0.4998
P006	18	59927043	0.0277	0.4857
P006	18	48409823	0.0315	0.5062
P006	18	60378090	0.0211	0.5158
P006	18	63328010	-2.1825	0.487
P006	18	61922177	-2.2692	0.5153
P006	18	61435061	-2.1637	0.5057
P006	18	63508361	-2.313	0.488
P006	18	71668378	-0.0065	0.4792
P006	18	71716481	0.0348	0.5075
P006	18	74141275	-0.0148	0.5102
P006	18	67833460	-0.0101	0.5128
P006	19	7258594	-0.0641	0.5053
P006	19	553426	0.0348	0.5316
P006	19	6169350	-0.012	0.4889
P006	19	6846213	-0.0233	0.489
P006	19	12125278	0.0446	0.4874
P006	19	13351139	-0.0023	0.5034
P006	19	12020661	0.0184	0.5203
P006	19	9894033	0.0271	0.5106
P006	19	15451308	-0.0711	0.4996
P006	19	15328857	0.0353	0.4889
P006	19	37208574	0.0281	0.4901
P006	19	34580088	0.0262	0.4867
P006	19	37829634	0.0522	0.4784
P006	19	38248094	0.09	0.4995
P006	19	38377084	0.0912	0.4939
P006	19	38069619	0.1022	0.5073
P006	19	50659358	-0.1129	0.5133
P006	19	39537433	0.0057	0.4817
P006	19	58375904	-0.0284	0.5061
P006	19	46275091	-0.0601	0.502
P006	20	448711	0.7357	0.714
P006	20	104556	0.8414	0.7134
P006	20	310501	0.8627	0.2986
P006	20	307886	0.7899	0.2905
P006	20	2437542	0.0352	0.5258
P006	20	1827516	0.0654	0.4889
P006	20	3795389	-0.0325	0.5007
P006	20	1119097	0.0308	0.4886
P006	20	4730095	0.3801	0.66
P006	20	6154783	0.4658	0.6327
P006	20	6464481	0.4856	0.3579
P006	20	6046121	0.4913	0.3656
P006	20	8307412	0.8331	0.2566
P006	20	7669828	0.8644	0.2616
P006	20	8971609	0.8005	0.7307
P006	20	7135023	0.7841	0.2655
P006	20	11983245	0.4422	0.6539
P006	20	17964943	0.5568	0.6608
P006	20	12607520	0.5053	0.3534
P006	20	15078976	0.4935	0.6227
P006	20	37951828	0.4896	0.352
P006	20	27755776	0.4476	0.3643
P006	20	24266465	0.5735	0.3644
P006	20	23876330	0.5945	0.6437
P006	20	44309369	0.8163	0.2633
P006	20	58345171	0.8473	0.7052
P006	20	42114448	0.9016	0.7112
P006	20	44458942	0.8899	0.2765
P006	20	59308155	-0.0066	0.5025
P006	20	59455431	0.0776	0.5208
P006	20	62234643	0.0828	0.5076
P006	20	62680483	0.0358	0.508
P006	21	1167026	0.3942	0.6325
P006	21	2006643	0.4683	0.3582
P006	21	142726	0.4671	0.3677
P006	21	1094586	0.4842	0.3628
P006	21	3128528	0.0586	0.5341
P006	21	3081649	-0.0276	0.4814
P006	21	2497175	0.0145	0.4993
P006	21	3344340	0.022	0.5155
P006	21	16904411	0.0092	0.5026
P006	21	13162381	0.0262	0.5067
P006	21	12547874	0.0099	0.498
P006	21	16121943	0.0855	0.4926
P006	21	18375626	-0.0183	0.5186
P006	21	32739146	0.122	0.4786
P006	21	20216068	-0.0074	0.5151
P006	21	21629721	0.0653	0.5089
P006	21	37442841	0.4798	0.6394
P006	21	43917406	0.395	0.3669
P006	21	36877220	0.4437	0.6348
P006	21	45483290	0.5117	0.6297
P006	22	6470951	0.5044	0.0466
P006	22	12350362	0.4254	0.0739
P006	22	5275243	0.478	0.952
P006	22	10474117	0.46	0.9175
P006	22	38000328	-0.0354	0.5117
P006	22	17201155	-0.0269	0.4997
P006	22	32144159	-0.0074	0.4822
P006	22	28096030	0.021	0.4757
P006	22	40810026	-0.7978	0.8255
P006	22	40529997	-0.683	0.8277
P006	22	40897193	-0.7449	0.1651
P006	22	41175490	-0.7738	0.1449
P006	22	43249298	-0.0072	0.4855
P006	22	43040367	-0.0614	0.501
P006	22	43487872	-0.0111	0.4978
P006	22	44946260	-0.0506	0.4902
P006	22	49431437	-0.0068	0.4928
P006	22	49365995	0.0162	0.4971
P006	22	48343688	-0.0372	0.5051
P006	22	46998322	-0.0456	0.4728
P006	X	14792342	0.0376	0.4969
P006	X	14556272	-0.0166	0.5197
P006	X	1642786	0.0653	0.5117
P006	X	4599754	-0.0048	0.5019
P006	X	23108434	-0.675	0.1642
P006	X	38867050	-0.7516	0.1821
P006	X	29224051	-0.771	0.8267
P006	X	38172702	-0.753	0.8354
P006	X	93477616	-0.7246	0.8333
P006	X	89691224	-0.7474	0.1517
P006	X	42276455	-0.7288	0.1674
P006	X	52069305	-0.6877	0.8152
P006	X	103923179	0.0802	0.4984
P006	X	104621702	0.0513	0.5004
P006	X	121862000	0.1223	0.4968
P006	X	119483240	0.0099	0.5034
P006	X	143384591	-0.0391	0.5106
P006	X	137278727	-0.0444	0.5143
P006	X	136511485	-0.0357	0.4796
P006	X	142996176	0.026	0.513
P006	X	151232209	0.0098	0.4899
P006	X	149768745	-0.1056	0.4835
P006	X	147383130	-0.0046	0.5002
P006	X	144720881	0.0069	0.5175
P006	Y	2543181	-2.1697	0.4713
P006	Y	2351341	-2.2458	0.4829
P006	Y	3772715	-2.1387	0.5233
P006	Y	6898472	-2.23	0.4896
P006	Y	7291076	-2.1685	0.4762
P006	Y	7207380	-2.2062	0.473
P006	Y	7155735	-2.2053	0.4792
P006	Y	7169429	-2.2059	0.4933
P006	Y	10605477	-2.2051	0.49
P006	Y	11665061	-2.3067	0.4742
P006	Y	7986283	-2.2343	0.5119
P006	Y	12018976	-2.2477	0.5215
P006	Y	14411244	-2.1661	0.4954
P006	Y	39822539	-2.2048	0.5095
P006	Y	30572233	-2.3205	0.4856
P006	Y	33712035	-2.2218	0.4903
P006	Y	42656747	-2.1782	0.504
P006	Y	47013343	-2.2616	0.5049
P006	Y	46148545	-2.2001	0.5105
P006	Y	46998639	-2.2281	0.4815
P006	Y	53880629	-2.1797	0.5102
P006	Y	54946940	-2.1829	0.5018
P006	Y	52587304	-2.2206	0.4988
P006	Y	57887003	-2.1587	0.5023
P007	1	23531466	0.0154	0.2272
P007	1	50514960	-0.0285	0.1765
P007	1	33011880	-0.0206	0.7695
P007	1	51827790	0.0538	0.1976
P007	1	115888285	0.6825	0.3067
P007	1	85610870	0.6833	0.6926
P007	1	92841337	0.687	0.7015
P007	1	103565382	0.5894	0.3
P007	1	169449982	0.6018	0.3278
P007	1	140827781	0.6614	0.3248
P007	1	135541752	0.6784	0.6836
P007	1	131792170	0.6223	0.6866
P007	1	204554891	-0.0257	0.5052
P007	1	185543057	-0.0217	0.4945
P007	1	217504040	0.0302	0.4821
P007	1	196321251	0.035	0.5105
P007	1	239076514	0.0547	0.5255
P007	1	235878974	-0.0112	0.5068
P007	1	228062411	0.0095	0.5056
P007	1	226674169	-0.0026	0.5072
P007	1	243223396	-0.0183	0.5266
P007	1	243325848	0.0206	0.4996
P007	1	243121816	-0.0329	0.4999
P007	1	242268376	0.0302	0.5054
P007	1	245699294	0.0178	0.4896
P007	1	245869171	0.0317	0.4982
P007	1	244329537	0.0478	0.5066
P007	1	248610031	0.008	0.4986
P007	2	75110666	0.0433	0.5133
P007	2	44841263	0.0007	0.4924
P007	2	97923977	0.0211	0.5125
P007	2	54919633	0.0114	0.5017
P007	2	180138419	-0.0062	0.4994
P007	2	132597229	0.1069	0.5015
P007	2	117314689	0.0707	0.507
P007	2	118805703	0.0501	0.4932
P007	2	186916543	0.0376	0.8067
P007	2	182097471	-0.0201	0.2208
P007	2	181283761	0.0311	0.7974
P007	2	185667734	-0.0434	0.8078
P007	2	199319783	0.3964	0.3864
P007	2	195209497	0.4161	0.613
P007	2	196216211	0.3208	0.638
P007	2	208704796	0.4491	0.6046
P007	2	210165143	0.3548	0.3752
P007	2	225368955	0.385	0.3833
P007	2	234372232	0.2872	0.4093
P007	2	235713381	0.4594	0.5992
P007	3	12552550	0.0089	0.4911
P007	3	36545750	-0.0271	0.4984
P007	3	7767090	-0.032	0.5
P007	3	49657931	-0.0592	0.502
P007	3	54412471	0.0892	0.5014
P007	3	69450015	-0.0172	0.489
P007	3	64579451	-0.0247	0.5034
P007	3	64029189	0.1119	0.5323
P007	3	78860230	0.0412	0.5149
P007	3	80772415	0.0115	0.4872
P007	3	78318279	0.0215	0.4998
P007	3	78962970	-0.0703	0.4819
P007	3	91865204	0.1209	0.4809
P007	3	86087636	0.0744	0.4881
P007	3	91662014	0.019	0.4991
P007	3	85667634	0.0098	0.5126
P007	3	100005775	-0.0404	0.5097
P007	3	110204297	-0.069	0.5276
P007	3	100613350	0.0524	0.491
P007	3	102196031	0.0569	0.5073
P007	3	123292889	-0.5072	0.7212
P007	3	112907861	-0.4995	0.7218
P007	3	123643159	-0.5308	0.7518
P007	3	125921865	-0.3803	0.2847
P007	3	131115713	0.6281	0.3178
P007	3	144400827	0.6337	0.3287
P007	3	150396500	0.7411	0.3041
P007	3	149579907	0.7596	0.3207
P007	3	152966639	0.0399	0.4959
P007	3	153473565	0.0106	0.5144
P007	3	154160713	-0.0064	0.5058
P007	3	152308246	-0.0062	0.5194
P007	3	172775118	-0.1435	0.7893
P007	3	162759051	-0.0617	0.8003
P007	3	188470142	0.0242	0.1988
P007	3	162928415	0.0344	0.1998
P007	4	5840081	-0.0291	0.4906
P007	4	2654627	-0.0639	0.4983
P007	4	307141	0.0011	0.5028
P007	4	4071721	-0.0156	0.4804
P007	4	70700391	-0.0326	0.4888
P007	4	57559735	-0.0052	0.4966
P007	4	27169491	-0.0149	0.5005
P007	4	57745390	0.0544	0.4849
P007	4	81102021	-0.5328	0.7029
P007	4	122663805	-0.5052	0.2968
P007	4	80784398	-0.3959	0.3121
P007	4	75749150	-0.5249	0.2738
P007	4	140597771	0.0185	0.4879
P007	4	138979523	-0.0162	0.5055
P007	4	137854640	0.0111	0.4996
P007	4	140172622	-0.0943	0.5161
P007	4	162535344	-0.0348	0.501
P007	4	143031395	0.0189	0.4936
P007	4	160202452	-0.0865	0.4863
P007	4	164138025	0.0576	0.5088
P007	5	6937732	-0.0929	0.5126
P007	5	5613088	0.0182	0.5205
P007	5	12883414	0.032	0.4963
P007	5	14731449	0.0165	0.4917
P007	5	30828322	-0.0018	0.4813
P007	5	31108194	0.0161	0.4946
P007	5	28871041	0.0502	0.4983
P007	5	29488179	0.0229	0.4978
P007	5	52692183	0.3809	0.5969
P007	5	55231250	0.3576	0.6407
P007	5	38104653	0.397	0.6202
P007	5	44170545	0.293	0.3698
P007	5	92923067	-0.0402	0.5152
P007	5	80113897	0.0485	0.4891
P007	5	69734748	0.0044	0.5028
P007	5	85397354	-0.0772	0.4876
P007	5	98463489	0.0163	0.515
P007	5	102546689	0.0206	0.4954
P007	5	103269801	0.0635	0.4938
P007	5	103808092	0.0058	0.4987
P007	5	152182534	-0.5318	0.7281
P007	5	138584626	-0.524	0.6878
P007	5	151899463	-0.4899	0.7139
P007	5	147139211	-0.4776	0.3131
P007	5	168996159	-0.4945	0.3054
P007	5	170814487	-0.5015	0.2998
P007	5	171411425	-0.4565	0.7002
P007	5	171972968	-0.4911	0.7002
P007	5	180712098	-0.0417	0.5143
P007	5	180076594	-0.0826	0.5273
P007	5	176834001	-0.0399	0.5094
P007	5	178217465	0.0437	0.4925
P007	6	24715253	0.076	0.4976
P007	6	28525032	0.0026	0.4963
P007	6	8431126	-0.0211	0.4971
P007	6	1985025	-0.0054	0.4903
P007	6	79156271	0.3212	0.3826
P007	6	57012809	0.3679	0.6211
P007	6	101922313	0.4113	0.6235
P007	6	96918251	0.2932	0.6058
P007	6	108768575	-0.052	0.5236
P007	6	124046539	0.0315	0.4938
P007	6	126059073	0.025	0.5138
P007	6	129610920	-0.0216	0.5203
P007	6	133314609	0.3666	0.6364
P007	6	134988266	0.3432	0.5984
P007	6	129875227	0.3637	0.6036
P007	6	134873046	0.4444	0.41
P007	6	140898475	0.6156	0.3439
P007	6	169875962	0.6371	0.6966
P007	6	158768178	0.7463	0.6892
P007	6	166849857	0.7074	0.3427
P007	7	37622457	0.3512	0.3723
P007	7	59818421	0.3914	0.3979
P007	7	5102160	0.4167	0.6338
P007	7	33734236	0.3555	0.3793
P007	7	88699712	0.0337	0.5257
P007	7	87682139	0.0227	0.5033
P007	7	65259755	-0.0378	0.5
P007	7	67144635	-0.0729	0.4991
P007	7	113932436	-0.0395	0.5116
P007	7	98339656	0.0026	0.4872
P007	7	112123468	-0.0245	0.5109
P007	7	113266235	-0.0218	0.4897
P007	7	121991487	-0.0135	0.4833
P007	7	121855309	-0.0564	0.4755
P007	7	120370859	0.008	0.5056
P007	7	123912600	0.0078	0.5093
P007	7	135310415	-0.5511	0.2751
P007	7	152618739	-0.5843	0.2796
P007	7	133085227	-0.5923	0.7092
P007	7	141816494	-0.5122	0.6721
P007	8	8229397	0.0093	0.4921
P007	8	1729528	0.0498	0.4875
P007	8	1631707	0.023	0.509
P007	8	4996668	-0.0179	0.4912
P007	8	27242070	-0.5507	0.7201
P007	8	21684963	-0.5693	0.7237
P007	8	18155098	-0.5095	0.3101
P007	8	23055654	-0.4947	0.2934
P007	8	44155294	-0.5366	0.258
P007	8	34540974	-0.4729	0.2767
P007	8	45357208	-0.5332	0.7083
P007	8	48099867	-0.536	0.7052
P007	8	112955882	0.4148	0.6227
P007	8	116956813	0.2831	0.5897
P007	8	91300489	0.3731	0.6152
P007	8	107896334	0.3121	0.6289
P007	9	8220321	-0.0179	0.476
P007	9	23601242	0.05	0.4989
P007	9	6624819	0.0356	0.5034
P007	9	29112079	0.0245	0.4978
P007	9	33151472	-0.017	0.5074
P007	9	36674552	0.0259	0.4961
P007	9	39802298	0.0506	0.5053
P007	9	31163702	-0.0251	0.4916
P007	9	50954280	0.0927	0.4967
P007	9	49629387	0.0373	0.4736
P007	9	62146026	-0.0391	0.4886
P007	9	51042762	0.0789	0.5031
P007	9	72984583	-0.0182	0.4933
P007	9	78454612	-0.027	0.4941
P007	9	76766741	-0.0208	0.4951
P007	9	65872733	-0.0716	0.4827
P007	9	81293092	0.3597	0.6015
P007	9	79889770	0.3565	0.4005
P007	9	81861163	0.3124	0.358
P007	9	80934914	0.3798	0.4189
P007	9	127210300	0.0104	0.4989
P007	9	110082864	-0.0013	0.5141
P007	9	116766082	0.0398	0.4886
P007	9	99047447	0.0314	0.4998
P007	9	135838171	-0.0021	0.4911
P007	9	134999418	0.022	0.5057
P007	9	137812594	0.0246	0.5004
P007	9	138397836	-0.0477	0.4742
P007	10	3869925	0.7074	0.6982
P007	10	2367472	0.6716	0.6895
P007	10	3712490	0.6472	0.6734
P007	10	6885941	0.5519	0.3209
P007	10	38424532	0.0187	0.4892
P007	10	19490463	0.0739	0.5013
P007	10	15831850	0.0419	0.4874
P007	10	41312563	-0.0023	0.5102
P007	10	43821028	0.091	0.5031
P007	10	43433400	-0.0223	0.5023
P007	10	43968002	0.0238	0.4857
P007	10	44955640	0.056	0.5179
P007	10	47615661	0.0359	0.5022
P007	10	65746697	0.1138	0.4921
P007	10	63133123	0.0034	0.4867
P007	10	61481353	-0.0366	0.5262
P007	10	87021204	0.3375	0.3706
P007	10	88909363	0.3317	0.4028
P007	10	89838281	0.3709	0.4096
P007	10	89785699	0.2691	0.3939
P007	10	110031437	-0.4559	0.2598
P007	10	104571136	-0.5325	0.2775
P007	10	91096337	-0.488	0.706
P007	10	106456516	-0.4738	0.7043
P007	10	120964729	0.6975	0.6768
P007	10	133442030	0.621	0.3054
P007	10	129209453	0.5523	0.3087
P007	10	130506445	0.6184	0.657
P007	11	26254578	-0.0458	0.4741
P007	11	8094251	0.0339	0.5084
P007	11	32935932	0.0333	0.5028
P007	11	13188556	-0.0004	0.5072
P007	11	72975149	0.655	0.6796
P007	11	75849994	0.6612	0.3121
P007	11	63209720	0.6963	0.2992
P007	11	79730024	0.6458	0.6871
P007	11	84766725	0.0504	0.5083
P007	11	81870311	-0.0229	0.5098
P007	11	96157979	-0.0003	0.4922
P007	11	95548597	0.059	0.5136
P007	11	118847998	0.0357	0.4961
P007	11	103900975	-0.0396	0.4896
P007	11	120512781	-0.0156	0.4721
P007	11	117906344	0.0387	0.5057
P007	12	45857170	0.0177	0.5101
P007	12	11626397	0.0156	0.4849
P007	12	76869336	-0.0225	0.5035
P007	12	11552779	-0.0242	0.5226
P007	12	83848418	0.6816	0.3228
P007	12	82266098	0.6447	0.6753
P007	12	83816178	0.5766	0.7046
P007	12	84878129	0.6981	0.3264
P007	12	114475425	0.0055	0.5172
P007	12	108944263	-0.0533	0.496
P007	12	107829828	-0.0163	0.4921
P007	12	114949613	0.0045	0.5073
P007	12	127969055	-0.0147	0.5123
P007	12	123896559	-0.0089	0.4903
P007	12	121155683	-0.0112	0.4776
P007	12	120100320	-0.0305	0.5007
P007	13	798345	0.023	0.4962
P007	13	963409	-0.0274	0.4699
P007	13	7835920	-0.0024	0.4844
P007	13	3363807	-0.0037	0.4825
P007	13	21136508	-0.0195	0.5133
P007	13	13795527	-0.0065	0.5188
P007	13	19401690	0.0141	0.5213
P007	13	17046517	0.0782	0.4793
P007	13	41045664	0.0093	0.4901
P007	13	36995377	0.0192	0.4972
P007	13	28485286	-0.0568	0.5043
P007	13	34366893	-0.0212	0.4955
P007	13	48036672	-0.0236	0.4749
P007	13	52361205	0.0648	0.492
P007	13	46761273	0.0458	0.503
P007	13	47949045	0.0069	0.5076
P007	13	57989970	0.0401	0.5011
P007	13	75144120	0.0496	0.5018
P007	13	61082082	-0.012	0.5004
P007	13	68115928	0.0158	0.5015
P007	13	76938035	-0.1387	0.4881
P007	13	77289535	-0.0037	0.4721
P007	13	76333208	0.0528	0.5057
P007	13	76479428	-0.0059	0.4671
P007	13	77792289	-0.5008	0.6898
P007	13	85838606	-0.4846	0.7011
P007	13	95716835	-0.5161	0.2873
P007	13	95506734	-0.602	0.3241
P007	13	99628439	0.0663	0.5074
P007	13	96780197	-0.0432	0.4991
P007	13	97463937	0.0363	0.5079
P007	13	97772999	-0.0118	0.4997
P007	13	101628290	0.0945	0.504
P007	13	103500206	0.0158	0.4977
P007	13	110488259	-0.0467	0.4928
P007	13	109729305	0.0706	0.5122
P007	14	371022	-0.0186	0.5166
P007	14	334428	-0.0725	0.5041
P007	14	324801	0.0855	0.498
P007	14	87964	0.0473	0.5037
P007	14	1311776	0.363	0.3736
P007	14	3838791	0.2804	0.5977
P007	14	5917171	0.3687	0.6406
P007	14	4142305	0.3538	0.613
P007	14	12160140	-0.5085	0.6907
P007	14	16553540	-0.4934	0.7082
P007	14	21932681	-0.5203	0.6891
P007	14	11271731	-0.5282	0.2894
P007	14	29967685	-0.4559	0.2909
P007	14	34677319	-0.5822	0.6917
P007	14	32522685	-0.4874	0.709
P007	14	30755780	-0.485	0.7121
P007	14	63252803	-0.0503	0.4802
P007	14	60376024	0.0006	0.5472
P007	14	56041605	-0.0346	0.5086
P007	14	65285493	-0.0147	0.5195
P007	14	68763745	-0.5162	0.7021
P007	14	68050136	-0.543	0.2897
P007	14	70333682	-0.491	0.2694
P007	14	70581432	-0.5503	0.7118
P007	14	77503353	0.0246	0.5051
P007	14	75821987	0.0295	0.511
P007	14	75885325	-0.0596	0.4848
P007	14	73863974	-0.0474	0.4909
P007	14	103784286	0.3561	0.6134
P007	14	87962111	0.3962	0.3923
P007	14	80874843	0.4099	0.3691
P007	14	102702776	0.3536	0.6392
P007	15	4749516	0.1109	0.4862
P007	15	4891601	-0.0547	0.4873
P007	15	4971932	0.0384	0.4888
P007	15	2524878	0.0232	0.4918
P007	15	6976624	-0.0495	0.5112
P007	15	7440720	-0.0232	0.4794
P007	15	10233452	-0.0236	0.5102
P007	15	5913419	-0.0653	0.4893
P007	15	20455542	-0.5143	0.2675
P007	15	14886834	-0.5387	0.28
P007	15	20499861	-0.4928	0.6924
P007	15	11893172	-0.4269	0.7197
P007	15	24635136	0.0413	0.4797
P007	15	21318019	0.0058	0.4671
P007	15	30067973	-0.051	0.5136
P007	15	29244386	-0.0009	0.5114
P007	15	32145622	0.4033	0.5995
P007	15	36255483	0.3376	0.3707
P007	15	40173788	0.4271	0.3945
P007	15	44900587	0.4237	0.3941
P007	15	65065313	-0.5301	0.2895
P007	15	54500853	-0.4238	0.7221
P007	15	68438366	-0.5266	0.3232
P007	15	63459940	-0.5404	0.713
P007	15	91028061	-0.0028	0.5254
P007	15	94285314	-0.0123	0.5194
P007	15	95366709	-0.0715	0.5312
P007	15	96831049	-0.0389	0.5007
P007	16	158451	-1.2532	0.4892
P007	16	4112316	-1.3027	0.5079
P007	16	1803764	-1.2514	0.4924
P007	16	3394184	-1.2463	0.5051
P007	16	5412862	-0.0163	0.5037
P007	16	6708206	0.0392	0.4938
P007	16	6558065	-0.0009	0.5065
P007	16	6748456	0.0525	0.4717
P007	16	53925849	-0.5472	0.7122
P007	16	44367789	-0.4946	0.6977
P007	16	20126900	-0.38	0.3089
P007	16	45124524	-0.5608	0.6789
P007	16	59305837	0.0753	0.4901
P007	16	57777968	0.0262	0.5078
P007	16	58727596	0.0249	0.4899
P007	16	56003365	-0.0825	0.5204
P007	16	61176910	-0.005	0.5086
P007	16	63445575	0.0243	0.504
P007	16	63807940	0.015	0.4932
P007	16	61294826	-0.0576	0.4935
P007	16	73862711	-0.0135	0.4923
P007	16	89208582	-0.0315	0.5076
P007	16	84003287	0.0019	0.4821
P007	16	66268184	0.0054	0.518
P007	17	66409	0.0054	0.5132
P007	17	4836267	-0.0066	0.4951
P007	17	9827980	-0.0247	0.5073
P007	17	7795121	-0.0134	0.5022
P007	17	40502670	0.3073	0.6284
P007	17	28318892	0.3512	0.5816
P007	17	47985182	0.4087	0.6161
P007	17	16899895	0.3286	0.6085
P007	17	57724958	0.0535	0.5011
P007	17	51351246	0.0138	0.4939
P007	17	51349948	-0.0121	0.4875
P007	17	59503457	-0.0504	0.5031
P007	17	74488036	0.0359	0.4777
P007	17	80946871	-0.0093	0.4865
P007	17	69514732	-0.091	0.5083
P007	17	71374369	-0.0783	0.4779
P007	18	10672039	0.0065	0.4637
P007	18	565709	-0.0283	0.4927
P007	18	2090245	0.0392	0.534
P007	18	7209324	-0.0569	0.4933
P007	18	15375439	-0.5475	0.2967
P007	18	14587540	-0.5729	0.3031
P007	18	14804368	-0.501	0.7087
P007	18	15057395	-0.4814	0.2821
P007	18	17045096	0.6025	0.3275
P007	18	18046089	0.6772	0.6738
P007	18	19964579	0.6771	0.3003
P007	18	16869110	0.7387	0.6857
P007	18	29263901	0.728	0.7045
P007	18	24616417	0.7473	0.6826
P007	18	24098380	0.6739	0.3333
P007	18	22725776	0.7162	0.6805
P007	18	40134577	0.2985	0.3833
P007	18	32265935	0.3161	0.3911
P007	18	34922843	0.433	0.5994
P007	18	35464758	0.3578	0.3798
P007	18	49752564	-0.0338	0.493
P007	18	46696917	0.0385	0.4892
P007	18	49587381	-0.0174	0.4926
P007	18	42457424	0.0207	0.5167
P007	18	55960546	-0.4753	0.6976
P007	18	53781682	-0.4797	0.2943
P007	18	58348891	-0.6004	0.7138
P007	18	56846313	-0.5444	0.309
P007	18	73658538	-0.0021	0.4791
P007	18	63515969	0.0429	0.4968
P007	18	64803098	0.0257	0.5039
P007	18	69062985	-0.031	0.4951
P007	19	3279083	-0.03	0.4838
P007	19	5691560	-0.019	0.4737
P007	19	17301075	0.0444	0.5119
P007	19	17224166	-0.0357	0.5257
P007	19	39216722	0.0304	0.5017
P007	19	31204534	-0.0316	0.5055
P007	19	34184017	0.0185	0.5202
P007	19	26692425	0.1052	0.4859
P007	19	41765023	0.3051	0.6351
P007	19	45416755	0.3656	0.6342
P007	19	47244673	0.3978	0.3579
P007	19	43054497	0.3588	0.5814
P007	19	50273700	-0.0255	0.493
P007	19	48200311	0.1253	0.4908
P007	19	54054307	0.0174	0.4848
P007	19	51661534	-0.0189	0.4942
P007	20	817243	-0.5477	0.7193
P007	20	3050760	-0.4422	0.6901
P007	20	1149521	-0.588	0.7064
P007	20	5447059	-0.5149	0.2947
P007	20	41193814	0.0185	0.4901
P007	20	35119255	0.0006	0.4947
P007	20	36280645	-0.0715	0.5173
P007	20	35227875	0.061	0.5383
P007	20	45194956	0.0036	0.7897
P007	20	51753671	0.0249	0.222
P007	20	56351783	-0.0606	0.2015
P007	20	50068092	-0.02	0.8037
P007	20	62579213	0.0088	0.5149
P007	20	58646452	0.0164	0.485
P007	20	61937639	-0.0574	0.509
P007	20	62286531	-0.0955	0.4931
P007	21	572407	-0.524	0.2781
P007	21	560981	-0.6008	0.292
P007	21	826794	-0.5009	0.2707
P007	21	369147	-0.48	0.713
P007	21	8666323	0.0282	0.5141
P007	21	4061398	-0.0135	0.4759
P007	21	10355469	0.0146	0.5135
P007	21	10832589	0.0505	0.5027
P007	21	20233950	-0.4723	0.706
P007	21	21358626	-0.5453	0.3019
P007	21	21633024	-0.4882	0.3015
P007	21	18973182	-0.5541	0.7019
P007	21	22480342	0.4393	0.3787
P007	21	23036171	0.4301	0.6372
P007	21	22552077	0.4142	0.6089
P007	21	23349292	0.4299	0.3806
P007	21	24393813	-0.4989	0.301
P007	21	23764266	-0.482	0.7172
P007	21	25090144	-0.5713	0.713
P007	21	24299194	-0.4961	0.7068
P007	21	27161514	-0.4926	0.7078
P007	21	27056211	-0.5681	0.7036
P007	21	28285590	-0.4209	0.3249
P007	21	30557793	-0.4568	0.7155
P007	21	34053326	0.0186	0.5009
P007	21	35442825	0.0116	0.4834
P007	21	37222604	0.0484	0.5082
P007	21	34066009	0.012	0.5018
P007	22	235810	0.0069	0.5013
P007	22	339331	0.0147	0.5003
P007	22	65053	-0.0318	0.4893
P007	22	445565	-0.0334	0.5163
P007	22	11502932	0.3659	0.3847
P007	22	8874263	0.4561	0.6261
P007	22	16567099	0.3415	0.6044
P007	22	13699342	0.2803	0.3938
P007	22	38255270	0.0032	0.4954
P007	22	36772828	-0.0284	0.5022
P007	22	36777180	-0.0156	0.5004
P007	22	38335776	-0.0677	0.5221
P007	22	47523547	0.0667	0.5143
P007	22	43239438	0.0215	0.4952
P007	22	48093481	-0.041	0.4749
P007	22	48085596	0.0212	0.4819
P007	22	50371230	-0.0261	0.5161
P007	22	48748434	0.0868	0.5004
P007	22	48811520	0.0651	0.5111
P007	22	49304110	0.0315	0.5141
P007	22	51201425	-0.0017	0.501
P007	22	51118560	-0.0334	0.5129
P007	22	51240699	0.044	0.4819
P007	22	50915019	-0.0468	0.5065
P007	X	10269641	-0.5413	0.7068
P007	X	9637318	-0.4975	0.7069
P007	X	8020428	-0.5296	0.7128
P007	X	5001205	-0.4759	0.2746
P007	X	59266173	-0.5313	0.7216
P007	X	58268105	-0.5111	0.2744
P007	X	63113299	-0.483	0.7001
P007	X	60521127	-0.5264	0.2937
P007	X	73011906	-0.4492	0.7254
P007	X	73318930	-0.4848	0.3164
P007	X	67921359	-0.4788	0.7033
P007	X	74524563	-0.4702	0.7076
P007	X	79582699	-0.5282	0.7298
P007	X	107551891	-0.4923	0.3174
P007	X	94619372	-0.4833	0.2927
P007	X	76068315	-0.4039	0.7131
P007	X	111336294	-0.4756	0.2741
P007	X	110543300	-0.4426	0.3073
P007	X	111142087	-0.4952	0.6992
P007	X	111114611	-0.5572	0.6932
P007	X	113041881	-0.535	0.2762
P007	X	120724416	-0.5541	0.7119
P007	X	114783714	-0.4246	0.2741
P007	X	113852852	-0.4408	0.6939
P007	X	127670230	-0.4414	0.7227
P007	X	133237482	-0.5027	0.2945
P007	X	129000067	-0.548	0.6884
P007	X	125953817	-0.5208	0.3192
P007	X	137292334	-0.5208	0.2721
P007	X	138758973	-0.5273	0.7145
P007	X	140742456	-0.4647	0.3001
P007	X	136735213	-0.5522	0.2866
P007	Y	4098385	-0.0404	0.4958
P007	Y	6994024	0.0235	0.4912
P007	Y	4607535	0.0403	0.4778
P007	Y	5628570	-0.0522	0.4924
P007	Y	11174115	-0.1253	0.508
P007	Y	11249213	0.0532	0.5128
P007	Y	11231836	0.0038	0.4867
P007	Y	11203490	0.004	0.5112
P007	Y	12286620	0.3463	0.3764
P007	Y	22557875	0.4257	0.6094
P007	Y	12842424	0.3477	0.3675
P007	Y	19051959	0.3963	0.4006
P007	Y	47195214	-0.4182	0.7137
P007	Y	53122683	-0.5339	0.2703
P007	Y	43376663	-0.5379	0.2886
P007	Y	47881388	-0.4764	0.6921
