sample	chr	startpos	endpos	nMajor	nMinor	nAraw	nBraw
P001	1	1	123400000	1	1	1.0401	1.0001
P001	1	123400001	248956422	3	1	3.0535	1.0396
P001	2	1	10065165	1	1	1.1407	1.0227
P001	2	10065166	10544335	2	1	1.9701	0.9739
P001	2	10544336	156440965	1	1	0.9991	1.0647
P001	2	156440966	156859564	2	1	1.9764	1.027
P001	2	156859565	242193529	1	1	1.1286	0.8205
P001	3	1	90900000	1	0	0.9213	0.0171
P001	3	90900001	198295559	1	1	1.0279	1.0167
P001	4	1	190214555	1	1	0.9698	1.0459
P001	5	1	181538259	1	1	1.0197	0.9635
P001	6	1	13311529	1	1	1.1701	1.0249
P001	6	13311530	14617727	0	0	0	0
P001	6	14617728	77741401	1	1	0.9842	0.9956
P001	6	77741402	80141295	2	1	1.809	0.9659
P001	6	80141296	153253477	1	1	1.0706	0.9182
P001	6	153253478	154658916	1	0	0.9953	0.0667
P001	6	154658917	170805979	1	1	1.0599	1.1044
P001	7	1	60100000	3	1	2.8809	0.9753
P001	7	60100001	99964704	1	1	0.9761	1.0436
P001	7	99964705	100471233	1	0	1.0764	0
P001	7	100471234	159345973	1	1	1.0762	0.8987
P001	8	1	133255250	1	1	1.0478	0.8956
P001	8	133255251	141743926	2	1	2.0123	1.0836
P001	8	141743927	145138636	1	1	0.9895	1.0134
P001	9	1	65524159	1	1	1.0558	1.0099
P001	9	65524160	65993941	2	1	1.9938	1.1073
P001	9	65993942	97061525	1	1	1.0734	0.9794
P001	9	97061526	98408969	1	0	1.1922	0
P001	9	98408970	132906784	1	1	1.064	0.9814
P001	9	132906785	138394717	1	0	1.0093	0.0494
P001	10	1	22140838	1	1	1.0156	1.0447
P001	10	22140839	34443412	2	1	1.8931	0.8943
P001	10	34443413	81733095	1	1	1.043	0.9326
P001	10	81733096	117904651	8	1	7.9281	0.8971
P001	10	117904652	133797422	1	1	1.0886	1.0523
P001	11	1	56599395	1	1	1.1031	0.9344
P001	11	56599396	56981635	1	0	1.0001	0
P001	11	56981636	102618964	1	1	1.0536	1.1113
P001	11	102618965	107317463	1	0	0.9377	0.1092
P001	11	107317464	109837526	1	1	1.0692	0.9876
P001	11	109837527	111279209	1	0	0.862	0.0985
P001	11	111279210	135086622	1	1	0.9933	0.9578
P001	12	1	8724149	1	1	1.028	1.0287
P001	12	8724150	9148188	1	0	1.1049	0
P001	12	9148189	77832216	1	1	1.0795	1.1041
P001	12	77832217	92742062	5	1	5.1017	0.9874
P001	12	92742063	126792950	1	1	0.9479	1.0713
P001	12	126792951	127959418	1	0	1.0081	0.0087
P001	12	127959419	133275309	1	1	1.0997	0.9816
P001	13	1	22555071	1	1	0.8392	0.9729
P001	13	22555072	28621471	2	1	1.8702	1.0573
P001	13	28621472	38197765	1	1	1.0222	0.9572
P001	13	38197766	46574257	1	0	0.9993	0.0583
P001	13	46574258	46926939	2	1	2.0055	1.0929
P001	13	46926940	48311659	1	0	0.9957	0.0728
P001	13	48311660	114364328	1	1	1.1044	1.1127
P001	14	1	103110486	1	1	0.953	1.0616
P001	14	103110487	104379911	1	0	0.8687	0
P001	14	104379912	107043718	1	1	0.8626	1.0748
P001	15	1	18377915	1	1	0.9138	0.9991
P001	15	18377916	34992430	1	0	0.9865	0
P001	15	34992431	52472380	1	1	0.9586	1.0164
P001	15	52472381	79098880	2	1	2.1254	1.0031
P001	15	79098881	101991189	1	1	1.0372	1.07
P001	16	1	51061966	1	1	0.9861	0.9118
P001	16	51061967	83513523	2	1	1.9611	1.0752
P001	16	83513524	90338345	1	0	0.8848	0
P001	17	1	25100000	1	0	1.0705	0.0555
P001	17	25100001	83257441	1	1	1.0005	1.0564
P001	18	1	18500000	1	1	1.0116	0.9175
P001	18	18500001	80373285	1	0	0.8905	0
P001	19	1	8421592	1	1	1.0646	0.9604
P001	19	8421593	17334855	2	1	1.9368	0.946
P001	19	17334856	41445947	1	1	0.8928	0.9918
P001	19	41445948	48952311	1	0	0.9174	0.0255
P001	19	48952312	58617616	1	1	0.8348	1.0229
P001	20	1	4177380	1	1	0.9551	0.864
P001	20	4177381	4972221	1	0	1.0507	0
P001	20	4972222	26714000	1	1	0.8439	0.9387
P001	20	26714001	28890986	8	1	8.0204	0.9679
P001	20	28890987	29569968	1	1	1.0546	1.0523
P001	20	29569969	30263134	2	1	2.0466	1.0229
P001	20	30263135	64444167	1	1	1.0934	1.0462
P001	21	1	46709983	1	1	1.0316	0.8541
P001	22	1	50818468	1	1	1.0628	1.0917
P001	X	1	156040895	1	0	0.9792	0
P002	1	1	95033047	1	1	1.0491	1.0805
P002	1	95033048	95362427	0	0	0.0687	0
P002	1	95362428	216644205	1	1	0.8837	0.919
P002	1	216644206	218435529	0	0	0.0603	0
P002	1	218435530	248956422	1	1	0.979	1.0665
P002	2	1	242193529	1	1	1.0096	0.9637
P002	3	1	93207271	1	1	0.9835	1.0269
P002	3	93207272	95369186	1	0	0.8931	0.0316
P002	3	95369187	198295559	1	1	0.9561	1.0139
P002	4	1	110377909	1	1	0.9943	0.9828
P002	4	110377910	123044897	1	0	0.8912	0.0027
P002	4	123044898	176186082	1	1	1.1535	0.938
P002	4	176186083	188575930	1	0	1.0377	0.0414
P002	4	188575931	190214555	2	1	1.9685	1.0249
P002	5	1	181538259	1	1	1.076	1.1026
P002	6	1	38623460	1	1	0.9213	1.115
P002	6	38623461	38774271	0	0	0	0
P002	6	38774272	159189550	1	1	0.947	1.0755
P002	6	159189551	163410705	2	1	1.9847	1.1335
P002	6	163410706	170805979	1	1	1.0193	0.9647
P002	7	1	38750713	2	1	2.0002	0.9952
P002	7	38750714	48867285	1	0	1.0061	0.0146
P002	7	48867286	60100000	2	1	2.0223	0.9574
P002	7	60100001	97031496	1	1	1.0094	0.9558
P002	7	97031497	99947022	2	1	2.0828	0.9931
P002	7	99947023	131063985	1	1	0.8604	0.9903
P002	7	131063986	139669792	2	1	2.0052	1.0637
P002	7	139669793	159345973	1	1	0.9863	0.8636
P002	8	1	142384785	1	1	1.0567	1.0268
P002	8	142384786	143731412	1	0	1.0308	0
P002	8	143731413	145138636	1	1	0.9457	1.0202
P002	9	1	43000000	1	0	0.9974	0
P002	9	43000001	138394717	1	1	1.0162	0.9486
P002	10	1	51270104	1	1	0.9981	1.091
P002	10	51270105	51877132	2	1	1.9697	1.0318
P002	10	51877133	82948967	1	1	0.9485	0.947
P002	10	82948968	83936487	1	0	1.0137	0.013
P002	10	83936488	108811506	1	1	0.9055	1.0076
P002	10	108811507	114222321	1	0	1.0162	0.0319
P002	10	114222322	133797422	1	1	1.0737	0.9693
P002	11	1	135086622	1	1	1.0668	0.956
P002	12	1	133275309	1	1	0.9607	0.9451
P002	13	1	17700000	1	1	0.9874	0.9098
P002	13	17700001	114364328	1	0	0.8917	0
P002	14	1	107043718	1	1	0.9524	0.851
P002	15	1	16602028	1	1	0.9719	0.9795
P002	15	16602029	17409931	5	1	5.0859	1.019
P002	15	17409932	73997602	1	1	1.0824	0.9784
P002	15	73997603	81257669	2	1	1.9927	0.9951
P002	15	81257670	88202469	1	1	1.1336	0.9427
P002	15	88202470	95607288	1	0	0.9448	0
P002	15	95607289	101991189	1	1	0.9716	1.1971
P002	16	1	26261936	1	1	0.9856	1.0226
P002	16	26261937	39599990	1	0	1.0272	0
P002	16	39599991	62097625	1	1	0.9582	1.0601
P002	16	62097626	90338345	1	0	0.9557	0.0144
P002	17	1	18294656	1	0	0.961	0.0018
P002	17	18294657	19426429	2	1	2.0028	1.0623
P002	17	19426430	25100000	1	0	1.0349	0
P002	17	25100001	83257441	1	1	0.9745	1.008
P002	18	1	15997535	1	1	0.8562	0.9935
P002	18	15997536	30892514	9	1	9.0042	1.0459
P002	18	30892515	68799775	1	1	0.9541	1.0292
P002	18	68799776	69701684	2	1	2.0017	1.0331
P002	18	69701685	80373285	1	1	1.0014	0.9227
P002	19	1	28610799	1	1	1.0706	1.0563
P002	19	28610800	29080963	2	1	1.9211	0.9372
P002	19	29080964	31793088	1	1	1.0791	1.1649
P002	19	31793089	42747487	1	0	1.0855	0.029
P002	19	42747488	58617616	1	1	1.0549	1.0078
P002	20	1	28100000	1	1	0.8456	1.0612
P002	20	28100001	47654866	2	1	2.0977	1.0512
P002	20	47654867	51175012	5	1	4.9735	1.0356
P002	20	51175013	64444167	2	1	2.0801	0.9481
P002	21	1	12926321	1	1	0.9055	0.9815
P002	21	12926322	36532979	9	1	9.0436	0.9695
P002	21	36532980	38240284	1	1	0.9198	0.9106
P002	21	38240285	39555119	7	1	6.8218	0.9752
P002	21	39555120	46709983	1	1	0.9478	0.9929
P002	22	1	7767512	1	1	0.9811	0.9893
P002	22	7767513	7994475	0	0	0	0.0414
P002	22	7994476	26290523	1	1	0.9906	0.9751
P002	22	26290524	26654753	2	1	1.8897	0.994
P002	22	26654754	28143250	1	1	0.9883	1.086
P002	22	28143251	50818468	2	1	1.8515	0.8698
P002	X	1	156040895	1	0	0.967	0.102
P003	1	1	14830279	1	1	0.9528	0.9631
P003	1	14830280	21274635	1	0	0.918	0.0587
P003	1	21274636	56186730	1	1	0.9694	1.0062
P003	1	56186731	57661939	2	1	2.0021	1.0029
P003	1	57661940	218269398	1	1	1.0032	0.9943
P003	1	218269399	222522584	2	1	1.98	1.0356
P003	1	222522585	248956422	1	1	0.9976	0.9437
P003	2	1	242193529	1	1	0.9996	1.1398
P003	3	1	186761035	1	1	0.9367	0.8453
P003	3	186761036	187742553	1	0	1.1337	0
P003	3	187742554	198295559	1	1	1.0178	1.0286
P003	4	1	120747618	1	1	0.9733	1.0034
P003	4	120747619	121837498	1	0	0.9686	0
P003	4	121837499	128076174	1	1	1.0713	0.946
P003	4	128076175	144307823	1	0	1.0383	0.077
P003	4	144307824	190214555	1	1	0.9884	0.9361
P003	5	1	48800000	3	1	3.0745	0.9293
P003	5	48800001	62891234	1	1	0.9837	1.0655
P003	5	62891235	63432004	1	0	1.0482	0
P003	5	63432005	173698003	1	1	0.9641	1.0849
P003	5	173698004	174922202	1	0	1.032	0
P003	5	174922203	181538259	1	1	1.0208	0.9488
P003	6	1	49989919	1	1	1.0746	0.9731
P003	6	49989920	53929864	1	0	1.0226	0
P003	6	53929865	89336682	1	1	0.9926	0.9221
P003	6	89336683	92609979	2	1	2.0351	0.9769
P003	6	92609980	161187783	1	1	0.9532	1.0916
P003	6	161187784	162043727	0	0	0	0.0427
P003	6	162043728	170805979	1	1	0.9409	0.9651
P003	7	1	60100000	2	1	1.9714	0.9942
P003	7	60100001	159345973	1	1	1.1148	0.963
P003	8	1	6574974	1	1	1.1341	0.947
P003	8	6574975	41650476	1	0	1.056	0.1316
P003	8	41650477	145138636	1	1	1.1464	1.0311
P003	9	1	86889786	1	1	0.9567	0.9896
P003	9	86889787	93680247	2	1	2.1085	0.9955
P003	9	93680248	138394717	1	1	0.9273	1.0879
P003	10	1	133797422	1	1	0.9622	1.0071
P003	11	1	58995782	1	1	0.9123	1.0169
P003	11	58995783	60414069	1	0	1.0439	0.0082
P003	11	60414070	135086622	1	1	0.9901	0.9269
P003	12	1	118151363	1	1	0.9012	0.9074
P003	12	118151364	120089781	1	0	1.1063	0
P003	12	120089782	133275309	1	1	1.0915	0.9345
P003	13	1	7263468	1	1	1.0898	0.9618
P003	13	7263469	10267058	2	1	1.9608	1.0249
P003	13	10267059	52220575	1	1	0.9491	1.0567
P003	13	52220576	57444533	6	1	6.024	0.9796
P003	13	57444534	95658806	1	1	1.018	1.0459
P003	13	95658807	98019222	2	1	1.9284	1.001
P003	13	98019223	114364328	1	1	1.0691	0.8849
P003	14	1	56560208	1	1	1.0144	1.0222
P003	14	56560209	56717210	0	0	0.0331	0
P003	14	56717211	86550754	1	1	1.0357	0.9451
P003	14	86550755	100428605	2	1	2.0632	0.9009
P003	14	100428606	107043718	1	1	0.9516	0.982
P003	15	1	38248743	1	1	0.872	1.0558
P003	15	38248744	53482192	1	0	1.0577	0.0598
P003	15	53482193	65627231	1	1	0.8378	1.0022
P003	15	65627232	70032552	2	1	1.9712	1.0218
P003	15	70032553	101991189	1	1	1.0339	1.0294
P003	16	1	8051333	1	1	1.0586	0.9746
P003	16	8051334	14471233	2	1	1.9212	1.0596
P003	16	14471234	14795678	1	0	0.8956	0.084
P003	16	14795679	37677705	2	1	2.0048	0.8897
P003	16	37677706	82899804	1	1	0.9211	0.8411
P003	16	82899805	84324906	0	0	0.0634	0
P003	16	84324907	90338345	1	1	0.88	0.8754
P003	17	1	20234906	1	0	0.9595	0
P003	17	20234907	20477184	0	0	0	0
P003	17	20477185	21278866	1	0	1.0232	0
P003	17	21278867	21694163	2	1	1.8964	0.9858
P003	17	21694164	25100000	1	0	1.0022	0
P003	17	25100001	62262589	1	1	1.0271	1.0216
P003	17	62262590	64197995	2	1	2.0287	0.8573
P003	17	64197996	83257441	1	1	1.0168	1.0198
P003	18	1	80373285	1	1	0.8519	1.0329
P003	19	1	16786954	1	1	0.9116	1.0581
P003	19	16786955	17961000	2	1	1.8362	1.0784
P003	19	17961001	58617616	1	1	0.9696	0.9635
P003	20	1	5125904	1	1	0.9355	0.9151
P003	20	5125905	63467451	1	0	0.9955	0
P003	20	63467452	64444167	2	1	2.0268	0.9862
P003	21	1	200420	1	1	1.0911	1.0151
P003	21	200421	21641482	2	1	2.0254	0.9917
P003	21	21641483	46709983	1	1	0.9991	0.9855
P003	22	1	6833025	1	1	1.0055	0.869
P003	22	6833026	18664367	1	0	1.0002	0.0773
P003	22	18664368	21006771	2	1	1.8541	1.0365
P003	22	21006772	22398197	1	0	0.9989	0
P003	22	22398198	23109283	2	1	1.9255	1.0243
P003	22	23109284	45615567	1	0	0.9401	0.0025
P003	22	45615568	50818468	1	1	1.0439	0.8326
P003	X	1	93711406	1	1	1.0355	0.881
P003	X	93711407	94752240	1	0	0.9331	0.0594
P003	X	94752241	156040895	1	1	0.9521	0.9003
P004	1	1	7496323	2	2	2.1267	1.9986
P004	1	7496324	7987666	2	1	2.0618	0.9213
P004	1	7987667	166994425	2	2	1.9123	1.9529
P004	1	166994426	172943715	3	2	3.0005	1.9912
P004	1	172943716	195726276	2	2	2.0063	1.9599
P004	1	195726277	207019641	2	0	2.0535	0
P004	1	207019642	240146441	2	2	2.0394	1.9044
P004	1	240146442	243430681	3	2	2.9609	1.9185
P004	1	243430682	248956422	2	2	1.9378	2.0113
P004	2	1	97327	2	2	1.9884	1.999
P004	2	97328	8527572	3	2	2.9595	2.0393
P004	2	8527573	180320925	2	2	2.0354	2.0558
P004	2	180320926	183488055	3	2	2.9496	1.9943
P004	2	183488056	194620833	2	2	2.0094	2.1691
P004	2	194620834	195496733	3	2	2.9464	1.9517
P004	2	195496734	242193529	2	2	2.0123	2.0783
P004	3	1	22167616	2	2	2.0226	1.9831
P004	3	22167617	45533943	2	1	2.0403	0.972
P004	3	45533944	88517453	2	2	1.9748	2.0021
P004	3	88517454	90316685	2	1	1.9938	1.0488
P004	3	90316686	134958989	2	2	1.9606	1.9501
P004	3	134958990	156357511	2	1	2.1059	1.013
P004	3	156357512	172810021	2	2	1.9714	1.9748
P004	3	172810022	196385974	2	0	1.9853	0
P004	3	196385975	198295559	2	2	1.9517	1.9339
P004	4	1	33232570	2	2	2.0314	1.8806
P004	4	33232571	39411012	6	2	6.0384	2.0641
P004	4	39411013	55231360	2	2	2.1671	1.9462
P004	4	55231361	61997969	3	2	3.053	1.9818
P004	4	61997970	99095464	2	2	2.0563	2.0046
P004	4	99095465	103482852	3	2	2.9624	1.9429
P004	4	103482853	117004991	2	2	2.0222	1.9726
P004	4	117004992	139642342	3	2	3.1028	1.9632
P004	4	139642343	190214555	2	2	2.0776	1.9996
P004	5	1	13559123	2	2	1.9634	1.9559
P004	5	13559124	14656151	2	0	2.0507	0
P004	5	14656152	53659607	2	2	2.0274	1.9332
P004	5	53659608	55211017	2	1	1.98	0.9756
P004	5	55211018	88624065	2	2	2.0122	1.977
P004	5	88624066	96617541	9	2	8.914	2.0691
P004	5	96617542	113473254	2	2	2.046	1.9053
P004	5	113473255	114131394	2	1	1.9207	1.0391
P004	5	114131395	162670293	2	2	2.0943	1.9536
P004	5	162670294	181538259	3	2	3.0251	2.0169
P004	6	1	170805979	2	2	1.946	2.0035
P004	7	1	63237795	2	2	1.9528	1.9439
P004	7	63237796	67262677	10	2	10.0244	2.0185
P004	7	67262678	108672101	2	2	2.0287	1.9747
P004	7	108672102	109042985	3	2	2.9787	1.9971
P004	7	109042986	127472669	2	2	1.9277	1.9134
P004	7	127472670	135369075	2	0	1.9191	0
P004	7	135369076	159345973	2	2	2.1311	2.0601
P004	8	1	44606117	2	2	1.9709	1.9861
P004	8	44606118	54979580	3	2	2.9633	2.0256
P004	8	54979581	66805386	2	2	1.9495	2.0182
P004	8	66805387	81582284	2	1	2.1286	0.9431
P004	8	81582285	98972427	2	2	1.9621	1.9172
P004	8	98972428	104222892	2	0	2.0614	0.0765
P004	8	104222893	108754099	2	2	2.099	2.0254
P004	8	108754100	109346566	3	2	3.1094	2.0814
P004	8	109346567	113871261	2	2	2.0985	2.046
P004	8	113871262	120430812	3	2	2.9159	2.0327
P004	8	120430813	134513490	2	2	2.0431	2.0282
P004	8	134513491	134681552	0	0	0	0
P004	8	134681553	145138636	2	2	1.8962	1.9315
P004	9	1	34786514	2	2	2.1037	1.9508
P004	9	34786515	35137827	9	2	8.8882	1.916
P004	9	35137828	60754139	2	2	2.0283	2.064
P004	9	60754140	61114538	2	0	1.9892	0
P004	9	61114539	78358956	2	2	2.1491	1.9764
P004	9	78358957	79292893	3	2	2.9828	1.9843
P004	9	79292894	138394717	2	2	1.9316	1.9923
P004	10	1	18897987	2	2	1.993	1.9207
P004	10	18897988	28615387	8	2	7.9658	1.9336
P004	10	28615388	36910705	2	2	1.8976	2.049
P004	10	36910706	38439715	3	2	2.9627	2.0418
P004	10	38439716	44991925	2	2	2.1815	1.9208
P004	10	44991926	69680137	3	2	2.999	2.0139
P004	10	69680138	89568960	2	2	2.0264	1.9051
P004	10	89568961	90015493	3	2	2.8616	2.0617
P004	10	90015494	107776977	2	2	1.9111	2.0181
P004	10	107776978	108245189	2	1	2.0255	1.1332
P004	10	108245190	112019743	2	2	2.1171	1.9333
P004	10	112019744	112881622	3	2	3.0352	2.0623
P004	10	112881623	133797422	2	2	1.8781	2.0496
P004	11	1	15312511	2	2	1.9266	2.1082
P004	11	15312512	45147036	3	2	2.9311	1.9228
P004	11	45147037	60286828	2	2	1.8855	2.09
P004	11	60286829	61270128	2	1	2.0967	0.8623
P004	11	61270129	135086622	2	2	2.0095	2.1102
P004	12	1	1014746	2	2	2.0786	2.056
P004	12	1014747	3181687	2	1	2.0294	0.9566
P004	12	3181688	69184385	2	2	2.0106	1.9726
P004	12	69184386	84833679	3	2	3.0673	2.0901
P004	12	84833680	97373334	2	0	2.0614	0.0804
P004	12	97373335	133275309	2	2	2.0712	2.0116
P004	13	1	114364328	2	2	2.0734	1.9507
P004	14	1	35942084	2	2	1.9754	1.9892
P004	14	35942085	64054989	3	2	2.9685	2.0142
P004	14	64054990	68213704	2	1	2.0777	1.1677
P004	14	68213705	69160640	2	2	1.9422	2.0902
P004	14	69160641	69494024	2	0	2.0268	0.1179
P004	14	69494025	85429761	2	2	1.9603	2.0704
P004	14	85429762	86827318	3	2	3.0738	2.0451
P004	14	86827319	97544946	2	2	1.9542	2.0881
P004	14	97544947	103413081	3	2	3.132	2.1265
P004	14	103413082	107043718	2	2	2.0434	1.8516
P004	15	1	30816986	2	2	2.1082	1.9658
P004	15	30816987	48489882	2	1	2.0294	0.9685
P004	15	48489883	74403151	2	2	2.0146	1.9106
P004	15	74403152	75515834	0	0	0.0108	0
P004	15	75515835	101991189	2	2	1.9322	2.0697
P004	16	1	48806428	2	2	1.9657	1.9565
P004	16	48806429	49402535	0	0	0.0557	0
P004	16	49402536	90338345	2	2	1.9717	2.0726
P004	17	1	6343882	2	1	1.8091	0.9855
P004	17	6343883	16650081	3	2	2.8517	2.05
P004	17	16650082	25100000	2	1	2.0761	1.0829
P004	17	25100001	43582159	2	2	2.0214	2.0302
P004	17	43582160	44136455	3	2	3.0472	2.0209
P004	17	44136456	55685536	2	2	1.9405	1.9126
P004	17	55685537	83257441	3	2	3.0149	2.0733
P004	18	1	18500000	2	2	2.0973	2.0681
P004	18	18500001	27113337	2	0	1.9612	0
P004	18	27113338	28079638	3	2	2.9446	1.9765
P004	18	28079639	80373285	2	0	2.0298	0.063
P004	19	1	31372563	2	2	2.0874	1.9135
P004	19	31372564	35619506	2	0	2.1241	0
P004	19	35619507	36385375	2	2	2.0178	2.0274
P004	19	36385376	44206468	9	2	9.1591	2.0184
P004	19	44206469	58617616	2	2	2.0691	2.0434
P004	20	1	30563603	2	2	2.0452	2.1115
P004	20	30563604	35111159	2	1	2.0146	0.9276
P004	20	35111160	61952690	2	2	1.9636	2.1807
P004	20	61952691	62078963	0	0	0.0164	0.0905
P004	20	62078964	64444167	2	2	2.0082	1.9698
P004	21	1	46709983	2	2	1.9382	2.0752
P004	22	1	15481264	2	2	1.8688	2.0656
P004	22	15481265	15951098	2	0	2.0549	0
P004	22	15951099	35728437	2	2	2.003	2.0048
P004	22	35728438	36399239	3	2	3.0019	1.9211
P004	22	36399240	50818468	2	2	2.0816	1.8779
P004	X	1	156040895	2	0	2.0066	0
P005	1	1	19261935	2	2	1.9941	1.9273
P005	1	19261936	58508702	2	1	2.006	1.0426
P005	1	58508703	60823599	2	2	1.9421	2.1175
P005	1	60823600	66438444	3	2	2.8879	2.0574
P005	1	66438445	248956422	2	2	1.964	1.8797
P005	2	1	130964551	2	2	2.1231	1.8217
P005	2	130964552	132524247	2	1	1.9568	0.9514
P005	2	132524248	242193529	2	2	2.1114	2.0014
P005	3	1	58785207	2	0	1.9254	0.0868
P005	3	58785208	60649363	0	0	0.0782	0
P005	3	60649364	68821894	2	0	1.8854	0
P005	3	68821895	71005898	2	1	2.0272	1.0293
P005	3	71005899	90900000	2	0	2.0403	0.1263
P005	3	90900001	198295559	2	2	2.0109	1.8589
P005	4	1	23433820	2	2	2.0444	1.8898
P005	4	23433821	51479247	7	2	7.0668	2.0447
P005	4	51479248	162283706	2	2	2.0053	2.0531
P005	4	162283707	190214555	2	0	2.0064	0.024
P005	5	1	38561702	2	2	2.0276	1.8289
P005	5	38561703	41042966	2	1	1.9474	1.0026
P005	5	41042967	77689885	2	2	2.1087	2.0328
P005	5	77689886	79318229	3	2	2.9996	1.915
P005	5	79318230	102320289	2	2	2.068	1.9944
P005	5	102320290	135707462	3	2	3.11	2.1115
P005	5	135707463	151296049	2	2	1.953	1.954
P005	5	151296050	151578589	0	0	0	0
P005	5	151578590	181538259	2	2	1.9232	2.0257
P005	6	1	21573171	2	2	1.9678	1.9906
P005	6	21573172	23559828	3	2	2.9092	2.0751
P005	6	23559829	29586075	2	0	2.0224	0.0194
P005	6	29586076	47641935	2	2	1.9935	1.9647
P005	6	47641936	48324929	2	0	2.1466	0.0856
P005	6	48324930	87612170	2	2	2.0391	2.0041
P005	6	87612171	87966943	2	0	1.8896	0.03
P005	6	87966944	158345671	2	2	2.0209	2.0237
P005	6	158345672	161711497	3	2	3.1128	2.069
P005	6	161711498	170805979	2	2	1.9878	2.0008
P005	7	1	106341549	2	2	1.9934	2.063
P005	7	106341550	106675234	2	1	1.9837	0.9461
P005	7	106675235	159345973	2	2	2.0352	2.0218
P005	8	1	480368	2	2	1.8983	1.9188
P005	8	480369	3681390	3	2	2.9908	2.0731
P005	8	3681391	24925066	2	2	2.0522	2.0217
P005	8	24925067	53921946	3	2	3.142	1.9825
P005	8	53921947	57735429	4	2	3.9304	1.9543
P005	8	57735430	62823033	3	2	3.1273	1.9602
P005	8	62823034	71083154	4	2	4.0761	2.0463
P005	8	71083155	73357987	3	2	2.9004	2.0156
P005	8	73357988	145138636	4	2	4.0091	2.0637
P005	9	1	43000000	2	1	2.0131	0.8979
P005	9	43000001	56321890	2	2	2.0319	1.9884
P005	9	56321891	57812013	8	2	8.0174	2.0368
P005	9	57812014	63142363	2	2	1.9525	1.9862
P005	9	63142364	65041098	3	2	2.9395	1.9752
P005	9	65041099	73331765	2	2	1.9375	1.94
P005	9	73331766	73856420	3	2	3.0268	2.1418
P005	9	73856421	91646353	2	2	1.8929	2.0666
P005	9	91646354	98446312	3	2	3.1805	1.8964
P005	9	98446313	116381370	2	2	2.0591	1.9419
P005	9	116381371	125434888	2	0	1.9837	0
P005	9	125434889	128282106	3	2	2.9984	2.0796
P005	9	128282107	138394717	2	0	2.0504	0
P005	10	1	35873209	2	2	2.0831	1.8893
P005	10	35873210	37710495	3	2	3.028	2.1048
P005	10	37710496	38258875	2	0	2.0612	0
P005	10	38258876	59937215	3	2	3.0215	1.8517
P005	10	59937216	60044626	0	0	0	0
P005	10	60044627	64331336	3	2	3.0711	1.9681
P005	10	64331337	133797422	2	2	2.0704	2.0178
P005	11	1	16541071	2	2	2.1365	1.993
P005	11	16541072	18013317	3	2	3.0393	1.9972
P005	11	18013318	61178403	2	2	2.0422	2.0276
P005	11	61178404	64166243	3	2	2.9393	1.9472
P005	11	64166244	99289149	2	2	2.102	1.9782
P005	11	99289150	100435389	2	0	2.0114	0
P005	11	100435390	118419953	2	2	1.9294	2.0464
P005	11	118419954	119408577	2	1	2.0197	0.9167
P005	11	119408578	123899556	2	2	1.9849	1.8942
P005	11	123899557	124571229	3	2	3.1027	1.9783
P005	11	124571230	128258489	2	2	2.0651	2.0387
P005	11	128258490	128616808	2	1	1.9554	0.8787
P005	11	128616809	135086622	2	2	1.98	1.9447
P005	12	1	10925105	2	2	1.8665	1.9372
P005	12	10925106	12873923	0	0	0	0
P005	12	12873924	64894882	2	2	1.9327	1.9168
P005	12	64894883	66774848	10	2	10.1078	1.9812
P005	12	66774849	68802035	2	2	1.8939	1.9774
P005	12	68802036	86168347	2	0	2.0453	0
P005	12	86168348	126066923	2	2	1.921	2.0007
P005	12	126066924	128541601	2	0	2.0223	0.0421
P005	12	128541602	133275309	2	2	2.0406	2.1064
P005	13	1	17700000	2	2	1.8966	2.0537
P005	13	17700001	43638193	2	1	1.9401	1.0434
P005	13	43638194	43981477	0	0	0	0
P005	13	43981478	79514290	2	1	1.9251	0.8872
P005	13	79514291	114364328	3	2	3.0076	2.0081
P005	14	1	23767292	2	2	1.8495	1.8968
P005	14	23767293	25217571	2	0	2.1073	0
P005	14	25217572	39812185	2	2	2.0359	2.0557
P005	14	39812186	46933474	3	2	3.1512	1.968
P005	14	46933475	49689901	2	2	2.0345	1.8994
P005	14	49689902	49968020	0	0	0.0211	0
P005	14	49968021	69994907	2	2	1.996	2.0086
P005	14	69994908	93253653	2	1	1.877	0.9365
P005	14	93253654	107043718	2	2	2.0176	2.0677
P005	15	1	13685706	2	2	2.0416	2.078
P005	15	13685707	24072191	3	2	3.0765	2.0714
P005	15	24072192	38224842	2	2	2.0769	1.8936
P005	15	38224843	42041097	2	1	2.0742	1.1283
P005	15	42041098	50572198	2	2	2.003	1.9656
P005	15	50572199	51073496	0	0	0.0501	0
P005	15	51073497	64407801	2	2	1.9582	1.8984
P005	15	64407802	65781496	3	2	3.1902	2.0715
P005	15	65781497	101991189	2	2	2.0347	2.0501
P005	16	1	23331986	2	2	2.0377	2.0107
P005	16	23331987	24618117	3	2	3.0577	2.0318
P005	16	24618118	90338345	2	2	2.0465	1.9864
P005	17	1	5312074	2	2	2.0918	2.0662
P005	17	5312075	8270114	3	2	3.0475	2.0246
P005	17	8270115	18417470	2	0	1.9944	0
P005	17	18417471	19526689	2	2	1.9052	1.8337
P005	17	19526690	33371705	2	1	2.0197	1.0475
P005	17	33371706	80356572	2	2	2.066	2.0766
P005	17	80356573	83257441	2	0	2.0675	0.007
P005	18	1	4769623	2	2	1.9076	1.9801
P005	18	4769624	5727511	3	2	2.9276	2.0517
P005	18	5727512	69680836	2	2	2.0918	2.0793
P005	18	69680837	73206580	2	0	2.0134	0.0422
P005	18	73206581	80373285	2	2	2.032	2.1119
P005	19	1	8695603	2	2	1.9633	1.9851
P005	19	8695604	12691314	2	0	1.8853	0
P005	19	12691315	36665296	3	2	3.0937	2.154
P005	19	36665297	58617616	2	2	1.9126	2.1538
P005	20	1	15873928	2	2	2.0628	2.0705
P005	20	15873929	17744059	3	2	2.9748	2.119
P005	20	17744060	29186389	2	2	2.0003	1.9991
P005	20	29186390	36834994	3	2	3.1079	2.0686
P005	20	36834995	38457702	2	2	2.0279	1.9329
P005	20	38457703	43786032	2	0	2.0228	0
P005	20	43786033	53838552	3	2	2.9787	1.9513
P005	20	53838553	64444167	2	2	1.9407	2.0
P005	21	1	3813751	2	2	2.0047	2.1043
P005	21	3813752	3958485	2	0	1.9343	0.0104
P005	21	3958486	4290954	2	1	1.9252	0.9584
P005	21	4290955	5835688	2	0	2.0072	0.0767
P005	21	5835689	14304770	2	2	1.911	1.9567
P005	21	14304771	15684865	3	2	3.0452	2.0185
P005	21	15684866	17979399	2	2	2.0342	2.0956
P005	21	17979400	30603660	6	2	5.9533	1.8407
P005	21	30603661	36520324	2	2	1.9999	2.1348
P005	21	36520325	38170973	2	0	2.0579	0
P005	21	38170974	42809044	2	2	1.9616	1.9138
P005	21	42809045	46709983	3	2	2.9305	2.0458
P005	22	1	29532628	2	2	1.8912	1.9116
P005	22	29532629	31835424	3	2	3.0031	1.9613
P005	22	31835425	45046981	2	0	1.9824	0.073
P005	22	45046982	50818468	2	2	1.9638	2.0142
P005	X	1	156040895	2	0	1.9365	0.0512
P006	1	1	130206741	1	1	0.9774	0.9634
P006	1	130206742	142897930	2	1	2.1202	1.0306
P006	1	142897931	236773257	1	1	1.1319	0.9589
P006	1	236773258	237299239	1	0	1.1158	0.0198
P006	1	237299240	248956422	1	1	0.9522	0.8882
P006	2	1	4065049	1	1	0.9568	1.1266
P006	2	4065050	15181036	2	1	1.9492	0.988
P006	2	15181037	187529687	1	1	0.925	0.8595
P006	2	187529688	201147753	2	1	2.0078	0.9088
P006	2	201147754	242193529	1	1	1.0412	1.0083
P006	3	1	90900000	1	0	1.026	0
P006	3	90900001	101356276	1	1	0.8849	0.9992
P006	3	101356277	101830114	1	0	1.0239	0.0115
P006	3	101830115	198295559	1	1	0.9911	1.1321
P006	4	1	9025614	1	1	0.9391	1.041
P006	4	9025615	19603477	1	0	0.9805	0.1193
P006	4	19603478	53043224	1	1	0.9456	1.0029
P006	4	53043225	62949790	2	1	2.0274	1.0211
P006	4	62949791	92785346	1	1	1.0784	1.0831
P006	4	92785347	101110962	1	0	1.131	0.0306
P006	4	101110963	190214555	1	1	1.1059	1.0319
P006	5	1	181538259	1	1	1.024	0.9821
P006	6	1	170805979	1	1	0.9611	1.0176
P006	7	1	22399900	2	1	1.9989	0.8936
P006	7	22399901	59923882	1	0	0.944	0
P006	7	59923883	60100000	2	1	2.0335	1.0036
P006	7	60100001	159345973	1	1	0.9989	0.8863
P006	8	1	145138636	1	1	0.9951	0.9817
P006	9	1	75861213	1	1	0.9414	0.8438
P006	9	75861214	76426966	1	0	1.0136	0.0914
P006	9	76426967	93331806	1	1	1.0368	1.0508
P006	9	93331807	99578485	2	1	1.8271	0.9725
P006	9	99578486	138394717	1	1	0.9062	0.9457
P006	10	1	133797422	1	1	1.0091	1.0248
P006	11	1	3297175	1	1	0.8831	1.0533
P006	11	3297176	4004634	1	0	0.9411	0
P006	11	4004635	60091429	1	1	1.1255	1.0038
P006	11	60091430	90117476	2	1	1.947	0.9417
P006	11	90117477	135086622	1	1	1.0256	0.9644
P006	12	1	133275309	1	1	1.0862	1.1672
P006	13	1	51260582	1	1	1.0557	1.0693
P006	13	51260583	51627784	2	1	2.0372	1.0688
P006	13	51627785	63712698	1	1	0.9159	1.099
P006	13	63712699	67909380	2	1	1.9724	1.1418
P006	13	67909381	114364328	1	1	1.0318	1.081
P006	14	1	107043718	1	1	1.0735	0.9921
P006	15	1	17302816	1	1	1.0915	1.0612
P006	15	17302817	36823242	2	1	1.9386	0.9748
P006	15	36823243	64998531	1	1	0.9907	0.9037
P006	15	64998532	68260197	8	1	8.0449	1.0432
P006	15	68260198	88330364	1	1	1.0368	1.0898
P006	15	88330365	89349271	2	1	1.996	0.891
P006	15	89349272	101991189	1	1	0.9996	0.9939
P006	16	1	16825620	1	1	1.0699	0.9339
P006	16	16825621	17486401	0	0	0.031	0
P006	16	17486402	90338345	1	1	1.1559	1.0293
P006	17	1	11825166	1	1	1.0174	0.9656
P006	17	11825167	36095508	1	0	1.0316	0.0717
P006	17	36095509	37317024	1	1	0.9694	0.9292
P006	17	37317025	37844454	2	1	2.1622	1.0227
P006	17	37844455	83257441	1	1	1.0459	1.0411
P006	18	1	27314711	1	1	0.9756	1.0466
P006	18	27314712	27890885	0	0	0.0073	0.0168
P006	18	27890886	56123925	1	1	0.886	0.8311
P006	18	56123926	75160310	1	0	0.8692	0.0614
P006	18	75160311	80373285	1	1	1.0109	1.1184
P006	19	1	58617616	1	1	0.9269	0.906
P006	20	1	6968078	1	1	1.0769	0.9586
P006	20	6968079	19332852	2	1	1.9932	1.0171
P006	20	19332853	28100000	1	1	1.0181	0.9325
P006	20	28100001	64444167	2	1	2.0169	0.9912
P006	21	1	20349477	1	1	1.0336	1.0157
P006	21	20349478	46709983	1	0	1.113	0.1365
P006	22	1	16508072	1	1	0.9112	0.9818
P006	22	16508073	20584135	1	0	0.9523	0
P006	22	20584136	50818468	1	1	1.0791	1.0821
P006	X	1	3601292	1	1	0.94	1.0694
P006	X	3601293	9798218	2	1	2.021	1.0672
P006	X	9798219	105812521	1	1	0.9599	0.924
P006	X	105812522	114603309	2	1	1.9406	0.9224
P006	X	114603310	156040895	1	1	1.1064	0.8708
P007	1	1	248956422	2	2	2.0657	2.0169
P007	2	1	8430332	2	2	1.9928	1.9575
P007	2	8430333	12681927	2	1	2.0628	0.9868
P007	2	12681928	49160301	2	2	2.094	1.9316
P007	2	49160302	50884729	3	2	2.9417	1.9471
P007	2	50884730	59875923	2	2	2.0446	1.9896
P007	2	59875924	60626924	6	2	5.9817	1.9941
P007	2	60626925	89624963	2	2	2.0304	2.0243
P007	2	89624964	90971897	2	0	1.8832	0.0653
P007	2	90971898	234933724	2	2	1.8699	1.8795
P007	2	234933725	238163200	3	2	3.0658	2.0079
P007	2	238163201	242193529	2	2	1.9475	1.8915
P007	3	1	23819185	2	2	2.0135	2.0758
P007	3	23819186	30725608	10	2	10.0653	2.0191
P007	3	30725609	186737718	2	2	1.9355	1.9602
P007	3	186737719	187352976	2	1	1.9774	0.9839
P007	3	187352977	198295559	2	2	1.8844	2.0687
P007	4	1	10626181	2	2	1.9538	1.8907
P007	4	10626182	43036815	3	2	3.1401	1.9987
P007	4	43036816	105564106	2	2	2.0456	2.1582
P007	4	105564107	106319773	2	1	1.9826	0.9943
P007	4	106319774	107973746	2	0	2.0264	0.0384
P007	4	107973747	109094249	2	1	1.9519	1.0806
P007	4	109094250	164304556	2	2	1.9329	2.0324
P007	4	164304557	165100217	2	1	2.1296	0.9723
P007	4	165100218	190214555	2	2	1.9545	1.9689
P007	5	1	16042965	4	2	4.0794	2.0014
P007	5	16042966	34298661	2	0	2.0161	0
P007	5	34298662	48800000	4	2	4.1098	1.9188
P007	5	48800001	73102044	2	2	2.0126	2.0264
P007	5	73102045	74766240	0	0	0	0
P007	5	74766241	89251845	2	2	1.8793	1.8961
P007	5	89251846	93140883	2	1	2.0305	1.1909
P007	5	93140884	132428920	2	2	1.9382	1.9279
P007	5	132428921	135059105	2	1	1.9707	1.018
P007	5	135059106	144808047	2	2	2.0324	2.0485
P007	5	144808048	148712611	2	0	1.9814	0
P007	5	148712612	181538259	2	2	1.9883	2.0238
P007	6	1	39355855	2	2	1.9152	1.9275
P007	6	39355856	49860851	10	2	9.9057	2.0916
P007	6	49860852	86084007	2	2	1.9604	2.0409
P007	6	86084008	95373301	3	2	3.1242	2.0388
P007	6	95373302	127585838	2	2	2.1096	1.9643
P007	6	127585839	160699424	2	0	1.9887	0
P007	6	160699425	166034125	2	2	2.0421	1.9425
P007	6	166034126	170805979	2	0	2.0849	0
P007	7	1	63308255	2	2	1.9914	2.0704
P007	7	63308256	64116682	2	0	2.0355	0.0149
P007	7	64116683	153275571	2	2	2.0164	1.952
P007	7	153275572	159345973	3	2	3.0642	2.0359
P007	8	1	14548376	2	2	1.9626	2.0404
P007	8	14548377	17110756	9	2	9.0402	1.9862
P007	8	17110757	85529384	2	2	2.0148	2.0265
P007	8	85529385	87625842	2	1	1.9662	0.9659
P007	8	87625843	113445935	2	2	2.0459	1.9788
P007	8	113445936	119349352	3	2	3.0921	1.9188
P007	8	119349353	145138636	2	2	2.0158	1.9846
P007	9	1	27316535	2	0	2.149	0.0692
P007	9	27316536	29699558	3	2	3.0552	1.983
P007	9	29699559	43000000	2	0	1.9394	0.0082
P007	9	43000001	50659251	2	2	2.0647	1.9282
P007	9	50659252	52350819	3	2	3.0117	1.9357
P007	9	52350820	58632092	2	2	2.0172	1.86
P007	9	58632093	58990869	3	2	3.0934	2.0608
P007	9	58990870	64009965	2	2	1.9658	2.0103
P007	9	64009966	64371520	3	2	3.0668	1.9774
P007	9	64371521	77656018	2	2	1.9566	2.0706
P007	9	77656019	79389619	0	0	0	0.0419
P007	9	79389620	107087301	2	2	2.0095	2.1163
P007	9	107087302	111988919	3	2	3.0254	2.045
P007	9	111988920	138394717	2	2	2.0263	1.9645
P007	10	1	5638177	2	2	1.9918	1.8557
P007	10	5638178	7274524	3	2	3.0187	1.9118
P007	10	7274525	66861174	2	2	1.7987	1.9646
P007	10	66861175	68273523	2	1	2.044	1.0269
P007	10	68273524	68644825	2	0	1.9933	0
P007	10	68644826	78516524	2	1	2.0752	1.1029
P007	10	78516525	86788784	2	2	2.0986	2.0468
P007	10	86788785	95869522	2	0	1.9876	0
P007	10	95869523	96103692	6	2	5.9742	2.0899
P007	10	96103693	107021858	2	2	1.9987	2.1299
P007	10	107021859	110359475	3	2	2.9769	2.0448
P007	10	110359476	133797422	2	2	2.1221	1.9666
P007	11	1	135086622	2	2	1.9363	1.9721
P007	12	1	133275309	2	2	1.9507	2.0056
P007	13	1	20143152	2	2	2.0535	1.9145
P007	13	20143153	20663769	2	0	2.0452	0
P007	13	20663770	72090926	2	2	2.0409	1.949
P007	13	72090927	81233375	2	1	1.9828	0.8954
P007	13	81233376	114364328	2	2	2.0355	1.9974
P007	14	1	15109615	2	2	1.9675	2.0688
P007	14	15109616	20117863	6	2	6.1148	2.0196
P007	14	20117864	20265653	0	0	0.0129	0
P007	14	20265654	21623597	6	2	5.8355	1.8894
P007	14	21623598	25395912	2	2	1.9524	2.0101
P007	14	25395913	28892787	2	0	2.0946	0
P007	14	28892788	41462880	2	1	2.1136	1.0991
P007	14	41462881	48414174	2	0	2.0597	0
P007	14	48414175	51153674	2	2	1.991	2.0735
P007	14	51153675	52848412	3	2	3.0619	2.0202
P007	14	52848413	84212223	2	2	2.0745	1.9682
P007	14	84212224	107043718	3	2	2.9485	2.0196
P007	15	1	101991189	2	2	2.0098	1.9315
P007	16	1	20090843	2	2	1.9294	2.0073
P007	16	20090844	20997828	0	0	0.0006	0.0033
P007	16	20997829	21649853	2	2	1.9892	2.0085
P007	16	21649854	24618592	10	2	9.9825	1.9689
P007	16	24618593	28875996	2	0	1.9199	0.0179
P007	16	28875997	33132777	10	2	9.9626	2.0474
P007	16	33132778	66199191	2	2	1.8142	2.0426
P007	16	66199192	66556758	3	2	3.001	1.9879
P007	16	66556759	66957451	2	0	2.0423	0
P007	16	66957452	74109076	3	2	3.0367	2.0989
P007	16	74109077	90338345	2	2	2.1097	2.0127
P007	17	1	306842	2	1	1.9679	1.0633
P007	17	306843	770024	3	2	2.9492	1.9758
P007	17	770025	25100000	2	1	1.8668	1.089
P007	17	25100001	53211196	2	2	1.9873	1.9649
P007	17	53211197	55038563	3	2	3.0047	1.9673
P007	17	55038564	67637206	2	2	1.9488	2.0956
P007	17	67637207	68976473	3	2	3.062	1.9735
P007	17	68976474	73082836	2	2	2.0428	1.8767
P007	17	73082837	80187027	2	0	2.1283	0.0781
P007	17	80187028	83257441	2	2	1.8823	2.0001
P007	18	1	80373285	2	2	2.0059	2.0185
P007	19	1	58617616	2	2	1.9316	1.9109
P007	20	1	13846469	2	2	2.016	2.1815
P007	20	13846470	21925742	3	2	2.9647	1.9563
P007	20	21925743	43946514	2	2	2.0213	2.0737
P007	20	43946515	44336265	3	2	3.025	2.1807
P007	20	44336266	64444167	2	2	1.9413	2.117
P007	21	1	4447792	2	2	2.041	1.952
P007	21	4447793	5122561	2	1	2.0641	1.0021
P007	21	5122562	24635666	2	2	2.051	2.0137
P007	21	24635667	31884766	2	0	1.9857	0.015
P007	21	31884767	35577465	2	2	2.0721	1.9167
P007	21	35577466	44602502	2	0	2.0116	0
P007	21	44602503	46709983	2	2	2.0407	2.0742
P007	22	1	8691175	2	2	2.0477	2.0534
P007	22	8691176	17866962	3	2	3.0673	2.1395
P007	22	17866963	27627744	2	2	2.0073	2.1162
P007	22	27627745	45183805	3	2	2.9817	1.9512
P007	22	45183806	50818468	2	1	1.9481	0.9801
P007	X	1	33701076	2	2	2.0533	2.0181
P007	X	33701077	46331305	3	2	3.0266	2.1606
P007	X	46331306	48689297	2	1	1.9791	0.9794
P007	X	48689298	66650940	3	2	2.9822	1.9478
P007	X	66650941	105844225	2	2	1.9503	2.0039
P007	X	105844226	109798565	10	2	9.9264	2.1113
P007	X	109798566	120001631	2	1	1.9472	0.9789
P007	X	120001632	127090818	10	2	10.0814	1.8593
P007	X	127090819	143177295	2	1	2.0022	1.0762
P007	X	143177296	156040895	2	2	2.0773	2.0538
P008	1	1	12470878	2	2	2.0201	2.0227
P008	1	12470879	13719453	2	1	1.9781	0.997
P008	1	13719454	91721526	2	2	2.0853	1.9447
P008	1	91721527	92883857	3	2	3.0368	1.8952
P008	1	92883858	107082306	2	2	2.077	2.1683
P008	1	107082307	107857779	3	2	2.9698	1.8747
P008	1	107857780	235197239	2	2	1.8816	1.9459
P008	1	235197240	248956422	3	2	2.9905	1.9837
P008	2	1	15896575	2	2	2.1475	1.9928
P008	2	15896576	16253565	3	2	2.9397	1.9335
P008	2	16253566	45876906	2	2	1.9298	2.0319
P008	2	45876907	57023313	10	2	9.9939	1.9245
P008	2	57023314	57846537	2	2	1.9636	2.0085
P008	2	57846538	96204803	3	2	3.0242	2.1055
P008	2	96204804	120640173	2	2	1.977	1.9376
P008	2	120640174	143239469	3	2	3.0012	2.0459
P008	2	143239470	242193529	2	2	1.9141	2.0098
P008	3	1	90900000	2	1	1.9517	1.093
P008	3	90900001	198295559	2	2	1.9964	1.9239
P008	4	1	56017947	2	2	1.9135	2.014
P008	4	56017948	62811104	2	1	2.0958	1.0048
P008	4	62811105	64351171	2	2	1.9068	1.9535
P008	4	64351172	64788835	3	2	2.9533	1.9499
P008	4	64788836	68768766	2	2	1.8113	1.9315
P008	4	68768767	105487724	2	1	2.0922	0.9342
P008	4	105487725	118504710	2	2	1.9531	1.9298
P008	4	118504711	118675134	0	0	0.0621	0
P008	4	118675135	142860697	2	2	1.9173	1.9525
P008	4	142860698	146747579	3	2	3.0171	1.9456
P008	4	146747580	182998847	2	2	1.9082	1.9333
P008	4	182998848	190214555	3	2	2.9785	2.0015
P008	5	1	2967	2	2	1.917	1.8433
P008	5	2968	504960	2	0	1.9473	0.0383
P008	5	504961	29590795	2	2	1.991	1.9125
P008	5	29590796	38378683	2	1	2.0415	0.998
P008	5	38378684	159883827	2	2	2.1487	1.9867
P008	5	159883828	168316520	2	1	1.9894	1.072
P008	5	168316521	181538259	2	2	2.1273	2.0404
P008	6	1	6989474	2	2	1.9478	2.0366
P008	6	6989475	14896436	3	2	2.9644	1.9637
P008	6	14896437	27441360	2	2	2.0176	2.0916
P008	6	27441361	29288208	2	1	2.0681	1.0641
P008	6	29288209	68235349	2	2	1.9114	2.0287
P008	6	68235350	70032434	3	2	3.1468	2.0276
P008	6	70032435	71174135	2	2	1.9793	1.9803
P008	6	71174136	72044521	3	2	3.0593	2.0434
P008	6	72044522	170805979	2	2	2.0127	2.0232
P008	7	1	36759329	2	2	2.0125	2.0086
P008	7	36759330	37178124	9	2	9.0269	2.0059
P008	7	37178125	92531352	2	2	1.9421	1.9826
P008	7	92531353	93050274	2	0	2.0105	0
P008	7	93050275	116590033	2	2	2.0299	2.0324
P008	7	116590034	122720912	3	2	3.0555	2.0307
P008	7	122720913	145748144	2	2	1.8864	1.9836
P008	7	145748145	159345973	3	2	3.0033	2.0453
P008	8	1	21606730	2	2	1.8354	1.9377
P008	8	21606731	32375320	9	2	9.057	2.038
P008	8	32375321	45200000	2	2	2.0497	2.1354
P008	8	45200001	71340916	3	2	2.9553	1.9304
P008	8	71340917	71662401	2	0	2.024	0
P008	8	71662402	77039724	3	2	2.9699	1.8711
P008	8	77039725	85358439	2	1	2.2022	0.9088
P008	8	85358440	145138636	3	2	2.9569	1.9633
P008	9	1	138394717	2	2	1.9744	2.0088
P008	10	1	133797422	2	2	1.9854	1.9469
P008	11	1	50525704	2	2	1.9636	2.0563
P008	11	50525705	53498415	2	0	1.9978	0
P008	11	53498416	92507324	2	2	1.9761	2.0129
P008	11	92507325	94217041	3	2	3.1309	1.9961
P008	11	94217042	135086622	2	2	2.0888	2.0276
P008	12	1	58871876	2	2	1.9591	2.0257
P008	12	58871877	80399075	10	2	10.0006	1.9724
P008	12	80399076	98883192	3	2	3.1457	1.9608
P008	12	98883193	101643551	2	0	2.0432	0.1793
P008	12	101643552	133275309	2	2	2.0173	2.0942
P008	13	1	1645116	2	2	2.041	2.0993
P008	13	1645117	5620629	2	0	2.0142	0
P008	13	5620630	42714604	2	2	1.9578	2.0279
P008	13	42714605	43342445	0	0	0.0662	0.0324
P008	13	43342446	67659092	2	2	1.9378	2.0622
P008	13	67659093	101231995	3	2	2.9338	1.9923
P008	13	101231996	114364328	2	2	2.0244	2.1504
P008	14	1	9118422	2	2	2.0518	2.0369
P008	14	9118423	12783012	3	2	2.9249	1.9843
P008	14	12783013	29064528	2	2	2.0079	1.9987
P008	14	29064529	33600857	3	2	3.0818	2.0218
P008	14	33600858	84812743	2	2	2.026	2.008
P008	14	84812744	85664793	3	2	3.0307	1.9061
P008	14	85664794	107043718	2	2	1.9002	2.0317
P008	15	1	69657564	2	2	1.9249	2.0769
P008	15	69657565	70599479	2	0	2.0323	0
P008	15	70599480	101991189	2	2	1.9564	2.0169
P008	16	1	90338345	2	2	2.0094	2.0433
P008	17	1	30483093	2	2	1.9022	1.9828
P008	17	30483094	33565912	2	0	2.0255	0.0302
P008	17	33565913	35480939	2	2	2.0724	2.1396
P008	17	35480940	48177069	3	2	3.1119	2.0324
P008	17	48177070	70980573	2	2	2.0382	2.0341
P008	17	70980574	73280788	3	2	3.0098	2.0628
P008	17	73280789	83257441	2	2	1.9118	1.8987
P008	18	1	80373285	2	2	2.0533	2.0147
P008	19	1	23870823	2	2	2.0701	2.0209
P008	19	23870824	24665258	0	0	0.0856	0.0648
P008	19	24665259	38917139	2	2	1.9829	1.9064
P008	19	38917140	44240368	2	1	2.0342	0.9848
P008	19	44240369	47796468	2	2	1.9713	2.065
P008	19	47796469	49115524	2	0	2.0792	0.0777
P008	19	49115525	52131326	2	2	2.0092	1.9327
P008	19	52131327	58617616	2	0	2.1632	0
P008	20	1	3815141	2	2	1.9212	1.9429
P008	20	3815142	5144657	3	2	3.095	2.0105
P008	20	5144658	28100000	2	2	1.8942	1.9219
P008	20	28100001	64444167	3	2	3.0491	1.8578
P008	21	1	31009788	2	2	2.0703	2.0277
P008	21	31009789	46709983	2	1	2.0536	1.0798
P008	22	1	4297064	2	2	1.9303	1.9775
P008	22	4297065	7610412	6	2	5.9813	1.9922
P008	22	7610413	27717854	2	2	1.9603	1.9821
P008	22	27717855	45747220	2	1	2.0055	1.0881
P008	22	45747221	48201463	3	2	3.0793	2.0395
P008	22	48201464	50818468	2	1	2.0382	1.1039
P008	X	1	156040895	2	0	1.9364	0
P009	1	1	123400000	1	1	0.9281	0.9525
P009	1	123400001	248956422	2	1	2.0395	1.0086
P009	2	1	70470424	1	1	0.9513	0.989
P009	2	70470425	105130587	2	1	1.9988	1.0071
P009	2	105130588	242193529	1	1	1.0458	1.0228
P009	3	1	21951196	1	1	0.9975	1.0232
P009	3	21951197	22442680	2	1	1.9381	1.0055
P009	3	22442681	138550347	1	1	1.0042	0.951
P009	3	138550348	166904291	2	1	1.9516	0.9491
P009	3	166904292	189001885	1	1	0.9019	0.9387
P009	3	189001886	194327524	1	0	1.0064	0.1153
P009	3	194327525	198295559	1	1	0.9855	1.0122
P009	4	1	190214555	1	1	1.0617	1.1009
P009	5	1	39651067	1	1	1.0587	1.0539
P009	5	39651068	44112292	2	1	1.9629	1.0666
P009	5	44112293	93320389	1	1	1.0482	0.8635
P009	5	93320390	98557457	1	0	0.9615	0.0011
P009	5	98557458	148012074	1	1	0.8858	1.092
P009	5	148012075	148155307	0	0	0	0
P009	5	148155308	181538259	1	1	0.9285	0.981
P009	6	1	37141971	1	1	0.9436	1.071
P009	6	37141972	37526762	1	0	1.0209	0
P009	6	37526763	63718666	1	1	0.994	0.8646
P009	6	63718667	86378527	1	0	0.9499	0
P009	6	86378528	115522110	1	1	1.1301	1.072
P009	6	115522111	127038464	2	1	2.014	1.0502
P009	6	127038465	170805979	1	1	0.9707	1.0296
P009	7	1	16867345	1	1	1.0173	1.0588
P009	7	16867346	32037465	1	0	1.0476	0.0022
P009	7	32037466	159345973	1	1	1.0325	0.8459
P009	8	1	14477170	1	1	1.0349	1.0249
P009	8	14477171	30506926	1	0	0.9637	0
P009	8	30506927	45200000	1	1	0.954	0.9747
P009	8	45200001	47030927	3	1	3.0659	0.9747
P009	8	47030928	49607225	2	1	1.9473	1.0406
P009	8	49607226	95647840	3	1	2.9763	1.0149
P009	8	95647841	97649737	2	1	1.9915	1.0003
P009	8	97649738	145138636	3	1	2.9588	0.932
P009	9	1	43000000	1	0	0.9761	0.0306
P009	9	43000001	81475332	1	1	1.0186	1.0009
P009	9	81475333	115448472	1	0	1.1049	0
P009	9	115448473	126073957	1	1	1.0322	1.1041
P009	9	126073958	138394717	2	1	1.9601	0.981
P009	10	1	133797422	1	1	1.0365	1.0578
P009	11	1	135086622	1	1	1.0904	1.0906
P009	12	1	133275309	1	1	0.8027	0.9954
P009	13	1	17700000	1	1	1.0246	1.018
P009	13	17700001	34294024	1	0	1.0152	0.0162
P009	13	34294025	43638594	5	1	4.9747	0.8963
P009	13	43638595	49610873	1	0	0.8095	0.0311
P009	13	49610874	50710515	7	1	7.0603	1.1074
P009	13	50710516	114364328	1	0	0.9766	0.1008
P009	14	1	62218075	1	1	1.103	1.1639
P009	14	62218076	99895627	1	0	1.02	0
P009	14	99895628	107043718	2	1	2.1027	0.9757
P009	15	1	80710475	1	1	1.0784	1.0246
P009	15	80710476	93630752	1	0	0.9156	0
P009	15	93630753	101991189	1	1	1.0459	1.0506
P009	16	1	90338345	1	1	0.9712	0.9469
P009	17	1	25100000	1	0	0.9954	0
P009	17	25100001	83257441	1	1	1.0574	0.9405
P009	18	1	18500000	1	1	1.0176	0.9629
P009	18	18500001	47056810	1	0	1.0117	0
P009	18	47056811	47476181	2	1	1.9806	0.9662
P009	18	47476182	72709905	1	0	1.1122	0.0516
P009	18	72709906	73037521	2	1	1.9402	0.9542
P009	18	73037522	80373285	1	0	1.0394	0.0589
P009	19	1	58617616	1	1	0.9759	1.0118
P009	20	1	11335814	1	1	1.0893	0.9116
P009	20	11335815	43606797	2	1	2.1265	1.0739
P009	20	43606798	62251649	1	1	1.0574	1.0017
P009	20	62251650	62582721	0	0	0.1293	0
P009	20	62582722	64444167	1	1	0.8682	0.9424
P009	21	1	9674888	1	1	1.0984	0.9569
P009	21	9674889	25824056	2	1	1.8965	0.9433
P009	21	25824057	46709983	1	1	1.0341	0.9241
P009	22	1	6618401	1	1	1.0882	1.0369
P009	22	6618402	18778242	2	1	1.9696	0.8445
P009	22	18778243	50818468	1	1	0.8608	0.9196
P009	X	1	156040895	1	0	1.0226	0
P010	1	1	89122021	2	2	2.022	1.9578
P010	1	89122022	92580889	2	1	2.0658	1.0425
P010	1	92580890	103659980	2	0	2.0017	0
P010	1	103659981	159131680	2	2	2.0722	1.9975
P010	1	159131681	160205791	3	2	2.909	2.0014
P010	1	160205792	220397615	2	2	1.9479	2.0064
P010	1	220397616	228978345	2	0	1.975	0.0694
P010	1	228978346	230050676	2	2	1.9763	2.0004
P010	1	230050677	230933317	2	1	1.8995	1.0652
P010	1	230933318	248956422	2	2	1.9913	2.0029
P010	2	1	4517760	2	2	1.9451	1.952
P010	2	4517761	4937995	3	2	3.106	1.892
P010	2	4937996	54024290	2	2	1.928	2.0539
P010	2	54024291	86554040	2	0	2.0294	0.1215
P010	2	86554041	104601132	2	2	1.9496	2.0353
P010	2	104601133	105442436	3	2	3.0302	1.9183
P010	2	105442437	127353971	2	2	1.8977	1.9917
P010	2	127353972	127839533	2	1	1.858	1.0566
P010	2	127839534	220974246	2	2	1.9268	2.0338
P010	2	220974247	242193529	3	2	3.0348	1.9678
P010	3	1	63153054	2	1	1.9999	1.0401
P010	3	63153055	64335945	0	0	0.1539	0
P010	3	64335946	90900000	2	1	2.0165	0.8617
P010	3	90900001	198295559	2	2	1.9428	1.9173
P010	4	1	115354483	2	2	1.9195	2.0249
P010	4	115354484	116372424	3	2	3.0708	1.9217
P010	4	116372425	166011326	2	2	1.9613	1.8854
P010	4	166011327	167641866	3	2	3.125	2.063
P010	4	167641867	190214555	2	2	2.0087	2.0284
P010	5	1	11853333	2	2	1.9474	1.935
P010	5	11853334	13763680	2	1	1.867	1.0625
P010	5	13763681	69928451	2	2	2.0056	1.9658
P010	5	69928452	74408414	3	2	2.9242	2.0805
P010	5	74408415	181538259	2	2	1.8256	1.8043
P010	6	1	62222835	2	2	1.8731	2.0728
P010	6	62222836	88629336	3	2	3.042	2.0014
P010	6	88629337	102736682	2	2	1.9811	2.0947
P010	6	102736683	103092047	2	0	2.112	0
P010	6	103092048	137350132	2	2	2.1141	2.0191
P010	6	137350133	143461627	2	1	2.1277	1.0162
P010	6	143461628	151851023	2	2	1.9892	1.9165
P010	6	151851024	153840792	3	2	3.0751	2.0282
P010	6	153840793	170805979	2	2	1.9669	2.0488
P010	7	1	12745275	4	2	3.981	2.0434
P010	7	12745276	16321974	3	2	2.8491	2.0317
P010	7	16321975	24984148	2	0	1.9828	0
P010	7	24984149	29475515	3	2	2.9849	2.0733
P010	7	29475516	55442274	4	2	3.9959	2.0137
P010	7	55442275	55960741	3	2	2.8897	1.9744
P010	7	55960742	58205956	4	2	4.0045	1.9866
P010	7	58205957	59125591	3	2	3.0285	2.023
P010	7	59125592	60100000	4	2	3.9385	1.988
P010	7	60100001	129912328	2	2	2.0156	1.918
P010	7	129912329	130016855	0	0	0.0014	0.0898
P010	7	130016856	159345973	2	2	2.0481	1.9975
P010	8	1	82189292	2	2	1.872	2.0324
P010	8	82189293	102104887	3	2	2.9355	2.0517
P010	8	102104888	145138636	2	2	2.1013	1.9256
P010	9	1	3289596	2	2	2.0903	2.0374
P010	9	3289597	20459347	2	0	2.0168	0.0233
P010	9	20459348	45124580	2	2	2.0508	2.0402
P010	9	45124581	69663062	3	2	2.9594	2.0378
P010	9	69663063	72065089	2	0	2.0248	0.1331
P010	9	72065090	82448581	3	2	3.0902	1.9043
P010	9	82448582	138394717	2	2	1.9579	2.0403
P010	10	1	14289716	2	2	2.0547	1.8934
P010	10	14289717	20737918	3	2	3.0387	2.0517
P010	10	20737919	21565152	2	2	1.9051	2.0196
P010	10	21565153	41649727	3	2	2.9897	1.924
P010	10	41649728	91748401	2	2	2.0439	2.056
P010	10	91748402	93627488	0	0	0	0.0316
P010	10	93627489	104878113	2	2	2.0202	1.9807
P010	10	104878114	105445544	0	0	0.0268	0
P010	10	105445545	108157176	3	2	2.9002	2.0862
P010	10	108157177	133797422	2	2	2.09	1.9872
P010	11	1	13327489	2	2	2.0329	2.0237
P010	11	13327490	15929661	3	2	2.9685	1.9817
P010	11	15929662	20240083	2	2	2.0592	1.9563
P010	11	20240084	21980445	2	1	2.0358	0.9691
P010	11	21980446	58016507	2	2	2.0385	1.9133
P010	11	58016508	58668477	2	1	1.8917	0.9847
P010	11	58668478	66703609	2	2	1.97	1.982
P010	11	66703610	67137871	3	2	3.0633	1.9575
P010	11	67137872	135086622	2	2	2.0542	2.0675
P010	12	1	15940128	2	2	1.9563	2.1049
P010	12	15940129	46154349	3	2	2.8733	2.0854
P010	12	46154350	133275309	2	2	1.987	1.9762
P010	13	1	18027322	2	2	2.1649	1.9832
P010	13	18027323	19519113	2	1	1.9629	0.9718
P010	13	19519114	42501996	2	2	2.012	2.002
P010	13	42501997	43192836	3	2	3.1379	1.8635
P010	13	43192837	76276524	2	2	2.0878	2.0607
P010	13	76276525	77765175	2	0	2.0411	0
P010	13	77765176	114364328	2	2	1.9498	2.0154
P010	14	1	107043718	2	2	1.9716	2.1371
P010	15	1	13745255	2	2	2.0814	1.9492
P010	15	13745256	16283799	9	2	8.9358	2.0651
P010	15	16283800	19450031	3	2	2.8994	2.0302
P010	15	19450032	46353479	9	2	8.901	2.0029
P010	15	46353480	64247778	2	0	2.0066	0
P010	15	64247779	71154204	2	2	1.8386	2.1228
P010	15	71154205	81562634	3	2	2.8941	1.9431
P010	15	81562635	101991189	2	2	2.0324	2.0604
P010	16	1	437395	2	2	2.1207	1.9684
P010	16	437396	1071589	3	2	3.1016	2.0987
P010	16	1071590	48000936	2	2	1.9586	1.8746
P010	16	48000937	52794313	3	2	3.0285	1.9525
P010	16	52794314	77911865	2	2	1.9782	1.8823
P010	16	77911866	78562493	0	0	0	0.0281
P010	16	78562494	87853227	2	2	2.1552	1.9978
P010	16	87853228	90338345	3	2	3.0766	2.0629
P010	17	1	25100000	2	0	2.0376	0
P010	17	25100001	83257441	2	2	2.057	2.0152
P010	18	1	18500000	2	2	1.9963	1.9018
P010	18	18500001	24039039	2	1	1.8708	0.8563
P010	18	24039040	27940872	3	2	3.0009	1.9888
P010	18	27940873	44882153	2	1	2.1274	1.0064
P010	18	44882154	55322930	3	2	3.1403	1.9499
P010	18	55322931	71537922	2	1	2.1049	0.9992
P010	18	71537923	80373285	3	2	3.0264	2.0034
P010	19	1	5215820	2	2	2.1061	1.8534
P010	19	5215821	6408065	2	1	2.0557	0.9934
P010	19	6408066	13890071	2	2	1.9758	2.0472
P010	19	13890072	14648897	3	2	3.1289	1.9533
P010	19	14648898	20543843	2	2	1.919	2.0246
P010	19	20543844	20704965	0	0	0	0.0922
P010	19	20704966	54860831	2	2	2.0205	2.0694
P010	19	54860832	58617616	3	2	2.9073	1.9097
P010	20	1	1005825	2	2	1.9488	1.9701
P010	20	1005826	1667597	3	2	3.0038	1.9579
P010	20	1667598	6541760	2	2	2.0327	2.0152
P010	20	6541761	15930135	3	2	2.9797	1.9775
P010	20	15930136	17505059	2	2	1.8896	1.9835
P010	20	17505060	21624489	3	2	3.0257	1.979
P010	20	21624490	57961190	2	2	2.1114	1.9075
P010	20	57961191	64444167	2	0	1.899	0
P010	21	1	16459331	2	2	2.0775	2.0245
P010	21	16459332	46709983	2	1	1.9481	0.8822
P010	22	1	6518274	2	2	2.0217	2.1162
P010	22	6518275	9205693	2	0	2.0719	0
P010	22	9205694	11565690	2	2	1.9934	1.9268
P010	22	11565691	24576866	3	2	2.9671	1.9763
P010	22	24576867	50818468	2	2	1.9598	1.9468
P010	X	1	156040895	2	0	2.0752	0.1893
P011	1	1	49952879	1	1	1.0199	0.975
P011	1	49952880	50280244	2	1	1.9556	0.988
P011	1	50280245	184794999	1	1	0.9612	1.119
P011	1	184795000	185183835	2	1	1.9896	0.9864
P011	1	185183836	248956422	1	1	0.9516	0.9888
P011	2	1	19874254	1	1	0.88	0.9726
P011	2	19874255	25999804	1	0	0.9939	0
P011	2	25999805	149664615	1	1	1.0914	0.9793
P011	2	149664616	165145802	2	1	1.9409	0.9221
P011	2	165145803	242193529	1	1	0.98	0.967
P011	3	1	59701331	1	1	0.9529	0.9406
P011	3	59701332	60490908	2	1	2.0946	0.9734
P011	3	60490909	87719038	1	1	1.0125	0.9279
P011	3	87719039	89148265	2	1	2.0046	1.0546
P011	3	89148266	198295559	1	1	1.1248	0.9231
P011	4	1	45917116	1	1	1.2215	0.8927
P011	4	45917117	46063129	0	0	0	0
P011	4	46063130	85391898	1	1	0.9246	0.9455
P011	4	85391899	86694311	1	0	1.1427	0.0883
P011	4	86694312	179355108	1	1	1.0448	1.0368
P011	4	179355109	180591045	1	0	1.0446	0.0058
P011	4	180591046	190214555	1	1	0.994	0.9747
P011	5	1	33761323	1	1	0.9582	1.0121
P011	5	33761324	35793752	2	1	2.0141	0.8973
P011	5	35793753	51714987	1	1	1.0589	1.0569
P011	5	51714988	53086569	0	0	0.0925	0
P011	5	53086570	139615937	1	1	1.0227	1.0381
P011	5	139615938	139946512	2	1	1.9831	1.0069
P011	5	139946513	181538259	1	1	1.0633	1.0021
P011	6	1	170805979	1	1	1.1559	1.0962
P011	7	1	60100000	3	1	2.9718	0.895
P011	7	60100001	159345973	1	1	0.9411	1.0703
P011	8	1	5672279	1	1	1.0604	0.9416
P011	8	5672280	6980748	2	1	1.8312	1.052
P011	8	6980749	131937762	1	1	1.0961	0.957
P011	8	131937763	137848695	1	0	1.0671	0.0393
P011	8	137848696	145138636	1	1	0.9819	0.9805
P011	9	1	43000000	1	0	1.0756	0.0478
P011	9	43000001	138394717	1	1	0.9051	0.9256
P011	10	1	101848484	1	1	0.9621	1.0622
P011	10	101848485	102768383	2	1	1.8735	0.9344
P011	10	102768384	107210890	1	1	1.0535	0.8914
P011	10	107210891	118335450	1	0	0.9444	0
P011	10	118335451	133797422	1	1	1.0175	0.9771
P011	11	1	1607334	1	1	0.8882	0.9813
P011	11	1607335	2002874	1	0	0.88	0
P011	11	2002875	42286810	1	1	0.915	0.9661
P011	11	42286811	59688101	1	0	1.1028	0
P011	11	59688102	74601206	1	1	1.021	1.0487
P011	11	74601207	74935037	1	0	1.0628	0
P011	11	74935038	135086622	1	1	0.957	1.0389
P011	12	1	86643498	1	1	1.0085	0.9601
P011	12	86643499	90382502	9	1	8.9738	0.9481
P011	12	90382503	91331718	1	1	1.0929	0.9771
P011	12	91331719	92864437	2	1	1.9319	0.9112
P011	12	92864438	133275309	1	1	0.9482	1.0261
P011	13	1	61515342	1	1	0.9496	1.0142
P011	13	61515343	62030397	1	0	0.952	0
P011	13	62030398	114364328	1	1	0.9648	1.0107
P011	14	1	99057674	1	1	0.9714	0.9659
P011	14	99057675	107043718	1	0	0.9899	0.0241
P011	15	1	16612692	1	1	0.966	1.0107
P011	15	16612693	33040567	1	0	1.151	0.008
P011	15	33040568	62412081	1	1	0.8991	1.044
P011	15	62412082	69626613	1	0	1.1017	0
P011	15	69626614	90516295	1	1	0.944	0.973
P011	15	90516296	91109386	2	1	2.0086	1.0591
P011	15	91109387	101991189	1	1	1.0115	0.8844
P011	16	1	90338345	1	1	1.0073	0.8516
P011	17	1	40643335	1	1	1.0566	0.9093
P011	17	40643336	45240773	1	0	1.0747	0
P011	17	45240774	48702100	1	1	0.9497	1.0919
P011	17	48702101	49358748	1	0	0.964	0.0371
P011	17	49358749	83257441	1	1	0.8797	0.9249
P011	18	1	22136956	1	1	0.9066	1.0482
P011	18	22136957	33796572	2	1	2.0495	0.9431
P011	18	33796573	52993280	1	1	0.9423	0.9726
P011	18	52993281	54790381	0	0	0.0593	0
P011	18	54790382	80373285	1	1	1.05	0.9434
P011	19	1	6129060	1	1	1.0118	0.9459
P011	19	6129061	9728901	2	1	1.9773	1.0416
P011	19	9728902	55401418	1	1	0.9748	1.0186
P011	19	55401419	58617616	2	1	2.0115	0.942
P011	20	1	27641078	1	1	1.0198	0.9328
P011	20	27641079	61499468	2	1	1.9237	1.0284
P011	20	61499469	61611433	3	1	2.8983	0.9702
P011	20	61611434	64444167	2	1	2.0429	0.9045
P011	21	1	7799020	1	1	0.9135	0.9627
P011	21	7799021	9717435	1	0	0.9394	0
P011	21	9717436	27615171	1	1	0.9483	0.9368
P011	21	27615172	29665078	5	1	4.9298	0.9641
P011	21	29665079	44032871	1	1	1.0648	0.9968
P011	21	44032872	44243534	0	0	0	0
P011	21	44243535	46709983	1	1	1.0708	1.0049
P011	22	1	50818468	1	1	0.9259	0.9843
P011	X	1	156040895	1	0	0.9926	0.1367
P012	1	1	127480589	2	2	2.0327	1.9664
P012	1	127480590	130293873	2	1	2.0741	1.1104
P012	1	130293874	145585488	2	2	1.9616	2.1129
P012	1	145585489	146436290	2	1	2.0158	0.8349
P012	1	146436291	248956422	2	2	1.9758	2.0456
P012	2	1	56119537	2	2	2.02	2.0908
P012	2	56119538	58576635	3	2	2.9559	1.9303
P012	2	58576636	88800429	2	2	1.8621	2.1039
P012	2	88800430	111986266	3	2	2.9328	2.1065
P012	2	111986267	242193529	2	2	2.0041	2.0048
P012	3	1	13636359	2	2	2.0371	1.8255
P012	3	13636360	17316284	2	0	2.0637	0
P012	3	17316285	99477225	2	2	1.946	1.8217
P012	3	99477226	101192891	2	0	2.0195	0.0247
P012	3	101192892	198295559	2	2	2.1804	1.9686
P012	4	1	52967214	2	2	1.9671	1.9188
P012	4	52967215	53952894	2	1	2.0833	0.858
P012	4	53952895	74333546	2	2	1.9322	1.8776
P012	4	74333547	74789056	3	2	2.9477	1.9889
P012	4	74789057	113481800	2	2	2.0337	1.9857
P012	4	113481801	116678277	3	2	2.9406	1.8913
P012	4	116678278	129194577	2	2	1.897	1.99
P012	4	129194578	131544287	2	1	2.0629	0.8928
P012	4	131544288	134596199	2	2	1.9861	1.9761
P012	4	134596200	135049119	3	2	3.167	1.872
P012	4	135049120	139466081	2	1	2.0431	0.9866
P012	4	139466082	146879047	3	2	2.9505	2.0021
P012	4	146879048	190214555	2	2	1.9245	2.1149
P012	5	1	75319983	2	2	1.9728	2.0236
P012	5	75319984	82900188	2	0	1.9322	0.0822
P012	5	82900189	141381892	2	2	2.0263	2.0882
P012	5	141381893	145745351	7	2	7.1155	2.0124
P012	5	145745352	181538259	2	2	1.9736	2.06
P012	6	1	83128508	2	2	2.032	2.0121
P012	6	83128509	83941656	2	0	2.1169	0
P012	6	83941657	170805979	2	2	2.0356	2.0832
P012	7	1	32874093	2	2	2.1203	1.879
P012	7	32874094	36734636	3	2	3.0225	2.0189
P012	7	36734637	40855003	2	2	2.0623	2.0807
P012	7	40855004	42620923	3	2	2.9199	2.0235
P012	7	42620924	79136391	2	2	2.1663	2.0075
P012	7	79136392	79220889	3	2	2.9568	2.0283
P012	7	79220890	80540872	0	0	0.1533	0.0187
P012	7	80540873	81962456	3	2	2.9874	2.1137
P012	7	81962457	120122396	2	2	1.9989	1.9356
P012	7	120122397	122817239	3	2	2.8795	2.1113
P012	7	122817240	141518756	2	2	2.0737	2.0721
P012	7	141518757	144410272	8	2	7.961	1.9527
P012	7	144410273	159345973	2	2	1.9718	1.9509
P012	8	1	70814342	2	2	1.9747	1.9745
P012	8	70814343	73162349	3	2	2.7999	2.0977
P012	8	73162350	89277078	2	2	1.9662	1.9184
P012	8	89277079	103620942	3	2	3.0993	1.9887
P012	8	103620943	122949788	2	2	1.9612	2.1032
P012	8	122949789	144551529	3	2	3.0679	2.0404
P012	8	144551530	145138636	2	2	2.0283	1.9539
P012	9	1	6478117	2	2	2.0755	1.9672
P012	9	6478118	26285772	3	2	2.9974	1.92
P012	9	26285773	99134110	2	2	2.16	1.8581
P012	9	99134111	99699094	2	1	2.1082	0.8934
P012	9	99699095	124792005	2	2	1.9953	1.9921
P012	9	124792006	138394717	2	1	1.9382	0.9007
P012	10	1	68549927	2	2	2.0788	1.9882
P012	10	68549928	89070736	3	2	2.9984	2.0592
P012	10	89070737	133797422	2	2	2.0763	1.9942
P012	11	1	11960349	2	2	1.9418	2.0167
P012	11	11960350	17423850	2	0	2.0045	0
P012	11	17423851	24443433	2	2	2.0983	2.0182
P012	11	24443434	26581395	3	2	2.9968	1.9745
P012	11	26581396	89991404	2	2	2.0763	1.9086
P012	11	89991405	90380093	0	0	0.024	0.0785
P012	11	90380094	104941585	2	2	1.8998	1.908
P012	11	104941586	105779469	2	0	2.0295	0
P012	11	105779470	135086622	2	2	2.0516	1.941
P012	12	1	121998337	2	2	2.1171	2.0611
P012	12	121998338	122644531	3	2	3.0393	1.994
P012	12	122644532	133275309	2	2	1.9706	2.1557
P012	13	1	114364328	2	2	1.8239	2.0197
P012	14	1	1730206	2	2	1.9705	1.8927
P012	14	1730207	29712778	3	2	3.0462	2.0524
P012	14	29712779	46544200	2	2	1.9113	2.0591
P012	14	46544201	47104064	2	1	2.0885	0.9523
P012	14	47104065	89775952	2	2	2.0108	2.0727
P012	14	89775953	99922720	3	2	2.9346	1.9488
P012	14	99922721	107043718	2	1	1.9765	1.0911
P012	15	1	34599404	2	2	1.8429	2.0924
P012	15	34599405	36181946	2	0	2.088	0.0096
P012	15	36181947	50611463	3	2	3.0241	1.8964
P012	15	50611464	73539232	2	1	2.0838	0.9751
P012	15	73539233	101991189	2	2	2.037	1.8866
P012	16	1	28684419	2	2	1.8799	2.0631
P012	16	28684420	30305427	3	2	3.0784	1.9235
P012	16	30305428	34110991	2	2	2.153	1.9571
P012	16	34110992	37406356	3	2	2.9292	1.9527
P012	16	37406357	73904468	2	2	1.8738	1.9992
P012	16	73904469	81517234	3	2	3.1091	1.9661
P012	16	81517235	82013922	2	2	2.1605	2.081
P012	16	82013923	82588512	2	0	1.9211	0.0287
P012	16	82588513	90338345	2	2	2.1126	2.1714
P012	17	1	25100000	2	0	2.1607	0
P012	17	25100001	83257441	2	2	2.0335	2.0142
P012	18	1	29562950	2	2	1.9258	1.9977
P012	18	29562951	38029327	3	2	3.0337	2.0532
P012	18	38029328	80373285	2	2	2.0206	2.1236
P012	19	1	5531848	2	2	1.9712	1.9874
P012	19	5531849	8328550	3	2	2.9662	2.1356
P012	19	8328551	22326507	2	1	2.0893	0.9917
P012	19	22326508	30367772	2	2	2.0831	2.0067
P012	19	30367773	58617616	2	0	2.0379	0
P012	20	1	10882629	2	2	2.1001	2.0651
P012	20	10882630	13293073	2	1	1.9283	0.9931
P012	20	13293074	28426876	2	2	2.0634	1.9513
P012	20	28426877	64444167	3	2	3.0009	1.99
P012	21	1	16844626	2	2	2.0622	1.9631
P012	21	16844627	29702690	2	1	2.0742	0.909
P012	21	29702691	30994441	2	0	2.0396	0
P012	21	30994442	42535894	2	1	1.9546	0.9564
P012	21	42535895	46709983	2	2	2.1253	2.0793
P012	22	1	799565	2	2	2.0217	2.0387
P012	22	799566	9885492	3	2	2.928	1.8762
P012	22	9885493	17832906	2	2	1.8902	2.0183
P012	22	17832907	18647157	0	0	0.0753	0.0398
P012	22	18647158	21433469	2	2	2.0795	2.0102
P012	22	21433470	40225221	3	2	2.9526	2.007
P012	22	40225222	40584884	2	2	1.9782	1.9784
P012	22	40584885	48644522	2	1	2.0088	1.0888
P012	22	48644523	50818468	2	2	1.9201	1.9154
P012	X	1	156040895	2	0	2.0052	0
P013	1	1	96147706	2	2	1.9731	1.9419
P013	1	96147707	96901325	3	2	3.03	1.8224
P013	1	96901326	119920952	2	2	1.9771	1.9843
P013	1	119920953	120963722	3	2	2.9892	2.1202
P013	1	120963723	248956422	2	2	1.9413	2.0965
P013	2	1	132949841	2	2	1.8576	2.0195
P013	2	132949842	136805513	3	2	3.0059	1.9339
P013	2	136805514	162546510	2	2	2.0191	1.9862
P013	2	162546511	167348985	2	1	1.993	0.8327
P013	2	167348986	201418314	2	2	2.1228	2.0214
P013	2	201418315	202590196	3	2	2.9797	2.0302
P013	2	202590197	242193529	2	2	1.832	1.9388
P013	3	1	33072664	2	0	2.0183	0
P013	3	33072665	33578610	3	2	3.0078	1.9876
P013	3	33578611	90900000	2	0	2.0452	0.0526
P013	3	90900001	98457832	2	2	1.9424	1.9043
P013	3	98457833	100466119	3	2	2.9715	2.0278
P013	3	100466120	118277004	2	2	1.9277	1.9972
P013	3	118277005	120677046	3	2	2.948	2.0774
P013	3	120677047	198295559	2	2	1.968	2.027
P013	4	1	118352096	2	2	1.9255	2.0673
P013	4	118352097	145656063	2	0	2.069	0
P013	4	145656064	190214555	2	2	1.9454	1.9939
P013	5	1	102461588	2	2	1.9454	2.0675
P013	5	102461589	103003185	3	2	2.9699	2.0743
P013	5	103003186	118775470	2	2	1.9041	2.0335
P013	5	118775471	119791672	3	2	2.8958	1.9913
P013	5	119791673	165256683	2	2	2.1355	2.0369
P013	5	165256684	166819565	3	2	3.1023	2.1309
P013	5	166819566	171184070	2	1	2.2047	0.8476
P013	5	171184071	181538259	2	2	1.988	1.9307
P013	6	1	4081818	2	2	2.0468	1.955
P013	6	4081819	4413742	3	2	2.9743	1.9644
P013	6	4413743	18127042	2	2	2.0306	1.9453
P013	6	18127043	19357414	3	2	2.9612	1.9566
P013	6	19357415	23591465	2	1	1.9531	1.0649
P013	6	23591466	56030211	2	2	2.0259	2.0268
P013	6	56030212	70227564	3	2	3.1183	2.0828
P013	6	70227565	82719879	2	2	1.9443	2.0341
P013	6	82719880	84292023	2	1	1.9769	0.9413
P013	6	84292024	124549674	2	2	1.967	2.1182
P013	6	124549675	155537038	2	1	2.0825	1.0262
P013	6	155537039	170805979	2	2	1.979	1.9677
P013	7	1	44627750	4	2	4.0297	2.0648
P013	7	44627751	75163223	9	2	8.9653	2.0452
P013	7	75163224	80194470	2	2	1.9188	2.0447
P013	7	80194471	106471767	2	1	1.9249	1.0068
P013	7	106471768	159345973	2	2	2.0269	1.9573
P013	8	1	21396371	2	2	2.0885	1.933
P013	8	21396372	21921324	2	0	1.8433	0
P013	8	21921325	45200000	2	2	2.1037	1.7871
P013	8	45200001	131176129	3	2	3.0821	1.9987
P013	8	131176130	133732954	2	1	2.0863	1.0703
P013	8	133732955	145138636	3	2	2.9826	2.0076
P013	9	1	5262313	2	0	1.8478	0.0727
P013	9	5262314	44914429	3	2	2.9774	2.0294
P013	9	44914430	121910214	2	2	2.1014	2.1502
P013	9	121910215	124162761	9	2	8.9863	2.0154
P013	9	124162762	138394717	2	2	2.001	2.1061
P013	10	1	21347380	2	2	1.9836	1.9814
P013	10	21347381	22553831	3	2	2.9416	2.0089
P013	10	22553832	29611281	2	2	2.0256	1.8602
P013	10	29611282	30801762	3	2	2.9234	2.0132
P013	10	30801763	72730470	2	2	2.129	2.0344
P013	10	72730471	73700586	3	2	2.9635	2.0752
P013	10	73700587	96248753	2	2	1.9559	1.9606
P013	10	96248754	97103792	2	0	2.0223	0
P013	10	97103793	107174293	2	2	1.9133	1.952
P013	10	107174294	108968130	2	1	1.9169	1.0497
P013	10	108968131	115755764	2	2	1.9046	2.086
P013	10	115755765	133797422	3	2	3.0125	1.9317
P013	11	1	12595543	2	2	1.8826	1.9586
P013	11	12595544	18376435	2	0	1.9279	0
P013	11	18376436	62770113	2	2	2.0835	1.9987
P013	11	62770114	63350576	2	1	2.019	1.1014
P013	11	63350577	135086622	2	2	1.8756	2.0409
P013	12	1	50454188	2	2	2.0025	1.9636
P013	12	50454189	59221678	2	0	1.8886	0.0393
P013	12	59221679	111323471	2	2	1.9164	2.0
P013	12	111323472	112486936	2	1	1.8708	0.8176
P013	12	112486937	133275309	2	2	2.0262	2.0462
P013	13	1	11333552	2	2	2.0589	1.9678
P013	13	11333553	28417257	3	2	3.0092	2.0939
P013	13	28417258	42026012	2	2	2.0974	1.9177
P013	13	42026013	43702292	2	1	1.9626	0.9594
P013	13	43702293	46997469	2	2	1.9508	2.0284
P013	13	46997470	57577585	3	2	3.0705	2.0386
P013	13	57577586	86553874	2	2	2.08	2.03
P013	13	86553875	87739648	2	0	1.9799	0.0889
P013	13	87739649	108563443	2	2	2.1094	2.007
P013	13	108563444	114364328	3	2	3.0233	1.9727
P013	14	1	56197070	2	2	2.0228	2.0413
P013	14	56197071	58831303	3	2	2.9473	1.9408
P013	14	58831304	72758160	2	2	2.0373	1.9836
P013	14	72758161	78210598	2	1	2.0425	0.9406
P013	14	78210599	79035033	6	2	6.0035	1.7874
P013	14	79035034	79870636	2	1	2.0386	1.0891
P013	14	79870637	80094012	2	2	2.0733	2.0849
P013	14	80094013	81781214	3	2	2.9431	1.8897
P013	14	81781215	91195355	2	2	2.019	2.0379
P013	14	91195356	92109830	3	2	3.0053	1.8819
P013	14	92109831	107043718	2	2	1.902	1.9141
P013	15	1	79136976	2	2	1.9711	1.9955
P013	15	79136977	79553669	6	2	5.9281	2.0042
P013	15	79553670	83266806	2	2	1.9668	1.888
P013	15	83266807	83662634	2	0	1.9671	0
P013	15	83662635	96511650	2	2	1.8639	1.9668
P013	15	96511651	97749587	2	0	1.9485	0.0045
P013	15	97749588	101991189	2	2	1.9897	2.0248
P013	16	1	40414154	2	2	2.1095	2.0558
P013	16	40414155	45004595	3	2	2.804	2.0557
P013	16	45004596	78682963	2	2	1.9791	1.98
P013	16	78682964	81567269	2	0	1.8564	0
P013	16	81567270	90338345	2	2	2.1162	1.8952
P013	17	1	63308900	2	2	1.9803	2.0794
P013	17	63308901	73242908	3	2	3.1027	1.9458
P013	17	73242909	76315197	2	2	2.1203	2.0661
P013	17	76315198	76900360	2	1	2.0171	0.9371
P013	17	76900361	83257441	2	2	1.9594	1.9875
P013	18	1	17406934	2	2	1.9394	1.8678
P013	18	17406935	37379965	3	2	2.9358	1.9168
P013	18	37379966	80373285	2	2	2.0445	1.9996
P013	19	1	1808320	2	2	2.0698	2.1337
P013	19	1808321	17736680	2	1	2.0061	0.93
P013	19	17736681	22222831	2	0	2.0139	0.0615
P013	19	22222832	58617616	2	2	1.9594	2.057
P013	20	1	28100000	2	2	1.8927	1.8996
P013	20	28100001	64444167	4	2	3.9794	1.9634
P013	21	1	7501377	2	2	2.0298	1.9176
P013	21	7501378	9014244	3	2	2.9658	1.9278
P013	21	9014245	31062802	2	2	1.9429	1.9525
P013	21	31062803	31451850	2	1	2.1011	1.0738
P013	21	31451851	31489842	2	2	1.9609	2.0837
P013	21	31489843	32027492	3	2	2.8686	1.987
P013	21	32027493	36008397	2	2	2.1106	2.0165
P013	21	36008398	36734963	3	2	3.0571	1.9263
P013	21	36734964	37469966	2	2	2.0522	1.9442
P013	21	37469967	37539438	3	2	3.0111	2.0397
P013	21	37539439	46709983	2	0	1.9552	0.1088
P013	22	1	2854443	2	2	2.0512	1.9892
P013	22	2854444	12163237	3	2	3.0729	1.9622
P013	22	12163238	35266959	2	2	2.0275	1.9899
P013	22	35266960	36500810	0	0	0	0
P013	22	36500811	41025971	2	2	2.0072	2.0357
P013	22	41025972	50818468	2	1	1.9306	1.0111
P013	X	1	7006283	2	2	1.9897	2.128
P013	X	7006284	20310810	3	2	3.054	1.9631
P013	X	20310811	50089952	2	2	1.991	2.0073
P013	X	50089953	53253533	3	2	3.0189	1.9599
P013	X	53253534	77895132	2	2	2.0197	1.9678
P013	X	77895133	78521739	2	1	2.0256	0.9171
P013	X	78521740	88987092	2	2	2.0356	1.9891
P013	X	88987093	91528003	7	2	6.988	1.9675
P013	X	91528004	116376985	10	2	9.9734	1.9914
P013	X	116376986	116792161	7	2	7.0544	2.1022
P013	X	116792162	156040895	2	2	2.0587	2.0345
P014	1	1	70473379	1	1	1.0355	1.0225
P014	1	70473380	73011869	2	1	1.9647	1.0118
P014	1	73011870	79815986	1	1	0.9989	1.1287
P014	1	79815987	92042344	1	0	0.9746	0.0283
P014	1	92042345	122841999	1	1	0.946	1.0459
P014	1	122842000	134286828	2	1	2.0109	0.8804
P014	1	134286829	248956422	1	1	1.0646	1.0023
P014	2	1	242193529	1	1	1.0301	0.9082
P014	3	1	15785343	1	1	0.9932	1.03
P014	3	15785344	24334081	1	0	0.9486	0
P014	3	24334082	150049110	1	1	1.0917	1.0719
P014	3	150049111	162292781	2	1	1.9749	0.9224
P014	3	162292782	184459051	1	1	0.9942	1.0164
P014	3	184459052	192950003	2	1	2.0095	0.8802
P014	3	192950004	198295559	1	1	0.9839	1.0247
P014	4	1	14720635	1	1	1.0295	0.972
P014	4	14720636	45758286	2	1	1.8624	1.0929
P014	4	45758287	47725490	1	0	0.9016	0
P014	4	47725491	59087567	1	1	0.9674	0.9294
P014	4	59087568	59859884	1	0	1.0589	0
P014	4	59859885	190214555	1	1	0.8876	0.9815
P014	5	1	142768037	1	1	1.0695	1.102
P014	5	142768038	143271138	2	1	2.1036	0.9337
P014	5	143271139	181538259	1	1	1.03	0.9669
P014	6	1	47587862	1	1	1.0857	1.0381
P014	6	47587863	53326377	1	0	0.9443	0.0434
P014	6	53326378	170805979	1	1	0.8607	0.9917
P014	7	1	159345973	1	1	0.79	0.9968
P014	8	1	51138467	1	1	0.9583	0.9457
P014	8	51138468	51355662	0	0	0	0.0313
P014	8	51355663	58400481	1	1	0.9229	1.1203
P014	8	58400482	84034140	1	0	1.057	0.1349
P014	8	84034141	145138636	1	1	0.9169	1.0287
P014	9	1	92792060	1	1	1.101	0.9998
P014	9	92792061	93700483	1	0	0.9927	0
P014	9	93700484	96615143	1	1	1.0891	0.864
P014	9	96615144	98875457	2	1	2.0039	1.0021
P014	9	98875458	112517896	1	1	1.0645	1.0959
P014	9	112517897	116867170	2	1	2.0301	0.9907
P014	9	116867171	138394717	1	1	1.0206	0.9791
P014	10	1	32765710	1	1	1.0315	1.0147
P014	10	32765711	33035881	0	0	0.0615	0
P014	10	33035882	109172037	1	1	0.9153	0.8681
P014	10	109172038	117985867	5	1	4.8791	1.0671
P014	10	117985868	133797422	1	1	1.0336	1.0258
P014	11	1	75091717	1	1	1.055	0.9688
P014	11	75091718	78555084	1	0	0.9958	0
P014	11	78555085	108075875	1	1	1.0506	0.8342
P014	11	108075876	111806589	2	1	1.9777	1.0682
P014	11	111806590	135086622	1	1	1.1309	0.9433
P014	12	1	87710837	1	1	1.0141	0.9573
P014	12	87710838	100506026	2	1	2.1246	1.017
P014	12	100506027	133275309	1	1	1.0707	1.0421
P014	13	1	24157523	1	1	0.9906	1.0022
P014	13	24157524	24730068	1	0	0.9823	0.0105
P014	13	24730069	41797648	1	1	1.0561	1.0395
P014	13	41797649	80736513	1	0	0.9963	0.053
P014	13	80736514	114364328	1	1	0.9369	1.066
P014	14	1	107043718	1	1	0.999	1.0038
P014	15	1	32489711	1	1	1.033	0.984
P014	15	32489712	43528645	1	0	0.9414	0.0398
P014	15	43528646	101991189	1	1	1.0862	0.9996
P014	16	1	90338345	1	1	0.9208	0.9202
P014	17	1	23437976	1	1	0.9833	1.0464
P014	17	23437977	25239593	2	1	2.105	1.1603
P014	17	25239594	56529544	1	1	0.927	0.9413
P014	17	56529545	69682942	2	1	1.981	1.0142
P014	17	69682943	83257441	1	1	0.8916	1.0355
P014	18	1	64451511	1	1	0.8273	0.9036
P014	18	64451512	67466101	1	0	0.9837	0
P014	18	67466102	70180648	1	1	1.0357	1.0257
P014	18	70180649	74785370	1	0	0.9469	0.0227
P014	18	74785371	80373285	1	1	0.9627	1.0487
P014	19	1	10003824	1	1	0.9578	1.1018
P014	19	10003825	11786601	2	1	1.9238	0.9795
P014	19	11786602	41613691	1	1	0.903	1.0059
P014	19	41613692	43531148	2	1	1.97	1.0308
P014	19	43531149	58617616	1	1	1.0123	0.9845
P014	20	1	28100000	1	1	1.0302	1.0165
P014	20	28100001	31300246	2	1	1.9878	1.0111
P014	20	31300247	31405322	0	0	0	0
P014	20	31405323	64444167	2	1	1.9749	0.8904
P014	21	1	10442225	1	1	1.0186	1.0241
P014	21	10442226	10827427	2	1	1.9696	0.9895
P014	21	10827428	32607347	1	1	1.0178	1.0639
P014	21	32607348	46709983	2	1	1.8895	0.9378
P014	22	1	50818468	1	1	1.0701	1.034
P014	X	1	156040895	1	0	1.0187	0
P015	1	1	109955448	2	2	2.0318	1.9459
P015	1	109955449	112029764	2	1	1.9994	0.9449
P015	1	112029765	126439853	2	2	2.0045	1.9832
P015	1	126439854	130916619	2	1	1.8988	0.9518
P015	1	130916620	223775392	2	2	1.9258	2.0704
P015	1	223775393	224526483	3	2	2.9576	1.9092
P015	1	224526484	248956422	2	2	2.0264	1.9898
P015	2	1	14212217	2	2	1.9488	1.9597
P015	2	14212218	15707493	3	2	2.8754	2.0058
P015	2	15707494	48264653	2	2	1.9909	2.025
P015	2	48264654	48714688	6	2	5.9495	2.0004
P015	2	48714689	64423339	2	2	2.0283	1.8459
P015	2	64423340	75966425	2	1	1.9416	1.0302
P015	2	75966426	135030092	2	2	1.9779	1.9588
P015	2	135030093	142944091	10	2	10.0362	1.9527
P015	2	142944092	218626521	2	2	1.9893	1.9048
P015	2	218626522	227860360	2	0	1.9433	0
P015	2	227860361	242193529	2	2	1.983	2.0458
P015	3	1	90900000	2	0	1.9137	0
P015	3	90900001	198295559	2	2	2.0034	2.1261
P015	4	1	776540	2	2	2.0034	1.9572
P015	4	776541	4090591	2	0	2.0219	0.0461
P015	4	4090592	44326655	2	2	2.0853	2.0148
P015	4	44326656	44829953	2	1	1.8908	0.995
P015	4	44829954	152475370	2	2	2.0044	2.0792
P015	4	152475371	152894839	3	2	3.1255	2.0242
P015	4	152894840	190214555	2	2	2.1051	2.0039
P015	5	1	48800000	3	2	3.0199	2.0667
P015	5	48800001	181538259	2	2	1.9596	1.9976
P015	6	1	92943501	2	2	1.9896	2.0672
P015	6	92943502	95679697	3	2	3.0197	2.016
P015	6	95679698	102313551	2	2	2.0258	2.0795
P015	6	102313552	116989030	2	0	2.0334	0.0006
P015	6	116989031	128168946	2	2	2.0452	2.0393
P015	6	128168947	130209198	3	2	3.1889	2.0212
P015	6	130209199	170805979	2	2	2.0909	1.9658
P015	7	1	62533899	2	2	1.8969	1.8226
P015	7	62533900	77210191	2	1	1.9528	0.9028
P015	7	77210192	159345973	2	2	1.9291	1.9545
P015	8	1	5318257	2	2	1.9895	2.0087
P015	8	5318258	10434793	2	1	1.9931	0.9949
P015	8	10434794	70127035	2	2	1.9543	2.0693
P015	8	70127036	83436908	2	0	1.9323	0
P015	8	83436909	88132044	2	2	1.9156	2.0799
P015	8	88132045	126348220	3	2	3.0825	1.9713
P015	8	126348221	145138636	2	2	2.0771	2.0561
P015	9	1	138394717	2	2	1.9414	1.9585
P015	10	1	13191811	2	2	2.0733	2.0175
P015	10	13191812	16292192	2	1	1.9115	1.1708
P015	10	16292193	25332096	2	2	1.9575	1.9417
P015	10	25332097	26301254	3	2	2.9118	1.9778
P015	10	26301255	26631155	8	2	8.0132	1.9472
P015	10	26631156	36130231	3	2	2.8987	1.9803
P015	10	36130232	59553062	2	2	2.139	1.971
P015	10	59553063	60144992	3	2	3.0348	2.0338
P015	10	60144993	92018311	2	2	1.937	2.0621
P015	10	92018312	109692730	3	2	3.049	2.1389
P015	10	109692731	121418795	2	2	1.999	1.8984
P015	10	121418796	122450109	2	1	2.0862	1.083
P015	10	122450110	133797422	2	2	2.0113	1.9899
P015	11	1	38399696	2	2	1.8561	2.0182
P015	11	38399697	53003260	2	1	1.9831	0.9134
P015	11	53003261	66239647	2	2	1.9268	1.9199
P015	11	66239648	69154450	2	0	2.0224	0.0675
P015	11	69154451	69269539	2	2	1.9196	2.1038
P015	11	69269540	72456428	3	2	3.0116	1.9828
P015	11	72456429	93816705	2	2	2.0261	1.9892
P015	11	93816706	95326059	3	2	2.9835	1.9321
P015	11	95326060	128936322	2	2	2.0534	2.0283
P015	11	128936323	135086622	10	2	10.0395	2.006
P015	12	1	20464565	2	2	1.9698	2.0104
P015	12	20464566	24205696	2	1	2.0779	1.0458
P015	12	24205697	26465852	2	2	2.0353	2.0293
P015	12	26465853	27345751	3	2	2.9446	2.0073
P015	12	27345752	30706404	2	2	1.979	2.0502
P015	12	30706405	36691894	3	2	2.9603	1.9637
P015	12	36691895	55246234	2	2	1.9255	2.0446
P015	12	55246235	66077669	2	0	2.0178	0
P015	12	66077670	88947239	2	2	1.9194	1.9529
P015	12	88947240	89958946	2	0	2.0046	0
P015	12	89958947	133275309	2	2	2.1234	1.9561
P015	13	1	114364328	2	2	2.0448	2.0018
P015	14	1	102402139	2	2	1.8982	2.0398
P015	14	102402140	102444183	2	0	2.1208	0.0222
P015	14	102444184	103120024	0	0	0.1758	0
P015	14	103120025	107043718	2	0	1.9246	0.1975
P015	15	1	9317609	2	2	2.0823	1.8571
P015	15	9317610	9762865	2	1	2.0811	1.0508
P015	15	9762866	64445034	2	2	2.0602	2.0203
P015	15	64445035	71228132	2	0	1.8765	0.0239
P015	15	71228133	73307294	2	2	1.9303	1.921
P015	15	73307295	75172814	2	1	2.1608	1.0942
P015	15	75172815	95574507	2	2	2.024	2.0142
P015	15	95574508	99134790	3	2	3.0333	1.9046
P015	15	99134791	101991189	2	2	2.0099	2.0839
P015	16	1	24559431	2	2	2.0344	2.1436
P015	16	24559432	31976683	3	2	2.8859	1.9829
P015	16	31976684	84056532	2	2	2.0561	1.9592
P015	16	84056533	90338345	3	2	2.925	1.8986
P015	17	1	26318648	2	2	2.0235	2.0652
P015	17	26318649	50567374	3	2	3.0426	2.0942
P015	17	50567375	53911717	2	1	2.0877	0.9322
P015	17	53911718	61382677	3	2	2.9729	2.0555
P015	17	61382678	64045197	2	2	2.0236	2.0675
P015	17	64045198	64370306	3	2	2.9835	2.0015
P015	17	64370307	83257441	2	2	2.062	1.9733
P015	18	1	9294354	2	2	2.0097	2.0933
P015	18	9294355	9881435	2	0	2.0312	0
P015	18	9881436	28826563	2	2	2.0463	1.9425
P015	18	28826564	29434722	2	0	1.9368	0.0488
P015	18	29434723	32855128	2	2	2.0149	2.062
P015	18	32855129	51325167	2	0	2.0998	0
P015	18	51325168	80373285	2	2	1.8996	2.0744
P015	19	1	9488383	2	2	1.8834	1.9205
P015	19	9488384	10423580	2	1	1.9501	1.0811
P015	19	10423581	24648911	2	2	2.0761	1.9943
P015	19	24648912	25570550	3	2	3.0386	1.9468
P015	19	25570551	30023370	2	2	2.0913	2.0019
P015	19	30023371	39536727	3	2	3.0305	2.0534
P015	19	39536728	58617616	2	0	1.9273	0
P015	20	1	839800	2	2	2.0151	2.0659
P015	20	839801	5790623	3	2	3.1025	2.0648
P015	20	5790624	26194865	2	2	2.0515	1.9586
P015	20	26194866	35784717	2	0	2.0973	0.0063
P015	20	35784718	45972779	2	2	1.8351	1.9447
P015	20	45972780	46376121	3	2	2.8283	2.1011
P015	20	46376122	56507487	2	2	1.8825	2.0484
P015	20	56507488	64444167	2	0	1.8729	0.0867
P015	21	1	25569205	2	2	2.033	2.0216
P015	21	25569206	27380847	3	2	3.079	2.0545
P015	21	27380848	40558878	2	2	2.1511	1.9213
P015	21	40558879	46709983	3	2	2.8943	1.9772
P015	22	1	50818468	2	2	2.1069	1.9566
P015	X	1	156040895	2	0	1.8714	0.0519
P016	1	1	57900848	1	1	1.0155	0.8367
P016	1	57900849	58873405	2	1	2.1226	0.896
P016	1	58873406	64542047	1	1	0.947	1.1259
P016	1	64542048	65299564	2	1	1.946	1.0199
P016	1	65299565	68675189	1	1	0.8886	1.113
P016	1	68675190	69960333	0	0	0	0.0355
P016	1	69960334	248956422	1	1	0.8815	1.0709
P016	2	1	219445794	1	1	0.9241	0.8925
P016	2	219445795	240812826	1	0	1.0062	0.0307
P016	2	240812827	242193529	1	1	0.9645	0.8348
P016	3	1	10133550	1	1	1.11	1.1078
P016	3	10133551	11030537	2	1	2.095	0.9894
P016	3	11030538	198295559	1	1	0.9892	0.9972
P016	4	1	88125797	1	1	0.9577	1.0268
P016	4	88125798	98858198	2	1	2.113	1.0037
P016	4	98858199	129104773	1	1	0.9333	1.0604
P016	4	129104774	129515836	2	1	2.0146	0.8815
P016	4	129515837	190214555	1	1	0.9762	0.9296
P016	5	1	66416027	1	1	0.943	1.0748
P016	5	66416028	67883481	2	1	2.0891	0.9794
P016	5	67883482	88325625	1	1	1.0864	0.973
P016	5	88325626	97222931	2	1	1.8994	1.0538
P016	5	97222932	181538259	1	1	0.919	0.9134
P016	6	1	109061498	1	1	0.9541	1.0794
P016	6	109061499	109908605	1	0	0.9891	0.1139
P016	6	109908606	170805979	1	1	1.0136	0.9547
P016	7	1	159345973	1	1	0.9591	1.0382
P016	8	1	20591699	1	1	1.155	1.0716
P016	8	20591700	20961421	2	1	2.0675	0.9549
P016	8	20961422	45200000	1	1	0.9772	0.9658
P016	8	45200001	102151953	3	1	2.9892	1.0808
P016	8	102151954	102776559	1	0	0.8402	0
P016	8	102776560	130627874	3	1	3.001	0.8979
P016	8	130627875	132823171	1	0	1.0224	0
P016	8	132823172	145138636	3	1	2.8995	0.915
P016	9	1	10033463	1	0	0.9552	0
P016	9	10033464	10802183	2	1	2.0259	0.9724
P016	9	10802184	16596138	1	0	0.9657	0
P016	9	16596139	21245847	2	1	2.1016	1.0366
P016	9	21245848	43000000	1	0	1.1696	0
P016	9	43000001	116864199	1	1	0.8399	0.9457
P016	9	116864200	138394717	1	0	1.0625	0
P016	10	1	17598535	1	1	1.0756	1.0301
P016	10	17598536	19675108	1	0	0.9171	0.0386
P016	10	19675109	133797422	1	1	1.1914	0.9797
P016	11	1	57160351	1	1	1.0033	0.997
P016	11	57160352	57733518	1	0	1.016	0.0095
P016	11	57733519	113767745	1	1	0.9348	1.0073
P016	11	113767746	127070707	2	1	1.946	1.0259
P016	11	127070708	135086622	1	1	0.9059	1.0174
P016	12	1	59445522	1	1	0.9705	0.7997
P016	12	59445523	63461883	2	1	2.0493	1.0957
P016	12	63461884	72644388	1	1	1.0562	0.9733
P016	12	72644389	73602765	1	0	0.976	0.0097
P016	12	73602766	73710385	0	0	0.0246	0.0506
P016	12	73710386	81770031	1	0	0.9966	0.0981
P016	12	81770032	133275309	1	1	0.9006	1.0005
P016	13	1	31775636	1	1	0.9227	1.0179
P016	13	31775637	58886884	1	0	0.9394	0
P016	13	58886885	114364328	1	1	1.014	1.0849
P016	14	1	2225704	1	1	1.0735	0.9982
P016	14	2225705	2804577	2	1	2.1066	0.9315
P016	14	2804578	12110627	1	1	1.095	1.0034
P016	14	12110628	13625192	1	0	1.0003	0
P016	14	13625193	28774931	1	1	0.9399	1.136
P016	14	28774932	29420552	2	1	2.0781	1.0509
P016	14	29420553	107043718	1	1	1.0011	1.053
P016	15	1	26312480	1	1	0.9968	0.9631
P016	15	26312481	26425607	0	0	0.0179	0
P016	15	26425608	40002642	1	1	0.9965	1.034
P016	15	40002643	42196997	2	1	1.8859	1.0162
P016	15	42196998	78369781	1	1	0.9934	1.0736
P016	15	78369782	88083835	7	1	6.8877	1.0104
P016	15	88083836	101991189	1	1	0.9905	1.0282
P016	16	1	18694048	1	1	1.0209	1.1032
P016	16	18694049	19362846	1	0	0.9328	0.0175
P016	16	19362847	68773145	1	1	0.9447	0.9658
P016	16	68773146	69553923	1	0	1.0952	0.0739
P016	16	69553924	78731807	1	1	1.0533	0.9721
P016	16	78731808	90338345	1	0	0.9698	0.0877
P016	17	1	15812644	1	1	1.0125	1.0852
P016	17	15812645	17914722	1	0	1.0053	0
P016	17	17914723	34393449	1	1	0.9882	0.9469
P016	17	34393450	36915165	1	0	1.0185	0
P016	17	36915166	83257441	1	1	0.9967	0.9049
P016	18	1	19614391	1	1	0.9722	1.0285
P016	18	19614392	53396834	1	0	1.0881	0.0214
P016	18	53396835	80373285	1	1	0.9226	1.0544
P016	19	1	44180171	1	1	0.9695	0.9577
P016	19	44180172	45946893	0	0	0.0607	0.0667
P016	19	45946894	58617616	1	1	0.9694	1.0291
P016	20	1	15659071	1	1	0.9138	1.0505
P016	20	15659072	15950425	0	0	0.0255	0.0694
P016	20	15950426	23454384	1	1	1.0582	1.0106
P016	20	23454385	29403989	1	0	0.936	0.0508
P016	20	29403990	64444167	1	1	0.8333	0.9304
P016	21	1	46709983	1	1	0.9328	0.9708
P016	22	1	18220866	1	1	0.8849	1.0275
P016	22	18220867	18736184	2	1	1.9911	1.0525
P016	22	18736185	31994272	1	1	1.0179	0.9632
P016	22	31994273	50818468	2	1	1.8803	0.9778
P016	X	1	156040895	1	0	1.152	0.0391
P017	1	1	37611364	2	2	2.0079	2.0519
P017	1	37611365	38869813	2	1	1.9427	0.961
P017	1	38869814	41001834	2	2	1.9874	2.0555
P017	1	41001835	89930600	2	0	2.0919	0.1341
P017	1	89930601	127119097	2	2	2.1045	2.0333
P017	1	127119098	132250621	2	0	2.0068	0.0109
P017	1	132250622	248956422	2	2	2.071	1.9503
P017	2	1	242193529	2	2	1.9217	2.108
P017	3	1	126333461	2	2	2.0497	2.0289
P017	3	126333462	130036082	3	2	2.9166	1.963
P017	3	130036083	198295559	2	2	2.0435	1.9945
P017	4	1	16544427	2	2	2.046	1.9521
P017	4	16544428	17871480	2	1	2.1021	1.1281
P017	4	17871481	41982233	2	2	2.1274	1.9424
P017	4	41982234	70737356	3	2	2.9479	2.0034
P017	4	70737357	190214555	2	2	1.9644	2.0713
P017	5	1	69269046	2	2	2.1277	2.1314
P017	5	69269047	70471061	2	0	2.0745	0
P017	5	70471062	75393706	2	2	1.9771	2.018
P017	5	75393707	93833318	3	2	3.0978	1.9395
P017	5	93833319	94960973	2	1	2.037	1.011
P017	5	94960974	112800425	2	2	2.0183	2.011
P017	5	112800426	113694553	3	2	2.882	2.0534
P017	5	113694554	115285517	2	0	2.0529	0.0566
P017	5	115285518	181538259	2	2	2.078	1.9066
P017	6	1	9445091	2	2	2.1457	1.973
P017	6	9445092	31165780	3	2	3.0812	2.0245
P017	6	31165781	39177910	2	0	1.9367	0
P017	6	39177911	46124775	3	2	2.9698	1.9916
P017	6	46124776	97449104	2	2	2.0118	2.151
P017	6	97449105	100024538	3	2	3.1391	1.9635
P017	6	100024539	128667076	2	2	1.9154	1.9785
P017	6	128667077	129129992	2	0	2.0268	0.0212
P017	6	129129993	139219725	2	2	2.1243	2.0687
P017	6	139219726	139903619	2	0	1.981	0.0336
P017	6	139903620	170805979	2	2	1.9602	1.9191
P017	7	1	6157352	2	2	2.014	1.9652
P017	7	6157353	11452396	2	1	1.8816	0.8865
P017	7	11452397	24632293	2	2	1.9882	2.0071
P017	7	24632294	25183094	2	0	2.0664	0
P017	7	25183095	155635225	2	2	2.0107	2.1091
P017	7	155635226	157437030	0	0	0.0574	0
P017	7	157437031	159345973	2	2	2.0493	2.0085
P017	8	1	49557867	2	2	2.0412	1.9806
P017	8	49557868	50679069	2	0	1.9058	0
P017	8	50679070	86394865	2	2	1.9552	1.8562
P017	8	86394866	88385880	3	2	3.0786	2.0205
P017	8	88385881	127287785	2	2	2.1404	2.0504
P017	8	127287786	135464016	6	2	6.0071	1.9719
P017	8	135464017	145138636	2	2	2.0526	2.012
P017	9	1	130141535	2	2	2.0692	2.1186
P017	9	130141536	131520205	2	1	2.0002	0.9746
P017	9	131520206	138394717	2	2	2.0338	1.9264
P017	10	1	50043763	2	2	2.0394	2.0213
P017	10	50043764	52061937	2	1	2.0365	1.077
P017	10	52061938	53157128	2	0	1.9693	0.0076
P017	10	53157129	53158574	2	1	1.9879	1.0002
P017	10	53158575	72457580	2	2	1.8768	2.0832
P017	10	72457581	86796586	3	2	2.9159	2.0769
P017	10	86796587	133797422	2	2	2.014	2.1143
P017	11	1	28881557	2	2	2.0572	1.9696
P017	11	28881558	29337750	0	0	0	0.0085
P017	11	29337751	43640619	2	2	2.073	1.9462
P017	11	43640620	47622595	2	0	1.918	0.0143
P017	11	47622596	66896424	2	2	2.1043	2.0025
P017	11	66896425	97434534	7	2	6.9485	2.0426
P017	11	97434535	107691601	2	2	2.127	2.0332
P017	11	107691602	108131381	0	0	0	0.042
P017	11	108131382	111430185	2	2	1.9681	1.9575
P017	11	111430186	131954609	2	1	2.0178	0.9243
P017	11	131954610	135086622	3	2	2.8892	2.0114
P017	12	1	24701117	2	2	2.1117	2.0023
P017	12	24701118	25079566	2	0	1.8729	0
P017	12	25079567	133275309	2	2	1.8882	2.0437
P017	13	1	30870491	2	2	2.0726	2.0568
P017	13	30870492	52096255	2	0	2.0243	0.0533
P017	13	52096256	60749806	2	2	2.0373	2.0284
P017	13	60749807	63044636	2	0	1.9663	0
P017	13	63044637	66070689	2	1	2.0165	0.9572
P017	13	66070690	66960971	2	0	2.0713	0
P017	13	66960972	95876855	2	2	2.0298	2.0473
P017	13	95876856	97343848	3	2	3.0479	1.9485
P017	13	97343849	114364328	2	2	1.9944	1.9984
P017	14	1	86560891	2	2	1.9223	1.9579
P017	14	86560892	87078123	3	2	2.9098	1.9258
P017	14	87078124	94318190	2	2	2.0459	1.9758
P017	14	94318191	96369274	2	0	2.0002	0.078
P017	14	96369275	107043718	2	2	1.8434	1.8788
P017	15	1	7509857	2	2	1.9405	2.0025
P017	15	7509858	11094443	2	1	2.0469	1.027
P017	15	11094444	43847057	2	2	2.0187	1.8427
P017	15	43847058	44215967	2	0	2.1627	0
P017	15	44215968	74335068	2	2	1.9826	2.0755
P017	15	74335069	95365547	2	0	1.9275	0
P017	15	95365548	101991189	2	2	1.9405	1.9571
P017	16	1	16092295	2	2	1.9729	2.0519
P017	16	16092296	22839794	3	2	3.0046	1.9971
P017	16	22839795	36081044	2	2	2.0311	1.8921
P017	16	36081045	56555426	3	2	2.9174	2.0091
P017	16	56555427	80313119	2	2	2.0393	1.9422
P017	16	80313120	88627310	3	2	2.9258	1.9896
P017	16	88627311	90338345	2	2	1.9652	1.9874
P017	17	1	83257441	2	2	2.0049	1.9703
P017	18	1	18945156	2	2	2.0067	2.0237
P017	18	18945157	20120580	2	0	2.0343	0.0588
P017	18	20120581	25215257	2	2	1.9885	2.0454
P017	18	25215258	27423138	3	2	3.0197	2.0469
P017	18	27423139	58201093	2	2	2.033	2.0996
P017	18	58201094	59041795	2	0	2.0801	0
P017	18	59041796	80373285	2	2	2.0376	1.9013
P017	19	1	33419401	2	2	2.0513	2.0561
P017	19	33419402	57997529	3	2	3.0276	2.0147
P017	19	57997530	58617616	2	2	2.0359	2.0947
P017	20	1	60966555	2	2	1.8476	1.9666
P017	20	60966556	64444167	3	2	3.1075	1.9932
P017	21	1	3718257	2	2	2.0117	2.0272
P017	21	3718258	6924126	2	0	2.0714	0
P017	21	6924127	8640427	2	2	1.9868	2.0967
P017	21	8640428	10581703	2	1	1.9244	0.945
P017	21	10581704	11636236	2	2	2.1067	1.9532
P017	21	11636237	21215604	3	2	2.9876	1.9978
P017	21	21215605	31547630	2	2	1.991	1.9426
P017	21	31547631	39374631	3	2	2.9286	1.9001
P017	21	39374632	44054226	2	2	1.9141	2.0163
P017	21	44054227	46709983	2	0	2.0217	0.0785
P017	22	1	14822467	2	2	2.0157	2.0299
P017	22	14822468	15539695	2	0	2.0444	0
P017	22	15539696	20433813	2	2	1.9635	2.0489
P017	22	20433814	27715369	3	2	3.0176	1.9008
P017	22	27715370	44028794	2	0	2.0374	0.0539
P017	22	44028795	50818468	2	2	1.9939	2.0231
P017	X	1	156040895	2	2	2.1487	1.9616
P018	1	1	248956422	1	1	0.9863	1.1287
P018	2	1	36555395	1	1	0.8763	1.0083
P018	2	36555396	36964545	1	0	1.0085	0
P018	2	36964546	242193529	1	1	0.9246	0.8349
P018	3	1	198295559	1	1	0.9176	0.9849
P018	4	1	86974063	1	1	1.0249	1.02
P018	4	86974064	88428321	2	1	1.9639	0.9449
P018	4	88428322	190214555	1	1	0.984	1.0468
P018	5	1	9120523	1	1	1.0309	0.9542
P018	5	9120524	23609052	2	1	1.9186	1.0167
P018	5	23609053	181538259	1	1	0.894	0.998
P018	6	1	136411911	1	1	0.9746	0.9296
P018	6	136411912	145745377	2	1	2.0799	0.9824
P018	6	145745378	170805979	1	1	0.9713	0.9852
P018	7	1	35979613	1	1	1.0237	1.0358
P018	7	35979614	37740753	1	0	0.9792	0.0635
P018	7	37740754	159345973	1	1	1.0642	1.0317
P018	8	1	97568405	1	1	1.0164	1.0781
P018	8	97568406	98798370	8	1	7.9656	0.938
P018	8	98798371	129191992	1	1	0.9504	1.0068
P018	8	129191993	130451823	1	0	0.9797	0
P018	8	130451824	145138636	1	1	1.0164	0.9258
P018	9	1	121016916	1	1	1.1042	0.9594
P018	9	121016917	126707917	2	1	2.0059	0.9968
P018	9	126707918	138394717	1	1	0.9437	1.0635
P018	10	1	107720874	1	1	1.0462	1.0755
P018	10	107720875	112109943	2	1	2.1276	0.9909
P018	10	112109944	133797422	1	1	0.9423	1.0325
P018	11	1	29754457	1	1	0.9107	1.0935
P018	11	29754458	44962501	6	1	6.1304	0.8634
P018	11	44962502	135086622	1	1	1.0366	1.0379
P018	12	1	7044833	1	1	0.9806	1.0585
P018	12	7044834	9683617	6	1	5.8289	0.8899
P018	12	9683618	41991047	1	1	0.9966	0.9377
P018	12	41991048	48554262	1	0	0.9941	0.1243
P018	12	48554263	125157339	1	1	0.968	1.0302
P018	12	125157340	133275309	6	1	6.0516	1.0161
P018	13	1	13496947	1	1	0.9471	0.9361
P018	13	13496948	16427797	1	0	0.9449	0.1124
P018	13	16427798	33721485	1	1	0.9109	1.0301
P018	13	33721486	50860310	2	1	2.0791	0.9539
P018	13	50860311	60005036	1	1	0.8339	0.9942
P018	13	60005037	61709953	1	0	1.0612	0
P018	13	61709954	114364328	1	1	1.1351	0.9754
P018	14	1	19113279	1	1	0.965	1.0037
P018	14	19113280	22484925	2	1	1.9462	0.792
P018	14	22484926	42547849	1	1	1.0807	0.9108
P018	14	42547850	43677181	0	0	0	0
P018	14	43677182	55015771	1	1	0.9141	1.0485
P018	14	55015772	55501359	1	0	1.0147	0
P018	14	55501360	107043718	1	1	0.9706	0.9013
P018	15	1	3192058	1	1	1.0202	0.9789
P018	15	3192059	4188169	1	0	1.0138	0.0094
P018	15	4188170	59246935	1	1	0.8778	1.061
P018	15	59246936	59743912	1	0	1.0029	0
P018	15	59743913	61810036	1	1	0.9933	0.9511
P018	15	61810037	69102398	1	0	1.0229	0
P018	15	69102399	101991189	1	1	0.9475	1.1202
P018	16	1	63176584	1	1	1.0441	1.1591
P018	16	63176585	72349494	1	0	1.0508	0.0709
P018	16	72349495	88197318	1	1	1.0231	0.9754
P018	16	88197319	88516786	2	1	2.0502	0.9392
P018	16	88516787	90338345	1	1	1.0328	1.054
P018	17	1	3523706	1	0	1.0108	0
P018	17	3523707	11728042	7	1	6.9043	0.9597
P018	17	11728043	25100000	1	0	0.9769	0
P018	17	25100001	55756575	1	1	1.0078	0.9289
P018	17	55756576	56084044	2	1	1.9694	0.8381
P018	17	56084045	64558393	1	1	1.0322	1.0479
P018	17	64558394	72464543	1	0	0.9142	0.04
P018	17	72464544	83257441	1	1	0.9766	0.9927
P018	18	1	13473797	1	1	0.9156	0.9078
P018	18	13473798	80373285	1	0	1.0471	0
P018	19	1	18091345	1	1	0.9668	0.9807
P018	19	18091346	22082190	2	1	1.9285	0.9524
P018	19	22082191	52024501	1	1	0.984	1.1163
P018	19	52024502	58617616	1	0	1.1099	0
P018	20	1	64444167	1	1	0.8243	1.0799
P018	21	1	30698870	1	1	0.9975	0.9368
P018	21	30698871	32834081	2	1	1.9643	0.9793
P018	21	32834082	46709983	1	1	0.9365	0.9284
P018	22	1	2106647	1	1	1.0123	1.0046
P018	22	2106648	14451776	1	0	1.1011	0.0007
P018	22	14451777	30289947	1	1	1.031	1.069
P018	22	30289948	32380056	2	1	1.9657	0.9429
P018	22	32380057	47332560	1	1	0.9929	1.1012
P018	22	47332561	50818468	2	1	1.9327	1.0077
P018	X	1	156040895	1	0	1.0532	0.0063
P019	1	1	123400000	1	1	1.0821	1.0047
P019	1	123400001	189997918	2	1	1.962	0.9547
P019	1	189997919	190926208	7	1	6.9723	1.0657
P019	1	190926209	248956422	2	1	2.1124	1.0327
P019	2	1	122653410	1	1	0.9828	0.9524
P019	2	122653411	122994118	2	1	2.103	1.0765
P019	2	122994119	183337157	1	1	1.1155	0.9214
P019	2	183337158	184054857	1	0	1.0426	0.0114
P019	2	184054858	184861614	2	1	2.0202	1.0362
P019	2	184861615	184994039	1	0	0.8768	0
P019	2	184994040	242193529	1	1	0.9709	1.0274
P019	3	1	62226100	1	1	1.0689	1.0037
P019	3	62226101	64064218	2	1	1.92	1.0108
P019	3	64064219	132850054	1	1	1.1288	0.9415
P019	3	132850055	159956645	9	1	9.1095	1.0795
P019	3	159956646	198295559	1	1	0.922	0.9379
P019	4	1	54574136	1	1	0.9332	0.949
P019	4	54574137	56260219	1	0	1.0386	0.0255
P019	4	56260220	91084229	1	1	0.8601	0.9452
P019	4	91084230	93074623	9	1	8.9194	1.0104
P019	4	93074624	190214555	1	1	1.0129	1.004
P019	5	1	92156046	1	1	1.0934	1.0045
P019	5	92156047	96638612	2	1	1.9119	1.1156
P019	5	96638613	181538259	1	1	0.8385	0.9986
P019	6	1	159966864	1	1	0.9646	0.9913
P019	6	159966865	170805979	1	0	0.9019	0
P019	7	1	8443902	1	1	1.0208	0.9301
P019	7	8443903	8812486	1	0	1.0124	0.0911
P019	7	8812487	159345973	1	1	1.0361	0.873
P019	8	1	17042116	1	1	0.9415	0.9976
P019	8	17042117	32011002	2	1	2.0221	0.9156
P019	8	32011003	77660359	1	1	1.0166	1.0318
P019	8	77660360	82709292	1	0	0.9394	0.0542
P019	8	82709293	145138636	1	1	1.0104	1.0605
P019	9	1	13443123	1	0	0.9816	0
P019	9	13443124	37151197	2	1	2.0664	1.1472
P019	9	37151198	43000000	1	0	1.053	0.0206
P019	9	43000001	77392286	1	1	0.9351	0.9423
P019	9	77392287	82189427	2	1	1.8978	0.9301
P019	9	82189428	138394717	1	1	1.0287	1.03
P019	10	1	133797422	1	1	0.9484	1.0545
P019	11	1	135086622	1	1	0.8922	1.0059
P019	12	1	4515740	1	1	1.0282	1.1009
P019	12	4515741	5706908	1	0	0.9396	0.1132
P019	12	5706909	54193653	1	1	0.8116	0.9253
P019	12	54193654	54606050	1	0	0.9364	0.0783
P019	12	54606051	101045746	1	1	0.8434	0.9626
P019	12	101045747	101407411	2	1	2.0655	1.0468
P019	12	101407412	133275309	1	1	0.9043	1.0569
P019	13	1	42821189	1	1	0.8557	1.0352
P019	13	42821190	58452903	2	1	1.9826	1.0698
P019	13	58452904	85403643	1	1	0.9259	1.0034
P019	13	85403644	114364328	2	1	2.0681	0.9884
P019	14	1	107043718	1	1	1.0783	0.9084
P019	15	1	28092767	1	1	0.9792	0.8712
P019	15	28092768	33173253	2	1	1.9496	0.9213
P019	15	33173254	53040695	1	1	1.0254	1.0675
P019	15	53040696	53606637	1	0	1.0122	0.0275
P019	15	53606638	101991189	1	1	0.9579	0.9537
P019	16	1	90338345	1	1	0.9922	1.0428
P019	17	1	25100000	1	0	1.0333	0
P019	17	25100001	83257441	1	1	0.979	1.0093
P019	18	1	17555782	1	1	1.0401	0.9879
P019	18	17555783	18706646	1	0	0.9891	0
P019	18	18706647	41602457	1	1	0.9057	1.0405
P019	18	41602458	79705280	2	1	1.93	1.0632
P019	18	79705281	80373285	1	1	0.9526	0.934
P019	19	1	31016516	1	1	1.0767	0.9906
P019	19	31016517	32183059	2	1	2.0146	1.032
P019	19	32183060	58617616	1	1	0.9298	1.0326
P019	20	1	17793411	1	1	0.9072	0.9741
P019	20	17793412	18284473	1	0	1.0384	0
P019	20	18284474	64444167	1	1	0.9433	0.9131
P019	21	1	21720941	1	1	1.0197	1.0323
P019	21	21720942	22283146	7	1	7.0674	0.8649
P019	21	22283147	30944686	1	1	0.9991	1.0245
P019	21	30944687	42530154	2	1	1.9797	0.9986
P019	21	42530155	43182238	1	1	0.9298	1.0403
P019	21	43182239	46636915	2	1	2.0771	1.0319
P019	21	46636916	46709983	1	1	1.0985	0.963
P019	22	1	50818468	1	1	0.9676	0.9416
P019	X	1	156040895	1	0	1.0112	0
P020	1	1	100450356	2	2	2.1221	2.1204
P020	1	100450357	103906704	3	2	2.9178	1.9896
P020	1	103906705	111074988	8	2	7.8953	1.9277
P020	1	111074989	248956422	3	2	2.9183	2.0421
P020	2	1	59694028	2	2	1.9376	2.0129
P020	2	59694029	63765228	2	0	1.9772	0.0362
P020	2	63765229	83674751	2	2	1.9038	1.9182
P020	2	83674752	84951353	3	2	2.8944	2.0102
P020	2	84951354	126838396	2	2	2.0455	2.0554
P020	2	126838397	129721059	2	0	1.9241	0
P020	2	129721060	147607039	2	2	2.0764	1.9673
P020	2	147607040	170982905	3	2	2.8464	2.1095
P020	2	170982906	172126449	2	2	2.0127	2.0668
P020	2	172126450	180182765	2	1	2.0142	0.9669
P020	2	180182766	224770015	2	2	1.8961	2.048
P020	2	224770016	225376624	3	2	3.0071	2.0515
P020	2	225376625	242193529	2	2	2.0324	1.955
P020	3	1	28990853	2	2	2.0217	1.9383
P020	3	28990854	32526929	3	2	2.8425	2.0892
P020	3	32526930	82832052	2	2	1.9626	1.9317
P020	3	82832053	113812756	9	2	8.9492	2.0291
P020	3	113812757	127084757	2	2	1.9069	1.935
P020	3	127084758	131279661	2	0	2.0584	0.0316
P020	3	131279662	198295559	2	2	1.9414	2.0506
P020	4	1	24789331	2	2	1.8978	1.9892
P020	4	24789332	35204231	2	0	2.1454	0
P020	4	35204232	60385494	2	2	2.0611	1.985
P020	4	60385495	60712431	3	2	2.9944	2.0008
P020	4	60712432	72617973	2	2	2.1001	1.9659
P020	4	72617974	87028491	9	2	8.9167	2.0208
P020	4	87028492	110758193	2	2	2.0467	2.1258
P020	4	110758194	123904860	3	2	3.1217	1.9888
P020	4	123904861	184221659	2	2	2.0807	1.9675
P020	4	184221660	184895100	3	2	2.9081	2.1066
P020	4	184895101	190214555	2	2	1.9737	2.1099
P020	5	1	48800000	4	2	3.9603	2.0181
P020	5	48800001	109466020	2	2	1.9447	1.9973
P020	5	109466021	123026983	2	0	2.0578	0
P020	5	123026984	174049944	2	2	1.9154	2.0001
P020	5	174049945	175561836	2	1	2.0848	1.0543
P020	5	175561837	181538259	2	2	2.0257	1.9375
P020	6	1	5023595	2	2	2.0175	2.0964
P020	6	5023596	10954590	3	2	3.0052	2.0589
P020	6	10954591	35310663	2	2	1.9292	1.9674
P020	6	35310664	55185871	3	2	3.0786	1.9985
P020	6	55185872	65108530	2	2	2.0515	2.0801
P020	6	65108531	66486211	2	1	1.9707	0.9494
P020	6	66486212	93100780	2	2	1.9989	1.8818
P020	6	93100781	93685478	6	2	6.0314	2.054
P020	6	93685479	107999014	2	2	2.0275	2.1493
P020	6	107999015	108985680	2	0	2.0416	0.2155
P020	6	108985681	139581922	2	2	1.9337	2.0851
P020	6	139581923	156286387	3	2	3.0334	2.0364
P020	6	156286388	170805979	2	2	2.0889	2.0184
P020	7	1	60100000	4	2	3.8782	2.1657
P020	7	60100001	135695728	2	2	1.9739	2.1423
P020	7	135695729	135986004	0	0	0.0154	0
P020	7	135986005	159345973	2	2	2.1088	1.9226
P020	8	1	4009151	2	2	1.9778	2.0264
P020	8	4009152	24420672	3	2	2.9772	2.0836
P020	8	24420673	99426830	2	2	2.0504	2.0909
P020	8	99426831	103145273	3	2	2.8886	2.0576
P020	8	103145274	117086622	2	2	2.0331	2.0715
P020	8	117086623	120522173	2	1	2.0692	1.0722
P020	8	120522174	145138636	2	2	1.8587	2.0228
P020	9	1	43000000	2	1	2.0446	0.9988
P020	9	43000001	96204639	2	2	1.9041	1.8589
P020	9	96204640	97361523	3	2	2.9251	1.9328
P020	9	97361524	99102940	2	2	1.9596	1.9854
P020	9	99102941	100639656	3	2	2.9749	2.1216
P020	9	100639657	138394717	2	2	2.0996	2.044
P020	10	1	16396323	2	2	2.1133	2.0735
P020	10	16396324	20124060	2	0	1.8919	0.0391
P020	10	20124061	60380749	2	2	1.9923	1.9833
P020	10	60380750	60961356	3	2	2.9282	1.8893
P020	10	60961357	70296549	2	2	1.9435	2.1062
P020	10	70296550	71209297	3	2	3.0213	1.9157
P020	10	71209298	84965870	2	2	1.9693	2.0561
P020	10	84965871	85833426	3	2	2.9983	2.0498
P020	10	85833427	104540997	2	2	1.9531	1.9866
P020	10	104540998	105603753	9	2	8.9746	2.0425
P020	10	105603754	110060865	2	2	2.1142	1.9191
P020	10	110060866	111665142	2	0	1.9278	0.1655
P020	10	111665143	133797422	2	2	1.949	1.9962
P020	11	1	41901831	2	2	1.993	1.8936
P020	11	41901832	42286984	2	1	2.0118	1.0209
P020	11	42286985	44007362	2	2	2.0005	1.928
P020	11	44007363	45486024	2	0	2.0426	0
P020	11	45486025	46221381	2	2	1.9201	2.072
P020	11	46221382	57333622	3	2	2.9936	2.0544
P020	11	57333623	65233201	2	2	2.0461	2.0408
P020	11	65233202	99881540	2	1	1.9902	0.9318
P020	11	99881541	135086622	2	2	1.9454	1.9738
P020	12	1	11162884	2	2	1.9933	1.9857
P020	12	11162885	42950424	8	2	7.9363	1.9766
P020	12	42950425	67507733	2	2	2.0094	2.0752
P020	12	67507734	70326743	3	2	3.1313	2.067
P020	12	70326744	75472046	2	1	1.9388	1.125
P020	12	75472047	133275309	2	2	2.04	1.9961
P020	13	1	20679574	2	2	1.9846	1.9987
P020	13	20679575	22927555	2	0	2.0665	0
P020	13	22927556	89386365	2	2	1.9242	2.0173
P020	13	89386366	92982510	3	2	2.9379	2.043
P020	13	92982511	114364328	2	2	1.9657	2.0876
P020	14	1	8027939	2	2	2.1139	2.1285
P020	14	8027940	8138759	0	0	0	0.0465
P020	14	8138760	10095032	2	2	2.1467	2.0195
P020	14	10095033	10689061	3	2	2.9921	1.9004
P020	14	10689062	11698536	2	2	2.0157	1.9798
P020	14	11698537	14129834	2	0	2.0033	0
P020	14	14129835	43588442	3	2	3.0309	1.8593
P020	14	43588443	90305501	2	2	2.0524	1.9887
P020	14	90305502	102889728	3	2	3.0302	1.968
P020	14	102889729	107043718	2	2	2.0776	2.04
P020	15	1	41252960	2	2	1.8137	1.9157
P020	15	41252961	42047586	2	0	2.0186	0.1047
P020	15	42047587	44143635	2	2	2.101	1.9424
P020	15	44143636	61609546	2	0	2.0793	0.0345
P020	15	61609547	101991189	2	2	1.9346	1.9238
P020	16	1	6846565	2	2	1.9898	2.0689
P020	16	6846566	9251808	2	0	1.9453	0
P020	16	9251809	17972232	2	2	1.9615	2.1206
P020	16	17972233	19324052	2	0	1.9836	0
P020	16	19324053	43904637	3	2	2.9939	1.9516
P020	16	43904638	46361351	2	2	1.9882	1.9885
P020	16	46361352	48080169	2	1	2.0031	1.0329
P020	16	48080170	75391444	2	2	2.0039	2.0006
P020	16	75391445	90338345	2	0	1.9455	0
P020	17	1	2506530	2	1	2.0938	0.9746
P020	17	2506531	2676345	0	0	0	0.0284
P020	17	2676346	15432094	2	1	2.0893	0.9084
P020	17	15432095	62215790	2	0	2.0506	0
P020	17	62215791	74242936	2	2	1.985	1.9201
P020	17	74242937	76282570	2	0	1.9304	0.025
P020	17	76282571	83257441	2	2	1.8809	1.9185
P020	18	1	42873388	2	2	1.7898	1.955
P020	18	42873389	43238182	0	0	0	0.061
P020	18	43238183	43890277	2	2	1.9308	1.9902
P020	18	43890278	44372908	3	2	2.9471	1.9699
P020	18	44372909	55184972	2	2	1.9181	1.986
P020	18	55184973	56042405	3	2	3.0153	2.0553
P020	18	56042406	76218258	2	2	2.1409	2.0104
P020	18	76218259	80373285	2	1	2.0844	1.0527
P020	19	1	58617616	2	2	2.0272	2.0083
P020	20	1	24452015	2	2	1.9793	2.0064
P020	20	24452016	24937036	3	2	2.9266	2.1487
P020	20	24937037	64444167	2	2	1.984	1.9792
P020	21	1	3394845	2	2	2.0138	2.005
P020	21	3394846	4246524	3	2	2.9585	1.9861
P020	21	4246525	7436777	2	2	1.9672	2.0365
P020	21	7436778	11645694	2	1	1.9512	1.0347
P020	21	11645695	27871292	2	2	2.0438	1.9194
P020	21	27871293	36736347	2	0	1.9519	0
P020	21	36736348	39370535	2	2	1.9612	1.9383
P020	21	39370536	46709983	3	2	2.895	2.0361
P020	22	1	50818468	2	2	2.0409	1.9702
P020	X	1	156040895	2	0	1.9046	0
P021	1	1	99552976	2	2	1.956	2.0668
P021	1	99552977	115374364	3	2	3.2149	2.0383
P021	1	115374365	139397823	2	2	2.0581	2.0133
P021	1	139397824	139718663	3	2	2.9719	1.8434
P021	1	139718664	193399580	2	2	1.9178	2.0968
P021	1	193399581	196266505	2	0	2.1204	0
P021	1	196266506	233734821	2	2	1.9483	2.0357
P021	1	233734822	234197645	2	1	1.9945	0.9429
P021	1	234197646	248956422	2	2	2.0109	2.0478
P021	2	1	14777256	2	2	2.0449	2.1338
P021	2	14777257	17512363	3	2	3.0486	1.9293
P021	2	17512364	26817603	2	2	2.0478	2.0941
P021	2	26817604	27146970	2	0	2.0268	0.009
P021	2	27146971	93728639	2	2	1.9099	1.9434
P021	2	93728640	97452950	3	2	3.0496	2.1349
P021	2	97452951	98704562	2	1	2.0245	0.9787
P021	2	98704563	104347496	3	2	2.9447	2.0967
P021	2	104347497	110729813	2	0	2.0385	0.104
P021	2	110729814	113448318	3	2	2.9898	1.9575
P021	2	113448319	152480105	2	2	1.9669	1.9988
P021	2	152480106	158090052	3	2	3.1045	2.0502
P021	2	158090053	242193529	2	2	2.0893	2.0971
P021	3	1	53946414	2	2	1.9991	1.9583
P021	3	53946415	84730911	2	0	2.1119	0.0473
P021	3	84730912	124482280	2	2	1.9411	1.9565
P021	3	124482281	125143103	3	2	3.014	1.981
P021	3	125143104	126869128	2	2	2.0358	1.87
P021	3	126869129	129003637	2	0	2.0735	0
P021	3	129003638	168550923	2	2	2.0298	1.9453
P021	3	168550924	188750129	2	0	2.0791	0
P021	3	188750130	191386720	3	2	3.037	2.0506
P021	3	191386721	198295559	2	2	2.1006	1.9475
P021	4	1	4770367	2	2	2.017	1.9695
P021	4	4770368	5638807	3	2	3.0696	1.9674
P021	4	5638808	21298400	2	2	1.9682	1.9644
P021	4	21298401	21950630	3	2	3.1019	2.0434
P021	4	21950631	30114173	2	2	1.9875	1.8406
P021	4	30114174	69669700	3	2	2.9632	2.0021
P021	4	69669701	82376121	2	0	1.9652	0
P021	4	82376122	145265613	2	2	2.0363	2.0481
P021	4	145265614	160057818	2	1	1.9474	0.9259
P021	4	160057819	190214555	2	2	1.9565	1.9695
P021	5	1	7551858	2	2	1.9397	2.062
P021	5	7551859	32287704	3	2	2.8722	1.9992
P021	5	32287705	93063994	2	2	2.0461	2.1009
P021	5	93063995	125958468	2	0	1.9012	0.0656
P021	5	125958469	181538259	2	2	1.8986	2.0811
P021	6	1	20949716	2	2	1.903	1.9184
P021	6	20949717	50265695	3	2	2.9753	1.9506
P021	6	50265696	67976899	2	2	1.9443	1.9737
P021	6	67976900	68459642	2	0	2.0997	0.0685
P021	6	68459643	84413585	2	2	1.9261	1.9795
P021	6	84413586	103913461	3	2	3.0927	2.096
P021	6	103913462	115490997	2	2	2.0781	1.9533
P021	6	115490998	129041836	2	0	2.1154	0
P021	6	129041837	139687367	3	2	2.9584	1.9689
P021	6	139687368	170805979	2	2	2.1082	1.9067
P021	7	1	18733256	2	2	1.9171	2.0736
P021	7	18733257	32090787	3	2	3.0513	1.9795
P021	7	32090788	42318424	2	2	2.0696	2.0834
P021	7	42318425	73474525	3	2	2.9843	1.9761
P021	7	73474526	83611613	2	2	1.9881	2.1191
P021	7	83611614	114921212	3	2	3.1085	2.0891
P021	7	114921213	159345973	2	2	1.987	2.0667
P021	8	1	71769367	2	2	1.8576	1.9735
P021	8	71769368	73003357	2	1	1.9988	0.9716
P021	8	73003358	79508016	2	2	1.9263	2.0179
P021	8	79508017	81820814	3	2	2.9825	1.9358
P021	8	81820815	117223634	2	2	2.1175	2.0867
P021	8	117223635	129606473	2	1	1.872	0.942
P021	8	129606474	145138636	2	2	2.0489	1.8462
P021	9	1	12640640	2	0	1.8586	0.0153
P021	9	12640641	12970959	3	2	2.9974	1.9983
P021	9	12970960	17681704	2	0	1.9567	0.0372
P021	9	17681705	24066738	3	2	2.969	2.0453
P021	9	24066739	43000000	2	0	1.983	0
P021	9	43000001	82332764	2	2	1.9764	1.9397
P021	9	82332765	82778489	3	2	3.05	2.0284
P021	9	82778490	103265697	2	2	1.9818	2.0254
P021	9	103265698	112949197	2	1	1.9664	1.0796
P021	9	112949198	116702683	2	2	2.0236	2.0006
P021	9	116702684	117312743	3	2	3.0087	1.9852
P021	9	117312744	138394717	2	2	2.0553	1.945
P021	10	1	97644839	2	2	1.9303	1.9898
P021	10	97644840	98711936	2	1	2.1202	1.0053
P021	10	98711937	133797422	2	2	1.8364	2.0858
P021	11	1	72994088	2	2	2.1093	2.0862
P021	11	72994089	73446827	3	2	3.0628	1.9188
P021	11	73446828	135086622	2	2	2.003	1.9461
P021	12	1	133275309	2	2	1.9966	2.0673
P021	13	1	2904029	2	2	2.0144	1.9313
P021	13	2904030	23743103	2	1	2.0858	1.1235
P021	13	23743104	103155079	2	2	1.8685	2.0299
P021	13	103155080	104259763	2	1	2.0704	0.9092
P021	13	104259764	114364328	2	2	1.9456	1.9803
P021	14	1	11975782	2	2	2.1197	2.0093
P021	14	11975783	12846364	3	2	3.0472	1.9449
P021	14	12846365	12930158	2	2	2.045	2.0782
P021	14	12930159	15264636	2	1	1.931	0.9497
P021	14	15264637	50241873	2	2	2.0188	1.9378
P021	14	50241874	53777730	10	2	9.9285	2.0067
P021	14	53777731	75232822	2	2	2.0471	1.9845
P021	14	75232823	76544114	2	1	1.9708	0.9408
P021	14	76544115	81677708	2	2	1.9916	2.0116
P021	14	81677709	84514887	2	0	1.9998	0
P021	14	84514888	107043718	2	2	2.0013	2.0111
P021	15	1	16019524	2	2	2.027	2.0702
P021	15	16019525	33451229	2	1	2.0225	0.9382
P021	15	33451230	39402270	2	2	2.1847	1.8985
P021	15	39402271	41201604	3	2	3.1485	1.9959
P021	15	41201605	51077226	2	2	2.101	2.0664
P021	15	51077227	55835117	3	2	3.0326	1.9363
P021	15	55835118	101991189	2	2	2.1317	2.0434
P021	16	1	36672778	2	2	2.1148	1.8562
P021	16	36672779	41594782	3	2	2.9908	2.0209
P021	16	41594783	53107705	2	2	2.0668	2.0409
P021	16	53107706	54080830	2	0	2.1047	0
P021	16	54080831	76879188	2	2	2.065	1.9873
P021	16	76879189	79168557	2	0	2.1629	0.0477
P021	16	79168558	90338345	2	2	2.0587	1.9127
P021	17	1	35688412	2	2	1.9542	1.9025
P021	17	35688413	36307468	2	1	2.0064	1.0066
P021	17	36307469	56314133	3	2	2.9624	1.8373
P021	17	56314134	83257441	2	2	2.0658	2.0343
P021	18	1	4391445	2	2	1.9736	2.019
P021	18	4391446	7131078	2	0	2.133	0.0251
P021	18	7131079	12820834	2	2	2.1275	1.958
P021	18	12820835	19526447	2	1	1.9439	1.0842
P021	18	19526448	80373285	2	2	1.9297	2.0772
P021	19	1	34622	2	2	2.049	1.9828
P021	19	34623	9211239	3	2	2.9442	1.9734
P021	19	9211240	10020120	2	2	1.8651	1.9526
P021	19	10020121	10757701	3	2	2.9082	2.095
P021	19	10757702	48206661	2	2	1.956	2.0715
P021	19	48206662	58617616	3	2	2.9822	2.011
P021	20	1	19407543	2	2	2.027	1.9656
P021	20	19407544	33662013	2	1	1.9874	0.86
P021	20	33662014	36558435	4	2	4.0109	2.0446
P021	20	36558436	57780246	2	1	1.9878	1.0019
P021	20	57780247	58878742	2	0	1.9722	0.0511
P021	20	58878743	60068219	2	1	1.9419	0.9801
P021	20	60068220	60632546	2	0	2.0773	0
P021	20	60632547	64444167	2	1	2.097	1.0556
P021	21	1	6457889	2	2	2.0165	2.0024
P021	21	6457890	24544094	2	1	1.9269	1.0594
P021	21	24544095	25627709	3	2	3.0168	1.9284
P021	21	25627710	46709983	2	2	2.1155	2.0703
P021	22	1	18338289	2	2	1.8955	2.0396
P021	22	18338290	22683180	2	0	2.1246	0
P021	22	22683181	50818468	2	2	2.0601	1.9038
P021	X	1	156040895	2	0	1.9948	0
P022	1	1	96572516	2	2	2.0022	1.9917
P022	1	96572517	96935770	2	1	1.9607	0.9384
P022	1	96935771	116380165	2	2	1.9732	2.1263
P022	1	116380166	121388908	2	1	2.0384	1.141
P022	1	121388909	121494485	0	0	0	0
P022	1	121494486	135511051	2	1	2.0614	1.0408
P022	1	135511052	176076521	2	2	1.9915	2.0234
P022	1	176076522	210076678	3	2	3.0584	1.93
P022	1	210076679	221972795	2	2	2.1098	2.0125
P022	1	221972796	224731514	2	1	2.0234	0.8948
P022	1	224731515	248956422	2	2	1.9346	1.9964
P022	2	1	242193529	2	2	1.958	2.0116
P022	3	1	98817471	2	2	1.9272	2.075
P022	3	98817472	99201407	2	0	1.9965	0.0251
P022	3	99201408	198295559	2	2	1.8662	2.074
P022	4	1	69656897	2	2	2.0868	1.9236
P022	4	69656898	70969455	2	0	2.0205	0
P022	4	70969456	130090254	2	2	1.9928	1.9338
P022	4	130090255	163203106	3	2	3.0417	2.0252
P022	4	163203107	190214555	2	2	1.994	2.0952
P022	5	1	6922058	2	2	1.9397	2.0044
P022	5	6922059	10193842	3	2	3.0067	2.0122
P022	5	10193843	34582678	2	2	2.1165	1.8526
P022	5	34582679	35030125	2	1	2.0597	1.0533
P022	5	35030126	61248424	2	2	2.0123	1.9244
P022	5	61248425	67849246	3	2	3.0122	2.0201
P022	5	67849247	97460663	2	2	1.9994	2.0742
P022	5	97460664	105896330	2	0	2.0505	0
P022	5	105896331	170309300	2	2	1.8617	1.9935
P022	5	170309301	181538259	2	1	1.9737	1.0731
P022	6	1	48109166	2	2	2.0534	1.9432
P022	6	48109167	48802273	0	0	0.1813	0.0718
P022	6	48802274	128365433	2	2	1.9335	2.0495
P022	6	128365434	131771384	3	2	3.0851	1.9411
P022	6	131771385	164476442	2	2	2.0764	2.0451
P022	6	164476443	165247091	3	2	2.9847	2.04
P022	6	165247092	170805979	2	2	2.0924	1.9378
P022	7	1	17636715	2	2	2.0802	2.0392
P022	7	17636716	33666202	3	2	2.9647	1.9797
P022	7	33666203	91301718	2	2	1.9646	2.0811
P022	7	91301719	96857225	3	2	2.9575	2.0065
P022	7	96857226	98052196	2	0	2.0338	0.0185
P022	7	98052197	102680147	3	2	3.064	1.979
P022	7	102680148	121224232	2	1	2.0476	1.0225
P022	7	121224233	127945774	2	2	1.9636	1.9443
P022	7	127945775	132537374	2	0	2.0864	0
P022	7	132537375	159345973	2	2	2.0381	1.9771
P022	8	1	9763660	2	2	1.9257	1.9444
P022	8	9763661	13796401	2	1	1.9315	1.0094
P022	8	13796402	145138636	2	2	2.0871	1.9219
P022	9	1	5869230	2	2	1.9672	2.0676
P022	9	5869231	20713739	2	1	1.9897	0.9879
P022	9	20713740	27641486	2	0	1.9808	0.0126
P022	9	27641487	39898108	2	1	2.0088	0.9941
P022	9	39898109	52279484	2	2	2.0783	1.9879
P022	9	52279485	53220373	2	1	2.0388	1.0951
P022	9	53220374	56698039	2	2	1.9753	2.0241
P022	9	56698040	57669694	3	2	2.9549	2.0444
P022	9	57669695	76368133	2	2	2.0292	2.0909
P022	9	76368134	77651844	0	0	0.0122	0.0028
P022	9	77651845	138394717	2	2	2.0363	2.0824
P022	10	1	25555942	2	2	2.0586	1.9892
P022	10	25555943	38559352	2	0	2.0147	0
P022	10	38559353	59313397	2	2	1.9359	2.0021
P022	10	59313398	60163389	2	1	1.9937	0.9821
P022	10	60163390	111785827	2	2	1.8643	2.0795
P022	10	111785828	128260162	2	1	1.8416	0.9995
P022	10	128260163	133797422	2	2	2.0175	2.1764
P022	11	1	63115886	2	2	2.0368	1.9654
P022	11	63115887	75483223	3	2	3.1421	2.1009
P022	11	75483224	80960991	2	2	1.9834	2.1796
P022	11	80960992	82001581	2	1	2.0545	0.89
P022	11	82001582	87621581	2	2	2.0163	2.0332
P022	11	87621582	90415849	2	1	2.0296	1.0909
P022	11	90415850	111268010	2	2	2.1264	1.9111
P022	11	111268011	111958076	3	2	3.0302	2.0726
P022	11	111958077	135086622	2	2	1.9238	2.0451
P022	12	1	22336859	2	2	2.0112	2.0108
P022	12	22336860	24504215	3	2	2.9395	2.0482
P022	12	24504216	55981298	2	2	2.0327	1.9267
P022	12	55981299	68750554	2	1	1.9321	0.9467
P022	12	68750555	86808445	2	2	1.928	1.9864
P022	12	86808446	87371800	2	1	2.0817	1.045
P022	12	87371801	133275309	2	2	1.8483	1.9292
P022	13	1	26817929	2	2	1.9801	2.0579
P022	13	26817930	45038018	2	0	1.965	0
P022	13	45038019	45474603	3	2	3.0978	1.9539
P022	13	45474604	66731308	2	2	2.0864	2.0157
P022	13	66731309	99034703	2	1	2.0203	1.1306
P022	13	99034704	114364328	2	2	1.9259	2.1539
P022	14	1	23521026	2	2	1.9825	2.1171
P022	14	23521027	25438562	2	1	1.9384	1.1504
P022	14	25438563	59637341	2	2	1.9126	1.992
P022	14	59637342	60478723	2	0	1.8961	0
P022	14	60478724	107043718	2	2	2.0419	1.8905
P022	15	1	101991189	2	2	1.874	2.1364
P022	16	1	2906502	2	2	2.0343	2.0623
P022	16	2906503	4197068	2	0	2.0037	0.0868
P022	16	4197069	52735065	2	2	1.8998	1.9916
P022	16	52735066	53122295	3	2	3.0464	2.104
P022	16	53122296	84611968	2	2	2.0209	1.9359
P022	16	84611969	87775999	3	2	2.8537	1.9724
P022	16	87776000	90338345	2	2	2.0462	2.003
P022	17	1	7240909	2	0	2.0601	0
P022	17	7240910	9988121	7	2	6.9691	2.104
P022	17	9988122	25100000	2	0	1.9604	0.0174
P022	17	25100001	46891941	2	2	1.9271	1.9998
P022	17	46891942	47768445	3	2	2.9442	2.1063
P022	17	47768446	83257441	2	2	1.9619	1.8887
P022	18	1	16558189	2	2	1.9849	2.017
P022	18	16558190	32148639	3	2	2.9001	1.8958
P022	18	32148640	48985250	2	2	1.9962	2.0587
P022	18	48985251	54499840	2	1	2.0529	1.0067
P022	18	54499841	57786643	2	0	2.0762	0.0248
P022	18	57786644	61694603	2	2	1.9264	1.9889
P022	18	61694604	62204348	3	2	3.0418	1.9845
P022	18	62204349	70681095	2	2	2.0413	2.0136
P022	18	70681096	72095628	2	0	1.9668	0.0259
P022	18	72095629	80373285	2	2	1.8992	1.9512
P022	19	1	7962859	2	2	1.9547	1.9664
P022	19	7962860	8371551	3	2	3.0625	1.9638
P022	19	8371552	58617616	2	2	2.0506	2.0809
P022	20	1	3498770	2	2	2.0529	1.9371
P022	20	3498771	12600459	2	0	2.031	0
P022	20	12600460	28100000	2	2	1.9305	1.9768
P022	20	28100001	47215095	3	2	3.0669	2.0075
P022	20	47215096	55011631	2	1	2.0031	1.0155
P022	20	55011632	64444167	3	2	2.9914	1.9846
P022	21	1	10417686	2	2	1.981	1.9472
P022	21	10417687	11498261	2	1	2.0352	0.9861
P022	21	11498262	12861677	2	2	2.0015	2.0233
P022	21	12861678	17969238	3	2	2.9773	2.0445
P022	21	17969239	17978502	2	2	2.0571	1.9504
P022	21	17978503	18629444	0	0	0	0
P022	21	18629445	33452959	2	2	2.0144	1.8794
P022	21	33452960	33975877	2	0	1.8744	0
P022	21	33975878	40628588	2	2	2.0925	2.0313
P022	21	40628589	41068752	2	0	1.9547	0
P022	21	41068753	46709983	2	2	2.0778	2.0746
P022	22	1	6700492	2	2	1.9739	2.0023
P022	22	6700493	7096104	3	2	2.8862	2.0148
P022	22	7096105	11113755	2	2	1.9934	1.9166
P022	22	11113756	19601429	3	2	2.9822	2.0277
P022	22	19601430	23243160	8	2	7.8913	2.0554
P022	22	23243161	44473169	2	2	2.1188	1.9044
P022	22	44473170	50818468	3	2	2.8836	2.0535
P022	X	1	156040895	2	0	2.081	0.111
P023	1	1	217827944	1	1	0.9763	1.0904
P023	1	217827945	242247334	2	1	1.8793	0.9619
P023	1	242247335	248956422	1	1	0.9728	1.0147
P023	2	1	7462677	1	1	0.9512	0.959
P023	2	7462678	48886450	1	0	1.0646	0.0785
P023	2	48886451	162436461	1	1	1.102	1.0668
P023	2	162436462	167342451	7	1	7.0445	1.0784
P023	2	167342452	242193529	1	1	1.0926	0.9294
P023	3	1	198295559	1	1	1.0017	1.0358
P023	4	1	15705282	1	1	0.9572	0.9079
P023	4	15705283	17734711	2	1	1.9299	1.0046
P023	4	17734712	190214555	1	1	0.9855	1.0367
P023	5	1	15924898	3	1	3.0042	0.9495
P023	5	15924899	52369318	1	0	0.9741	0.0008
P023	5	52369319	59857097	2	1	1.9717	1.1257
P023	5	59857098	139156125	1	1	0.9666	0.9862
P023	5	139156126	140306504	2	1	1.876	0.9427
P023	5	140306505	181538259	1	1	1.0298	1.0459
P023	6	1	123621866	1	1	0.9523	0.9651
P023	6	123621867	124041699	2	1	2.013	1.0297
P023	6	124041700	170805979	1	1	0.9653	1.0632
P023	7	1	159345973	1	1	1.0407	0.9547
P023	8	1	22600172	1	1	1.0818	0.9466
P023	8	22600173	33342252	2	1	2.0272	0.9789
P023	8	33342253	124247706	1	1	0.9707	0.9154
P023	8	124247707	142083468	1	0	0.8151	0.0793
P023	8	142083469	145138636	1	1	0.8885	0.9752
P023	9	1	36795318	1	1	0.9255	1.0297
P023	9	36795319	55735266	2	1	1.9414	0.9844
P023	9	55735267	138394717	1	1	1.021	0.8903
P023	10	1	118689009	1	1	0.8662	1.123
P023	10	118689010	133797422	1	0	0.825	0
P023	11	1	97036488	1	1	1.083	0.9757
P023	11	97036489	135086622	6	1	6.0721	1.043
P023	12	1	33827336	1	1	1.0211	0.8814
P023	12	33827337	34558379	2	1	1.9458	1.0593
P023	12	34558380	76319175	1	1	0.9522	0.9855
P023	12	76319176	78017735	2	1	1.9176	1.0597
P023	12	78017736	113603694	1	1	1.0175	1.0688
P023	12	113603695	115424646	1	0	1.1108	0.063
P023	12	115424647	133275309	1	1	1.0256	0.9618
P023	13	1	45620299	1	1	0.9333	1.0122
P023	13	45620300	46600998	2	1	1.9637	1.117
P023	13	46600999	101981321	1	1	0.9627	0.9786
P023	13	101981322	110813029	2	1	1.9881	1.0458
P023	13	110813030	114364328	1	1	0.9638	0.9587
P023	14	1	5010290	1	1	0.9391	1.0533
P023	14	5010291	5367964	2	1	2.0135	1.095
P023	14	5367965	26813928	1	1	0.9519	1.1009
P023	14	26813929	27444830	2	1	1.941	1.0064
P023	14	27444831	107043718	1	1	1.1134	1.0782
P023	15	1	15412933	1	1	0.99	0.8536
P023	15	15412934	19057543	2	1	2.0488	1.0002
P023	15	19057544	56043557	1	1	0.9416	0.9311
P023	15	56043558	56632554	1	0	0.8951	0
P023	15	56632555	64407483	1	1	0.8842	1.0101
P023	15	64407484	69402003	1	0	1.0231	0
P023	15	69402004	101991189	1	1	1.0194	1.0652
P023	16	1	90338345	1	1	0.9788	0.9986
P023	17	1	83257441	1	1	1.1245	1.041
P023	18	1	14898187	1	1	1.0656	1.125
P023	18	14898188	22724282	2	1	1.9671	0.9449
P023	18	22724283	52816101	1	1	1.0906	1.0188
P023	18	52816102	60300736	7	1	7.0548	1.0974
P023	18	60300737	62301525	1	1	1.032	1.025
P023	18	62301526	63767446	2	1	1.9083	0.9571
P023	18	63767447	80373285	1	1	0.9313	1.0087
P023	19	1	40458859	1	1	1.0629	1.0134
P023	19	40458860	45063267	2	1	1.946	0.9388
P023	19	45063268	58617616	1	1	0.8712	1.0019
P023	20	1	4082666	1	1	0.8922	1.0529
P023	20	4082667	12191208	1	0	1.04	0.1283
P023	20	12191209	21787370	1	1	1.0401	0.9729
P023	20	21787371	22463021	0	0	0	0
P023	20	22463022	34894387	1	1	0.9965	0.8552
P023	20	34894388	40061134	1	0	0.92	0.0894
P023	20	40061135	64444167	1	1	0.9077	1.0826
P023	21	1	2269608	1	1	0.9692	1.0595
P023	21	2269609	12134361	1	0	1.011	0
P023	21	12134362	35701864	1	1	0.9274	0.9998
P023	21	35701865	46548840	1	0	1.0979	0
P023	21	46548841	46709983	1	1	1.0228	0.9317
P023	22	1	35656154	1	1	1.0326	1.015
P023	22	35656155	50818468	2	1	2.0197	0.9988
P023	X	1	62123684	1	1	1.0225	1.0024
P023	X	62123685	100556960	1	0	0.9721	0.0057
P023	X	100556961	156040895	1	1	0.8943	0.9643
P024	1	1	19926708	2	2	2.0336	2.0101
P024	1	19926709	23379008	2	0	1.9853	0.048
P024	1	23379009	36813071	2	2	1.8967	1.9884
P024	1	36813072	80040193	3	2	3.0383	2.0617
P024	1	80040194	160101309	2	2	1.9007	2.0821
P024	1	160101310	161892200	2	1	2.0937	1.0729
P024	1	161892201	248956422	2	2	2.0957	2.0219
P024	2	1	63002240	2	2	2.0475	1.9236
P024	2	63002241	66384044	3	2	3.0116	1.8615
P024	2	66384045	156107812	2	2	2.057	2.1375
P024	2	156107813	171403928	3	2	2.9569	1.9745
P024	2	171403929	197956899	2	2	2.0861	1.9856
P024	2	197956900	198805475	3	2	2.9818	2.0505
P024	2	198805476	198831307	2	2	2.0188	2.0213
P024	2	198831308	204632467	3	2	3.0432	2.0672
P024	2	204632468	223017179	2	2	2.0549	1.9497
P024	2	223017180	223622734	2	0	1.9602	0
P024	2	223622735	239290054	2	2	1.9503	2.1403
P024	2	239290055	241384477	3	2	2.9082	1.9024
P024	2	241384478	242193529	2	2	1.9721	2.0286
P024	3	1	18297924	2	0	2.1719	0
P024	3	18297925	20205120	0	0	0	0.0572
P024	3	20205121	63484506	2	0	1.9031	0
P024	3	63484507	77179667	2	1	2.0351	0.8946
P024	3	77179668	90900000	2	0	2.0547	0
P024	3	90900001	198295559	2	2	1.8774	2.0399
P024	4	1	120785849	2	2	1.9716	2.0054
P024	4	120785850	130112455	2	0	1.9289	0
P024	4	130112456	190214555	2	2	1.9497	2.0985
P024	5	1	181538259	2	2	1.9777	1.9831
P024	6	1	86408574	2	2	1.9875	1.8656
P024	6	86408575	87581306	2	1	2.0175	1.0143
P024	6	87581307	102416321	2	2	2.0499	1.9522
P024	6	102416322	110510275	2	1	1.8641	0.9819
P024	6	110510276	170805979	2	2	1.9665	1.8504
P024	7	1	96114478	2	2	1.9099	1.9008
P024	7	96114479	98460990	3	2	3.1126	1.9759
P024	7	98460991	98683270	2	2	1.9772	2.136
P024	7	98683271	145081810	3	2	3.113	1.9381
P024	7	145081811	150438077	2	2	1.9458	1.9512
P024	7	150438078	159345973	3	2	3.0945	1.9318
P024	8	1	34308236	2	2	1.9996	1.996
P024	8	34308237	46755533	2	1	1.9882	0.9985
P024	8	46755534	132903490	3	2	2.9922	2.0868
P024	8	132903491	140861237	2	0	2.1731	0.0225
P024	8	140861238	145138636	7	2	6.9509	1.9419
P024	9	1	37092595	2	0	2.0644	0.021
P024	9	37092596	37859183	3	2	3.1908	1.8744
P024	9	37859184	43000000	2	0	2.1561	0
P024	9	43000001	71397725	2	2	2.058	2.031
P024	9	71397726	73592890	2	1	1.9994	1.0332
P024	9	73592891	89466860	2	2	1.8893	2.0963
P024	9	89466861	90503282	3	2	3.0374	2.0059
P024	9	90503283	138394717	2	2	2.0145	1.9555
P024	10	1	46153328	2	2	1.8965	1.9615
P024	10	46153329	47186480	3	2	3.006	1.9335
P024	10	47186481	48400506	2	2	1.9699	2.0988
P024	10	48400507	49096211	2	0	1.9281	0.0103
P024	10	49096212	49896275	2	2	2.0182	2.03
P024	10	49896276	50322944	0	0	0	0.0642
P024	10	50322945	103209986	2	2	1.882	2.0216
P024	10	103209987	105484356	10	2	9.9596	1.904
P024	10	105484357	106136023	2	2	2.1026	2.077
P024	10	106136024	106836711	2	0	1.9342	0.0818
P024	10	106836712	119859510	2	2	1.8769	1.9702
P024	10	119859511	121860878	2	0	2.0863	0.0242
P024	10	121860879	133797422	2	2	2.0314	1.9306
P024	11	1	135086622	2	2	2.0484	1.8649
P024	12	1	13290830	2	2	2.0744	1.9995
P024	12	13290831	22501660	3	2	3.016	2.105
P024	12	22501661	133275309	2	2	2.0507	1.9284
P024	13	1	30599805	2	2	2.0829	2.0379
P024	13	30599806	30918763	3	2	3.0141	1.8897
P024	13	30918764	57821364	2	2	1.945	2.0033
P024	13	57821365	93354227	3	2	3.0922	2.0882
P024	13	93354228	114364328	2	2	2.1263	1.9938
P024	14	1	18661838	2	2	1.9299	2.0408
P024	14	18661839	19091931	2	0	1.9255	0.0563
P024	14	19091932	107043718	2	2	2.1053	1.8822
P024	15	1	46019858	2	2	1.9735	2.0249
P024	15	46019859	46770092	3	2	2.9599	2.0861
P024	15	46770093	51271396	2	2	2.0028	2.0108
P024	15	51271397	51677763	3	2	2.9504	1.9303
P024	15	51677764	66266019	2	2	2.0438	1.9883
P024	15	66266020	66610577	3	2	3.0277	2.0372
P024	15	66610578	89543629	2	2	2.0322	1.9902
P024	15	89543630	92887649	3	2	2.9524	2.0151
P024	15	92887650	101991189	2	2	1.9509	1.974
P024	16	1	19685631	2	2	2.0093	1.9697
P024	16	19685632	20192585	10	2	9.9704	2.0068
P024	16	20192586	20894087	2	2	1.8836	1.9184
P024	16	20894088	54047190	3	2	3.0851	1.9813
P024	16	54047191	64415167	2	0	1.97	0
P024	16	64415168	69384209	2	2	1.9682	2.1244
P024	16	69384210	90338345	3	2	3.0484	1.9128
P024	17	1	14666254	2	2	2.0771	2.0265
P024	17	14666255	38937528	3	2	3.0057	2.0492
P024	17	38937529	43261213	2	2	2.034	2.0004
P024	17	43261214	56558063	2	1	1.8321	1.0097
P024	17	56558064	56961890	3	2	3.1162	1.9979
P024	17	56961891	70014692	2	2	1.9673	2.1477
P024	17	70014693	70468108	2	1	2.0408	0.9969
P024	17	70468109	73549561	2	2	2.0347	1.9291
P024	17	73549562	74313127	2	1	1.9201	1.0901
P024	17	74313128	83257441	2	2	2.0619	2.0154
P024	18	1	80373285	2	2	2.05	2.0219
P024	19	1	4201558	2	2	1.9812	1.9357
P024	19	4201559	17733510	2	0	1.901	0
P024	19	17733511	39623473	2	2	1.9219	2.0062
P024	19	39623474	46196576	2	1	2.1226	1.0934
P024	19	46196577	58617616	2	2	1.9083	1.9986
P024	20	1	8843912	2	2	1.9699	1.9695
P024	20	8843913	36124012	3	2	2.965	1.8727
P024	20	36124013	36655831	2	1	2.0303	1.0257
P024	20	36655832	45024324	3	2	2.8657	1.9387
P024	20	45024325	58801939	2	2	2.0462	1.9498
P024	20	58801940	64444167	6	2	6.0454	2.0429
P024	21	1	35022044	2	2	1.9321	1.9481
P024	21	35022045	35394211	0	0	0.0072	0
P024	21	35394212	35415572	2	2	2.0881	1.9519
P024	21	35415573	35777559	2	0	2.0987	0
P024	21	35777560	43363702	2	2	2.0916	1.9528
P024	21	43363703	46709983	2	0	2.1157	0
P024	22	1	7018000	2	2	2.0331	2.1093
P024	22	7018001	10543014	2	1	1.8701	1.202
P024	22	10543015	13978185	2	2	1.9468	1.9444
P024	22	13978186	15240002	3	2	2.9811	1.9347
P024	22	15240003	20392974	2	2	2.0593	2.0213
P024	22	20392975	21327748	3	2	2.9783	1.9564
P024	22	21327749	23693626	2	1	1.9932	1.0637
P024	22	23693627	25009962	3	2	2.9185	1.9101
P024	22	25009963	32493963	2	0	1.9968	0
P024	22	32493964	47252601	2	2	1.9273	1.9234
P024	22	47252602	47702748	3	2	2.8782	2.1072
P024	22	47702749	50818468	2	2	1.9642	2.0931
P024	X	1	46591593	2	2	2.1719	2.0259
P024	X	46591594	47121085	2	1	1.9636	1.0284
P024	X	47121086	156040895	2	2	1.9122	1.9415
P025	1	1	33075761	1	1	1.0545	0.9768
P025	1	33075762	33468221	1	0	1.0412	0
P025	1	33468222	67069732	1	1	0.9803	0.9361
P025	1	67069733	68943243	0	0	0	0
P025	1	68943244	224314083	1	1	1.0847	1.0083
P025	1	224314084	242283576	1	0	0.997	0.0254
P025	1	242283577	248956422	1	1	0.9398	0.9624
P025	2	1	38777078	1	1	1.0049	1.0185
P025	2	38777079	39594997	2	1	2.0368	0.9837
P025	2	39594998	230678063	1	1	1.0089	0.9724
P025	2	230678064	234001063	1	0	0.8796	0.0528
P025	2	234001064	242193529	1	1	1.0867	0.9727
P025	3	1	198295559	1	1	0.9968	0.9605
P025	4	1	43197906	1	1	0.9732	1.1167
P025	4	43197907	76510478	1	0	1.0181	0
P025	4	76510479	92024204	1	1	1.0576	0.9908
P025	4	92024205	93953461	1	0	0.8337	0
P025	4	93953462	94244874	1	1	1.0966	0.9934
P025	4	94244875	95382000	1	0	1.0153	0.0912
P025	4	95382001	190214555	1	1	1.1242	0.9888
P025	5	1	48800000	2	1	1.9899	1.057
P025	5	48800001	109901932	1	1	1.0065	1.0538
P025	5	109901933	110409791	1	0	1.0645	0.0605
P025	5	110409792	117303435	1	1	1.1116	0.9623
P025	5	117303436	121831413	1	0	1.0732	0
P025	5	121831414	181538259	1	1	0.9565	0.9784
P025	6	1	16922002	1	1	1.0699	0.9652
P025	6	16922003	17940012	2	1	2.0352	0.8569
P025	6	17940013	158432507	1	1	1.0588	0.8996
P025	6	158432508	164812782	1	0	1.1225	0
P025	6	164812783	170805979	1	1	0.9665	0.947
P025	7	1	159345973	1	1	1.0205	1.0817
P025	8	1	30085646	1	1	0.9911	1.0955
P025	8	30085647	30427021	1	0	1.1075	0
P025	8	30427022	83510265	1	1	1.0799	1.0081
P025	8	83510266	83627796	0	0	0	0
P025	8	83627797	145138636	1	1	0.9851	0.962
P025	9	1	138394717	1	1	1.064	1.0431
P025	10	1	9943764	1	1	0.9973	0.9937
P025	10	9943765	16774237	2	1	2.1108	1.0561
P025	10	16774238	51427322	1	1	1.0067	0.9494
P025	10	51427323	53551024	2	1	1.9714	1.0036
P025	10	53551025	53962765	9	1	9.0083	1.0057
P025	10	53962766	133797422	1	1	0.8835	1.0074
P025	11	1	50391676	1	1	0.9909	1.0065
P025	11	50391677	60288266	1	0	1.0456	0
P025	11	60288267	86769424	1	1	1.0384	0.8876
P025	11	86769425	87775371	2	1	2.0602	1.0653
P025	11	87775372	135086622	1	1	0.9506	1.0364
P025	12	1	10794890	1	1	1.0196	0.9823
P025	12	10794891	11906785	2	1	2.1419	0.9778
P025	12	11906786	26805959	1	1	1.068	1.128
P025	12	26805960	37133915	1	0	0.9259	0
P025	12	37133916	133275309	1	1	0.863	1.1073
P025	13	1	77024881	1	1	0.9713	1.0012
P025	13	77024882	80892555	2	1	1.9782	0.9924
P025	13	80892556	114364328	1	1	1.0075	0.9707
P025	14	1	18619830	1	1	1.0601	1.0836
P025	14	18619831	20225319	2	1	2.0384	0.9818
P025	14	20225320	44474914	1	1	1.111	1.0936
P025	14	44474915	46391866	2	1	1.9787	1.0644
P025	14	46391867	107043718	1	1	1.0746	0.9285
P025	15	1	64236369	1	1	1.0987	1.0619
P025	15	64236370	95099282	2	1	2.0195	1.0263
P025	15	95099283	99289841	1	1	1.1317	0.857
P025	15	99289842	101991189	8	1	7.9913	0.9547
P025	16	1	90338345	1	1	0.9634	0.9381
P025	17	1	45590286	1	1	1.0374	0.9578
P025	17	45590287	54411786	1	0	1.0752	0.0431
P025	17	54411787	83257441	1	1	1.0145	1.0658
P025	18	1	80373285	1	1	0.9535	0.9873
P025	19	1	43270979	1	1	1.1462	0.9289
P025	19	43270980	44340836	1	0	0.9128	0.1093
P025	19	44340837	58617616	1	1	0.965	1.0209
P025	20	1	64444167	1	1	1.0038	1.0645
P025	21	1	46709983	1	1	0.9684	1.1496
P025	22	1	50818468	1	1	1.0018	0.9898
P025	X	1	156040895	1	1	0.9806	0.9849
P026	1	1	28058767	2	2	2.0969	2.0053
P026	1	28058768	43567201	2	0	1.9148	0
P026	1	43567202	123400000	2	2	1.9866	1.8796
P026	1	123400001	248956422	3	2	3.0265	2.0324
P026	2	1	20252120	2	2	1.905	1.9398
P026	2	20252121	20761505	2	0	2.0566	0
P026	2	20761506	43500781	2	2	2.08	1.9931
P026	2	43500782	60740754	2	1	1.8875	1.0603
P026	2	60740755	179782154	2	2	2.0648	1.9368
P026	2	179782155	185641498	3	2	2.9521	1.988
P026	2	185641499	190698302	2	2	2.0872	1.9559
P026	2	190698303	193480504	3	2	3.0127	1.9225
P026	2	193480505	195870130	2	2	2.0521	1.9144
P026	2	195870131	212921401	2	0	2.0094	0
P026	2	212921402	242193529	2	2	1.8578	1.9204
P026	3	1	198295559	2	2	1.9137	2.0812
P026	4	1	2680520	2	2	2.0517	2.0164
P026	4	2680521	6771484	3	2	2.971	1.919
P026	4	6771485	24898195	2	2	1.9319	2.1074
P026	4	24898196	25321544	2	1	1.9507	0.9351
P026	4	25321545	34535271	2	2	2.1011	2.0267
P026	4	34535272	35926949	0	0	0	0
P026	4	35926950	154058820	2	2	1.8874	2.0159
P026	4	154058821	162011972	7	2	6.9878	1.9347
P026	4	162011973	176511476	2	2	1.9828	1.871
P026	4	176511477	180173164	3	2	3.1089	2.0566
P026	4	180173165	183249903	2	2	1.905	1.9038
P026	4	183249904	190214555	3	2	3.0611	2.007
P026	5	1	62196998	2	2	2.1135	1.9663
P026	5	62196999	98039576	3	2	2.9353	1.9879
P026	5	98039577	119306150	2	2	2.0316	1.9867
P026	5	119306151	148709810	2	1	2.0519	1.0485
P026	5	148709811	181538259	2	2	2.1131	1.9832
P026	6	1	12053814	2	2	2.0039	1.974
P026	6	12053815	14666130	2	0	2.1284	0
P026	6	14666131	47064131	2	2	1.9742	2.0789
P026	6	47064132	63615619	2	1	1.8934	0.9773
P026	6	63615620	85321236	2	2	1.9842	2.0408
P026	6	85321237	85838155	3	2	2.9151	2.0046
P026	6	85838156	93239579	2	2	1.9565	1.9108
P026	6	93239580	128886366	3	2	3.0004	1.9848
P026	6	128886367	157366369	2	1	1.9876	1.0926
P026	6	157366370	170805979	2	2	2.0257	2.0345
P026	7	1	12325661	2	2	2.01	2.0165
P026	7	12325662	13505988	2	1	2.0777	1.0478
P026	7	13505989	67032743	2	2	1.9406	2.0825
P026	7	67032744	71424903	2	0	1.9713	0.0545
P026	7	71424904	76749565	2	1	2.0497	1.0266
P026	7	76749566	92995823	2	0	2.1094	0
P026	7	92995824	159345973	2	2	2.0753	1.9667
P026	8	1	16777109	2	2	2.0463	2.0287
P026	8	16777110	26867472	3	2	3.0489	2.043
P026	8	26867473	71428154	2	2	1.8882	2.0313
P026	8	71428155	72029311	2	0	1.9683	0.0514
P026	8	72029312	145138636	2	2	2.0059	2.1075
P026	9	1	30075319	2	2	2.0897	1.9844
P026	9	30075320	30703358	3	2	3.0171	1.9939
P026	9	30703359	39428969	2	2	2.0044	2.0927
P026	9	39428970	40636668	3	2	3.0175	1.943
P026	9	40636669	53814478	2	2	1.9834	2.0362
P026	9	53814479	55266983	2	1	2.2538	0.878
P026	9	55266984	68232738	2	2	1.9382	2.0193
P026	9	68232739	69733938	2	0	1.8876	0.0375
P026	9	69733939	119153022	2	2	2.0883	1.965
P026	9	119153023	136860007	3	2	2.9399	2.0341
P026	9	136860008	138394717	2	1	2.0028	0.9296
P026	10	1	105875472	2	2	2.1033	2.0551
P026	10	105875473	110369570	2	0	1.9944	0
P026	10	110369571	133797422	2	2	1.9613	2.1298
P026	11	1	61040400	2	2	2.0924	2.0581
P026	11	61040401	98320847	3	2	3.0537	1.9167
P026	11	98320848	135086622	2	2	1.9081	2.0238
P026	12	1	133275309	2	2	2.0746	2.0452
P026	13	1	66014469	2	2	2.0108	2.0439
P026	13	66014470	67329572	0	0	0.0451	0.0251
P026	13	67329573	79305650	2	2	2.0069	2.0659
P026	13	79305651	79768623	3	2	3.0789	2.0944
P026	13	79768624	82667335	2	2	2.0066	2.0335
P026	13	82667336	83047302	0	0	0	0
P026	13	83047303	84077431	2	2	2.0284	2.0621
P026	13	84077432	84708139	3	2	3.02	1.9455
P026	13	84708140	114364328	2	2	1.9686	2.0518
P026	14	1	107043718	2	2	2.0956	1.9361
P026	15	1	17967111	2	2	2.0105	2.0828
P026	15	17967112	18474203	0	0	0.0057	0.0575
P026	15	18474204	39343350	2	2	1.9904	1.9979
P026	15	39343351	61090167	2	1	2.023	1.0497
P026	15	61090168	81772175	2	0	1.9161	0.0078
P026	15	81772176	88475218	2	2	1.9232	2.0538
P026	15	88475219	97007866	2	0	1.999	0.1738
P026	15	97007867	101991189	2	2	2.0159	2.0109
P026	16	1	5017659	2	2	2.0465	1.9249
P026	16	5017660	15588413	2	1	1.8927	1.0244
P026	16	15588414	63572641	2	2	1.8681	1.9225
P026	16	63572642	66922206	2	0	2.1019	0.0352
P026	16	66922207	90338345	2	2	1.9752	2.0602
P026	17	1	6558240	2	2	2.0459	2.1155
P026	17	6558241	7314753	3	2	3.0642	1.8397
P026	17	7314754	34754653	2	2	2.1468	2.0124
P026	17	34754654	36732427	3	2	3.0172	2.0949
P026	17	36732428	49578909	2	2	1.9	1.9963
P026	17	49578910	72478199	2	1	1.941	0.9662
P026	17	72478200	76675546	2	0	2.024	0
P026	17	76675547	76938820	2	2	1.9882	1.9616
P026	17	76938821	83257441	2	1	1.9058	0.9909
P026	18	1	14781843	2	2	1.8372	1.9619
P026	18	14781844	34262518	3	2	2.9803	2.045
P026	18	34262519	39265700	2	0	2.0827	0
P026	18	39265701	46347013	3	2	3.0097	2.0384
P026	18	46347014	54688128	10	2	10.1082	1.8995
P026	18	54688129	54909469	2	2	1.964	1.8968
P026	18	54909470	66205820	2	0	1.9349	0.0829
P026	18	66205821	80373285	2	2	1.9319	2.1056
P026	19	1	6320792	2	2	2.0011	2.0118
P026	19	6320793	14152075	2	0	1.9388	0.021
P026	19	14152076	19757195	3	2	3.1093	1.9084
P026	19	19757196	27533295	2	2	1.9353	1.9768
P026	19	27533296	29052084	3	2	2.9111	2.0312
P026	19	29052085	45116000	2	2	1.9853	1.9094
P026	19	45116001	45943875	2	0	2.0317	0
P026	19	45943876	49393693	2	2	1.8553	2.0227
P026	19	49393694	50057984	3	2	3.1103	1.9996
P026	19	50057985	50254655	2	2	2.0628	2.0869
P026	19	50254656	54500488	3	2	2.975	1.9477
P026	19	54500489	58617616	2	2	1.9684	2.0025
P026	20	1	28100000	2	2	2.0578	2.112
P026	20	28100001	64444167	4	2	3.959	1.9506
P026	21	1	5848368	2	2	1.9532	1.8999
P026	21	5848369	7309197	2	0	1.9841	0.1851
P026	21	7309198	12191982	2	2	2.0843	1.9231
P026	21	12191983	24446134	2	1	1.9918	1.0202
P026	21	24446135	33399803	2	2	1.9208	1.966
P026	21	33399804	40485636	2	0	1.9425	0.1441
P026	21	40485637	46709983	2	2	1.8936	1.9385
P026	22	1	42206213	2	2	2.0008	2.0346
P026	22	42206214	45886744	3	2	3.0754	1.8558
P026	22	45886745	50818468	2	2	1.985	1.8676
P026	X	1	127034249	2	2	1.9275	1.9679
P026	X	127034250	129018193	2	0	1.9446	0.0482
P026	X	129018194	156040895	2	2	1.9378	2.0082
P027	1	1	91104701	1	1	0.988	0.9664
P027	1	91104702	111091017	1	0	1.1707	0.0062
P027	1	111091018	122015855	1	1	1.0388	0.9291
P027	1	122015856	122588622	1	0	1.0396	0.0467
P027	1	122588623	192005868	1	1	0.9602	0.8595
P027	1	192005869	194083254	1	0	0.9876	0
P027	1	194083255	248956422	1	1	0.9535	1.1479
P027	2	1	43232181	1	1	1.0128	0.9772
P027	2	43232182	44701480	1	0	1.0736	0.0897
P027	2	44701481	242193529	1	1	0.9669	0.9294
P027	3	1	198295559	1	1	1.0669	0.9293
P027	4	1	171080696	1	1	0.9413	0.9421
P027	4	171080697	171269232	0	0	0.0484	0
P027	4	171269233	178160195	1	1	1.0012	0.9832
P027	4	178160196	178799827	1	0	0.9652	0.0175
P027	4	178799828	190214555	1	1	1.0036	0.9915
P027	5	1	125811193	1	1	1.0387	0.9483
P027	5	125811194	128097235	2	1	2.0873	0.9678
P027	5	128097236	144188916	1	1	1.0513	1.1785
P027	5	144188917	151834453	1	0	1.0066	0.0471
P027	5	151834454	172874221	1	1	0.8791	1.0314
P027	5	172874222	181538259	1	0	1.0402	0.023
P027	6	1	28418167	1	1	1.0587	0.9591
P027	6	28418168	29649488	2	1	1.9458	1.0837
P027	6	29649489	170805979	1	1	0.9136	1.0667
P027	7	1	60100000	2	1	1.9802	0.9065
P027	7	60100001	159345973	1	1	0.9818	0.9417
P027	8	1	45200000	1	1	1.0332	0.9428
P027	8	45200001	145138636	2	1	2.0114	1.0526
P027	9	1	9287882	1	1	0.9868	0.8626
P027	9	9287883	9597480	0	0	0	0
P027	9	9597481	138394717	1	1	0.9147	0.9451
P027	10	1	29571719	1	1	1.0051	0.9918
P027	10	29571720	29988212	2	1	1.995	0.8731
P027	10	29988213	51895274	1	1	1.1053	1.0244
P027	10	51895275	59117714	9	1	8.9527	0.9333
P027	10	59117715	60150875	0	0	0	0
P027	10	60150876	74153243	9	1	8.9476	1.0959
P027	10	74153244	133797422	1	1	0.9906	0.8578
P027	11	1	135086622	1	1	0.9347	1.0163
P027	12	1	82990444	1	1	0.9475	1.079
P027	12	82990445	83356975	2	1	1.9427	0.9899
P027	12	83356976	115903860	1	1	1.1623	0.8895
P027	12	115903861	128243051	2	1	1.9463	1.0548
P027	12	128243052	133275309	1	1	1.0179	1.0839
P027	13	1	78944025	1	1	0.9854	0.9714
P027	13	78944026	112949996	2	1	2.062	1.0614
P027	13	112949997	114364328	1	1	0.9472	1.0904
P027	14	1	12790020	1	1	1.0078	0.9867
P027	14	12790021	44718313	1	0	0.9588	0.0248
P027	14	44718314	62358634	1	1	0.7072	1.0555
P027	14	62358635	62632199	0	0	0.1069	0
P027	14	62632200	107043718	1	1	0.9788	0.921
P027	15	1	43220446	1	1	1.1077	0.9433
P027	15	43220447	43573872	0	0	0	0.054
P027	15	43573873	52579130	1	1	1.1187	0.9655
P027	15	52579131	60468288	1	0	0.9357	0.033
P027	15	60468289	87746871	1	1	1.0261	0.9969
P027	15	87746872	101991189	2	1	2.1525	0.9515
P027	16	1	78303171	1	1	1.0826	0.8452
P027	16	78303172	80664663	1	0	0.9282	0.1272
P027	16	80664664	90338345	1	1	0.8668	1.0278
P027	17	1	25100000	1	0	1.0715	0.0139
P027	17	25100001	83257441	1	1	0.9959	1.0972
P027	18	1	20232013	1	1	1.0289	0.9756
P027	18	20232014	20472899	0	0	0	0.0372
P027	18	20472900	46911435	1	1	1.0425	1.0003
P027	18	46911436	50747949	1	0	1.0433	0
P027	18	50747950	58044994	1	1	0.9477	0.8342
P027	18	58044995	58654152	2	1	2.031	1.0006
P027	18	58654153	80373285	1	1	0.8921	1.0143
P027	19	1	51463208	1	1	0.9669	0.9234
P027	19	51463209	53084256	0	0	0	0
P027	19	53084257	58617616	1	1	0.937	1.0594
P027	20	1	64444167	1	1	1.0623	1.0955
P027	21	1	23064642	1	1	0.9527	0.9564
P027	21	23064643	24601265	1	0	0.9542	0.0282
P027	21	24601266	34143892	1	1	0.8834	0.8617
P027	21	34143893	40713040	1	0	1.0217	0
P027	21	40713041	42210843	2	1	1.954	0.9303
P027	21	42210844	46709983	1	1	0.9584	1.0294
P027	22	1	5761579	1	1	1.0069	1.0403
P027	22	5761580	24411643	1	0	0.9288	0
P027	22	24411644	29635560	1	1	1.0427	1.0399
P027	22	29635561	30008679	1	0	0.9868	0
P027	22	30008680	50818468	1	1	1.1079	0.8629
P027	X	1	156040895	1	0	0.9461	0
P028	1	1	8428023	2	2	1.9289	1.9904
P028	1	8428024	28532940	3	2	2.922	1.8902
P028	1	28532941	77785625	2	2	2.0289	1.9248
P028	1	77785626	96881541	3	2	3.0082	1.8991
P028	1	96881542	158947395	2	2	1.9706	2.0186
P028	1	158947396	161987316	2	0	2.0216	0.0759
P028	1	161987317	237233266	2	2	2.037	2.1021
P028	1	237233267	248956422	2	1	1.9794	0.9778
P028	2	1	17182655	2	2	2.0878	2.0377
P028	2	17182656	19510433	2	1	2.0195	0.8986
P028	2	19510434	94399391	2	2	2.1711	1.9433
P028	2	94399392	103893919	2	0	1.9764	0.049
P028	2	103893920	128487108	2	2	1.9175	2.0172
P028	2	128487109	136069669	2	0	1.9727	0
P028	2	136069670	242193529	2	2	2.0976	2.0012
P028	3	1	115971529	2	2	2.0395	1.8988
P028	3	115971530	153524882	3	2	2.9898	2.0296
P028	3	153524883	156003026	2	2	1.9769	1.9114
P028	3	156003027	161345036	2	0	1.9217	0
P028	3	161345037	181550247	2	2	1.9579	1.9845
P028	3	181550248	184661646	2	1	1.9595	1.0524
P028	3	184661647	198295559	2	2	2.0901	1.9092
P028	4	1	36844957	2	2	2.1686	1.9053
P028	4	36844958	49849635	2	1	2.0791	1.0628
P028	4	49849636	66179302	2	2	1.9284	1.9919
P028	4	66179303	67541941	0	0	0.0974	0.0746
P028	4	67541942	105636507	2	2	2.004	2.0871
P028	4	105636508	107498833	2	0	2.1342	0.0685
P028	4	107498834	108702113	2	2	1.9657	1.977
P028	4	108702114	125429673	3	2	2.9655	2.0044
P028	4	125429674	153592527	2	2	2.131	1.9643
P028	4	153592528	162066565	2	0	2.1064	0
P028	4	162066566	187534588	2	2	2.0056	1.9286
P028	4	187534589	190214555	2	1	1.9247	1.0351
P028	5	1	96249237	2	2	1.8713	2.0048
P028	5	96249238	97272322	2	1	1.9966	1.0217
P028	5	97272323	181538259	2	2	1.968	2.0281
P028	6	1	14233325	2	2	2.0904	1.9457
P028	6	14233326	15149616	3	2	2.9192	1.9442
P028	6	15149617	58011673	2	2	2.0928	2.1606
P028	6	58011674	73294345	2	0	2.1109	0.0255
P028	6	73294346	91413326	2	2	2.0067	1.8963
P028	6	91413327	94466714	2	0	1.9683	0.0492
P028	6	94466715	112320708	2	2	2.0271	1.9337
P028	6	112320709	114482625	3	2	3.0083	2.0224
P028	6	114482626	130196643	2	2	1.9397	1.9157
P028	6	130196644	130616353	2	1	2.0493	1.08
P028	6	130616354	134799699	2	2	2.0479	2.1192
P028	6	134799700	135476181	2	1	1.9825	0.9922
P028	6	135476182	170805979	2	2	2.0204	1.9881
P028	7	1	14630999	2	2	2.0959	2.0814
P028	7	14631000	27135584	9	2	8.9591	1.9907
P028	7	27135585	65896109	2	2	1.9898	2.0197
P028	7	65896110	67523501	2	1	2.0389	1.0561
P028	7	67523502	121681346	2	2	2.0661	2.0278
P028	7	121681347	123723161	2	0	2.1049	0.0383
P028	7	123723162	133985908	2	2	2.1093	1.9279
P028	7	133985909	134778667	3	2	2.9025	2.1231
P028	7	134778668	141257567	2	2	2.0236	1.9507
P028	7	141257568	158552864	2	1	2.0362	1.1134
P028	7	158552865	159345973	2	2	2.1003	2.1454
P028	8	1	34438761	2	2	1.9924	1.9148
P028	8	34438762	46879784	3	2	3.0292	2.0431
P028	8	46879785	84754539	2	2	2.0649	1.9979
P028	8	84754540	102030935	2	0	2.0758	0.1021
P028	8	102030936	145138636	2	2	1.9624	2.0725
P028	9	1	3462271	2	2	2.0037	2.098
P028	9	3462272	19288234	3	2	2.9799	1.8496
P028	9	19288235	74945796	2	2	1.9831	2.0319
P028	9	74945797	86193518	2	0	2.0813	0
P028	9	86193519	114134844	2	2	1.9874	2.002
P028	9	114134845	118336000	3	2	2.9693	2.0875
P028	9	118336001	138394717	2	2	2.0638	2.013
P028	10	1	14884367	2	2	2.0431	2.0485
P028	10	14884368	16684170	3	2	3.0958	2.0072
P028	10	16684171	51625522	2	2	1.9436	2.0075
P028	10	51625523	52349999	0	0	0.0618	0.0517
P028	10	52350000	133797422	2	2	2.1626	2.1173
P028	11	1	42768130	2	2	2.0666	2.0504
P028	11	42768131	55982530	2	0	1.9343	0
P028	11	55982531	128004562	2	2	1.9654	2.0451
P028	11	128004563	130502808	2	1	2.0147	0.9929
P028	11	130502809	135086622	2	2	1.9201	2.0622
P028	12	1	17405864	2	2	2.106	1.9658
P028	12	17405865	17738309	0	0	0.1035	0.0318
P028	12	17738310	29819214	2	2	1.9678	2.0961
P028	12	29819215	30712063	0	0	0.0345	0.082
P028	12	30712064	112771063	2	2	1.8418	1.9166
P028	12	112771064	113454408	3	2	3.0224	2.0607
P028	12	113454409	133275309	2	2	2.139	1.9421
P028	13	1	14019227	2	2	2.0461	2.0497
P028	13	14019228	15875101	3	2	2.9574	1.9982
P028	13	15875102	33872356	2	2	1.9576	1.9943
P028	13	33872357	34292954	3	2	3.0869	1.9577
P028	13	34292955	45119952	2	2	1.9685	2.022
P028	13	45119953	45662870	3	2	3.0464	1.9766
P028	13	45662871	48690665	2	2	2.0685	2.016
P028	13	48690666	63184959	3	2	2.8871	1.9298
P028	13	63184960	67077422	2	2	1.9372	2.0053
P028	13	67077423	69353615	3	2	3.0373	1.8424
P028	13	69353616	114364328	2	2	2.0225	1.963
P028	14	1	29088136	2	2	2.0315	2.0224
P028	14	29088137	35425553	2	1	2.0357	1.0063
P028	14	35425554	107043718	2	2	1.9524	1.8764
P028	15	1	13878037	2	2	1.9835	1.911
P028	15	13878038	42693555	2	1	2.0744	0.9599
P028	15	42693556	63914926	2	2	1.9867	1.9126
P028	15	63914927	80671510	3	2	3.0476	1.9319
P028	15	80671511	101991189	2	2	1.9447	2.0759
P028	16	1	26367765	2	2	1.9758	2.0979
P028	16	26367766	28435346	3	2	3.0524	2.0339
P028	16	28435347	35376329	2	2	2.0683	1.9381
P028	16	35376330	41879237	3	2	2.9496	2.0575
P028	16	41879238	66589110	2	2	1.981	2.0048
P028	16	66589111	67430920	3	2	2.9453	2.0359
P028	16	67430921	90338345	2	2	2.0379	2.0208
P028	17	1	8260937	2	0	2.0676	0
P028	17	8260938	9262038	2	1	1.986	1.0055
P028	17	9262039	25100000	2	0	1.9969	0.1077
P028	17	25100001	25863531	2	2	1.9018	2.0564
P028	17	25863532	30524250	3	2	2.8826	1.9043
P028	17	30524251	69233392	2	0	2.0043	0.0134
P028	17	69233393	73292455	2	2	1.8975	2.1314
P028	17	73292456	82491355	3	2	2.9044	1.9529
P028	17	82491356	83257441	2	2	1.9228	1.9094
P028	18	1	2456832	2	2	2.0324	2.0463
P028	18	2456833	6736461	2	1	1.986	1.0063
P028	18	6736462	66335113	2	2	1.9905	1.9129
P028	18	66335114	69166986	2	0	1.9919	0
P028	18	69166987	75935699	2	2	2.053	2.0132
P028	18	75935700	77790275	2	1	2.0442	1.0111
P028	18	77790276	80373285	2	2	2.0944	2.0212
P028	19	1	5234276	2	2	1.9609	1.9549
P028	19	5234277	16725556	2	0	2.0075	0.0711
P028	19	16725557	17316273	3	2	3.1514	1.9832
P028	19	17316274	18758056	2	0	1.993	0
P028	19	18758057	29181213	2	2	2.0242	1.973
P028	19	29181214	58617616	3	2	3.0518	2.0279
P028	20	1	1720481	2	2	1.9188	1.9286
P028	20	1720482	2859316	2	0	1.8861	0
P028	20	2859317	4358985	2	2	1.9327	2.0163
P028	20	4358986	4983963	3	2	3.0015	1.9783
P028	20	4983964	28100000	2	2	1.9407	2.0095
P028	20	28100001	28872420	3	2	3.0195	1.9524
P028	20	28872421	30758639	2	1	2.0542	0.9299
P028	20	30758640	64444167	3	2	2.9341	1.896
P028	21	1	22345392	2	2	1.9531	2.0241
P028	21	22345393	22923835	3	2	3.0251	1.9852
P028	21	22923836	29316106	2	2	2.1258	1.8987
P028	21	29316107	37334885	3	2	2.9427	2.036
P028	21	37334886	46709983	2	2	2.0642	1.9933
P028	22	1	2132647	2	2	1.9487	2.1211
P028	22	2132648	3921845	3	2	3.0036	1.9732
P028	22	3921846	10079774	2	2	1.9517	2.0452
P028	22	10079775	11185030	2	1	1.8191	0.9521
P028	22	11185031	29175867	2	2	1.9328	2.0095
P028	22	29175868	29492749	3	2	2.9192	1.8487
P028	22	29492750	32187497	2	2	2.11	2.0516
P028	22	32187498	37356795	7	2	7.0605	1.9927
P028	22	37356796	41158296	2	2	2.0088	1.9929
P028	22	41158297	42421333	0	0	0	0
P028	22	42421334	50818468	2	2	1.9923	2.0737
P028	X	1	156040895	2	0	2.053	0.0178
P029	1	1	20285080	2	2	2.0637	1.947
P029	1	20285081	21521807	8	2	8.0275	1.9515
P029	1	21521808	123400000	2	2	2.0453	1.9392
P029	1	123400001	224829873	4	2	3.9986	2.0565
P029	1	224829874	225416906	2	0	1.9778	0
P029	1	225416907	248956422	4	2	3.9648	1.9871
P029	2	1	168651043	2	2	1.9841	1.9604
P029	2	168651044	170265735	2	1	2.0021	0.9929
P029	2	170265736	199128390	2	2	1.9202	2.0957
P029	2	199128391	200423439	3	2	2.8724	1.9707
P029	2	200423440	242193529	2	2	2.0054	1.9975
P029	3	1	15283253	2	2	2.0197	1.9648
P029	3	15283254	27226214	2	0	1.8811	0.1061
P029	3	27226215	123904163	2	2	1.9543	2.0514
P029	3	123904164	126885652	2	1	1.805	1.0998
P029	3	126885653	145760545	2	2	2.1364	1.8886
P029	3	145760546	146317920	2	1	2.058	0.9684
P029	3	146317921	148987546	2	2	1.8915	2.0378
P029	3	148987547	152858737	2	1	1.9601	1.0283
P029	3	152858738	154457213	2	2	1.9449	1.9078
P029	3	154457214	167219598	3	2	2.8655	1.9637
P029	3	167219599	172439961	2	2	2.0444	2.0007
P029	3	172439962	177692894	2	0	2.0338	0.0221
P029	3	177692895	198295559	2	2	1.971	2.0358
P029	4	1	28100972	2	2	2.0689	2.1024
P029	4	28100973	30204727	3	2	3.052	2.051
P029	4	30204728	73403691	2	2	2.009	2.0479
P029	4	73403692	85597745	3	2	3.0721	1.9768
P029	4	85597746	104848193	2	2	1.9763	2.0968
P029	4	104848194	115393643	3	2	3.0494	1.9931
P029	4	115393644	151960514	2	2	2.0148	1.9778
P029	4	151960515	155094566	2	0	1.9135	0
P029	4	155094567	155995112	3	2	2.967	1.9218
P029	4	155995113	161390085	2	0	2.0016	0
P029	4	161390086	190214555	2	2	2.0197	1.8614
P029	5	1	16620331	2	2	2.0079	2.1501
P029	5	16620332	17738755	2	0	2.0894	0
P029	5	17738756	48945537	2	2	2.0035	2.085
P029	5	48945538	88573826	2	1	2.0117	0.8849
P029	5	88573827	91031115	3	2	2.907	2.0718
P029	5	91031116	138946039	2	2	1.9957	1.9878
P029	5	138946040	173229013	3	2	2.9301	2.0259
P029	5	173229014	181538259	2	2	1.9144	1.9968
P029	6	1	30115698	2	2	1.973	2.0016
P029	6	30115699	30928033	3	2	3.0477	2.0143
P029	6	30928034	134498054	2	2	1.9453	1.9007
P029	6	134498055	144407376	3	2	2.9763	2.0517
P029	6	144407377	167744771	2	2	2.0721	1.9849
P029	6	167744772	168438911	2	1	2.0317	0.9497
P029	6	168438912	170805979	2	2	1.9331	2.0222
P029	7	1	159345973	2	2	1.9841	1.9674
P029	8	1	45200000	2	2	1.9076	2.1624
P029	8	45200001	70953413	3	2	3.1643	1.8712
P029	8	70953414	89025938	2	0	1.9713	0.0561
P029	8	89025939	145138636	3	2	2.9733	1.9662
P029	9	1	654672	2	2	2.0311	1.9949
P029	9	654673	31205918	2	0	1.9123	0.0404
P029	9	31205919	55685015	2	2	1.9577	2.0514
P029	9	55685016	56163781	0	0	0.0021	0
P029	9	56163782	61116615	2	2	1.9713	1.96
P029	9	61116616	89264920	3	2	3.0825	1.9533
P029	9	89264921	102435264	2	2	1.9917	1.8642
P029	9	102435265	113420967	2	0	2.0439	0
P029	9	113420968	126978164	2	1	1.9266	1.0096
P029	9	126978165	138394717	2	2	2.0306	2.0102
P029	10	1	48127454	2	2	2.0848	1.9327
P029	10	48127455	70317804	2	0	1.8849	0.0128
P029	10	70317805	133797422	2	2	1.8697	2.0299
P029	11	1	16417064	2	2	1.9975	1.8918
P029	11	16417065	22869206	2	0	1.9433	0.0424
P029	11	22869207	55924957	2	2	1.9916	1.9419
P029	11	55924958	57476542	2	0	1.9706	0.0386
P029	11	57476543	87039337	2	2	1.8042	1.9463
P029	11	87039338	97386552	2	1	1.9345	0.9011
P029	11	97386553	131916156	2	2	2.072	1.9266
P029	11	131916157	133533071	0	0	0	0.0226
P029	11	133533072	135086622	2	2	2.0382	2.1021
P029	12	1	4593005	2	2	1.8872	1.9283
P029	12	4593006	8576732	3	2	2.9063	1.9121
P029	12	8576733	54897789	2	2	2.017	1.875
P029	12	54897790	67242056	3	2	3.021	1.9823
P029	12	67242057	78695430	2	2	2.062	1.9883
P029	12	78695431	79204306	2	0	1.971	0
P029	12	79204307	107438192	2	2	2.0524	1.978
P029	12	107438193	108086178	2	0	2.0611	0.0269
P029	12	108086179	108645010	2	2	1.955	2.0198
P029	12	108645011	123734743	3	2	3.0929	2.041
P029	12	123734744	133275309	2	2	2.0824	1.983
P029	13	1	17700000	2	2	1.9957	1.903
P029	13	17700001	37997687	2	1	1.9346	0.9635
P029	13	37997688	39916254	2	0	2.0101	0.0054
P029	13	39916255	114364328	2	1	1.9181	1.0913
P029	14	1	35670056	2	2	1.9486	2.0031
P029	14	35670057	37438519	2	1	1.9981	0.9818
P029	14	37438520	75291345	2	2	2.0049	1.9773
P029	14	75291346	76275334	2	0	1.9904	0.1259
P029	14	76275335	95832295	2	2	2.0743	2.1253
P029	14	95832296	105185273	2	0	1.9974	0
P029	14	105185274	107043718	2	2	1.8083	1.9311
P029	15	1	43959018	2	2	2.0509	2.0388
P029	15	43959019	51869191	2	0	2.0044	0
P029	15	51869192	55282100	2	2	2.0156	1.9697
P029	15	55282101	69158193	2	1	2.1211	1.0479
P029	15	69158194	78123330	3	2	3.0245	2.1205
P029	15	78123331	92425610	2	2	2.0586	2.1636
P029	15	92425611	99417668	2	0	2.0642	0.056
P029	15	99417669	101991189	2	2	1.8827	2.0136
P029	16	1	7658038	2	2	1.9812	1.9859
P029	16	7658039	13407334	2	1	1.9911	0.9596
P029	16	13407335	75469038	2	2	1.9975	2.0712
P029	16	75469039	90338345	2	1	1.9719	0.9256
P029	17	1	25100000	2	0	2.0803	0
P029	17	25100001	31964420	2	2	2.0601	2.0152
P029	17	31964421	36244185	3	2	3.0947	2.0034
P029	17	36244186	44618441	2	2	2.0473	1.9558
P029	17	44618442	45219359	3	2	2.9445	2.0185
P029	17	45219360	83257441	2	2	2.0426	1.9385
P029	18	1	16731072	2	2	2.0811	1.939
P029	18	16731073	18388712	2	1	2.0644	0.9842
P029	18	18388713	80373285	2	2	1.8628	1.9952
P029	19	1	4356649	2	2	2.0128	1.9123
P029	19	4356650	9195119	2	0	2.0238	0.0712
P029	19	9195120	12541829	2	2	2.0074	1.9379
P029	19	12541830	13522164	2	1	1.9917	1.1038
P029	19	13522165	43349443	2	2	1.9961	2.0583
P029	19	43349444	47645063	2	1	2.0989	0.9564
P029	19	47645064	52457752	2	2	2.0977	1.9757
P029	19	52457753	55125242	2	0	1.9255	0.0859
P029	19	55125243	58617616	3	2	2.8996	2.0068
P029	20	1	11978934	2	2	2.0906	2.0095
P029	20	11978935	12849231	0	0	0.0731	0
P029	20	12849232	64444167	2	2	1.9928	2.1858
P029	21	1	1346727	2	2	2.0656	1.8938
P029	21	1346728	2090975	3	2	3.0783	2.0352
P029	21	2090976	5369666	2	2	2.0356	2.0054
P029	21	5369667	26289038	3	2	3.0978	1.9295
P029	21	26289039	28273242	2	2	1.8336	1.9803
P029	21	28273243	31289346	2	1	2.0563	1.0399
P029	21	31289347	34790285	2	2	2.0443	1.9054
P029	21	34790286	36323235	2	1	1.9844	0.9586
P029	21	36323236	39012701	2	2	2.1637	1.8886
P029	21	39012702	40108246	10	2	9.9755	1.9202
P029	21	40108247	46709983	2	2	2.0136	2.0788
P029	22	1	8260678	2	2	2.0206	1.9344
P029	22	8260679	11419025	2	1	1.9381	0.9503
P029	22	11419026	32711331	2	2	1.9016	2.0541
P029	22	32711332	42444753	2	1	2.0061	0.9972
P029	22	42444754	46720203	2	2	1.867	2.038
P029	22	46720204	50818468	2	0	1.8367	0.0264
P029	X	1	156040895	2	0	1.9427	0
P030	1	1	248956422	1	1	0.9381	0.9923
P030	2	1	242193529	1	1	0.986	0.9112
P030	3	1	82670631	1	1	1.0968	0.971
P030	3	82670632	82770846	0	0	0	0
P030	3	82770847	198295559	1	1	0.9333	0.9094
P030	4	1	14199265	1	1	1.1391	0.9308
P030	4	14199266	15993216	1	0	1.0743	0
P030	4	15993217	152957897	1	1	0.9823	1.1178
P030	4	152957898	153296060	2	1	1.9234	1.0083
P030	4	153296061	161158971	1	1	0.993	1.0696
P030	4	161158972	167767832	1	0	1.1184	0
P030	4	167767833	190214555	1	1	1.0888	1.0263
P030	5	1	36723486	3	1	2.9943	1.0579
P030	5	36723487	37128541	1	0	0.9963	0.0306
P030	5	37128542	48800000	3	1	3.0629	1.0238
P030	5	48800001	52791771	1	1	1.0867	1.0093
P030	5	52791772	62924026	5	1	5.0457	0.8416
P030	5	62924027	181538259	1	1	0.9632	1.1056
P030	6	1	157185248	1	1	1.0786	1.1566
P030	6	157185249	170805979	1	0	0.9956	0.0067
P030	7	1	38561986	2	1	1.9498	1.034
P030	7	38561987	43794022	1	0	1.088	0.0534
P030	7	43794023	60100000	2	1	2.0982	1.0286
P030	7	60100001	159345973	1	1	0.9566	0.9684
P030	8	1	639665	1	1	0.9263	1.0092
P030	8	639666	1511309	1	0	0.9128	0.0434
P030	8	1511310	101098433	1	1	0.8949	1.0818
P030	8	101098434	118443341	8	1	8.1289	0.8738
P030	8	118443342	145138636	1	1	1.0781	1.0488
P030	9	1	43000000	1	0	1.0758	0
P030	9	43000001	94836068	1	1	1.1058	1.0075
P030	9	94836069	126704317	1	0	0.824	0
P030	9	126704318	138394717	1	1	0.9591	0.9277
P030	10	1	71308638	1	1	0.9426	0.9674
P030	10	71308639	72111590	2	1	2.074	0.9872
P030	10	72111591	89859980	1	1	1.0538	1.0753
P030	10	89859981	90539317	1	0	1.0747	0
P030	10	90539318	133797422	1	1	1.0422	0.8394
P030	11	1	8345029	1	1	0.8934	0.9572
P030	11	8345030	26804238	1	0	1.0655	0
P030	11	26804239	66400929	1	1	1.0607	0.9641
P030	11	66400930	67262898	0	0	0	0.0348
P030	11	67262899	118190278	1	1	0.9901	1.0273
P030	11	118190279	121498228	2	1	2.0313	1.0086
P030	11	121498229	135086622	1	1	1.155	0.9378
P030	12	1	18888066	1	1	0.9965	1.0412
P030	12	18888067	19261514	2	1	2.0291	1.0268
P030	12	19261515	34821176	1	1	0.8965	0.9864
P030	12	34821177	41635539	1	0	0.968	0
P030	12	41635540	133275309	1	1	1.0363	0.9591
P030	13	1	20437302	1	1	0.9922	0.97
P030	13	20437303	22594450	1	0	1.0903	0.0005
P030	13	22594451	82882268	1	1	1.0038	0.9399
P030	13	82882269	83420362	1	0	1.0596	0
P030	13	83420363	114364328	1	1	0.9088	0.8443
P030	14	1	34128916	1	1	0.9478	1.0806
P030	14	34128917	34745054	0	0	0.0592	0.1922
P030	14	34745055	107043718	1	1	1.0135	0.925
P030	15	1	16505755	1	1	0.9072	1.0264
P030	15	16505756	18261781	1	0	0.9086	0.0195
P030	15	18261782	85291218	1	1	0.8629	0.9243
P030	15	85291219	85790795	1	0	1.017	0
P030	15	85790796	101991189	1	1	1.0984	1.0304
P030	16	1	90338345	1	1	1.0515	0.9551
P030	17	1	40143622	1	1	1.1814	1.0199
P030	17	40143623	41145482	8	1	7.9443	0.9518
P030	17	41145483	56478493	1	1	0.9389	0.9935
P030	17	56478494	57073138	2	1	1.8874	0.9718
P030	17	57073139	83257441	1	1	0.9905	0.7979
P030	18	1	18500000	1	1	1.0561	1.0022
P030	18	18500001	24169254	1	0	0.9663	0.0015
P030	18	24169255	28174077	2	1	2.0135	0.9524
P030	18	28174078	80373285	1	0	1.0698	0
P030	19	1	22235711	1	1	0.9849	0.8237
P030	19	22235712	22406007	0	0	0.2201	0
P030	19	22406008	27276491	1	1	1.021	1.0311
P030	19	27276492	30415243	2	1	2.0618	1.0064
P030	19	30415244	33599893	1	1	0.9308	0.929
P030	19	33599894	37478251	2	1	1.9655	1.0561
P030	19	37478252	58617616	1	1	0.927	1.0064
P030	20	1	13106805	1	1	0.9154	1.1395
P030	20	13106806	27695187	1	0	0.9163	0.063
P030	20	27695188	28100000	1	1	0.9511	0.995
P030	20	28100001	58818298	3	1	2.9011	1.0586
P030	20	58818299	59310701	2	1	2.0713	0.9119
P030	20	59310702	64444167	3	1	2.9916	1.0043
P030	21	1	17032604	1	1	1.0603	0.9789
P030	21	17032605	17750875	2	1	2.0133	1.0765
P030	21	17750876	46709983	1	1	0.9942	1.0085
P030	22	1	50818468	1	1	1.0023	0.9874
P030	X	1	156040895	1	1	1.1531	0.8721
P031	1	1	47215681	2	2	1.9388	1.9696
P031	1	47215682	49155027	3	2	2.9785	2.0036
P031	1	49155028	50599727	2	2	2.0131	1.9664
P031	1	50599728	62771963	6	2	5.9237	2.065
P031	1	62771964	123400000	2	2	2.1011	2.0154
P031	1	123400001	176888759	3	2	3.043	2.0073
P031	1	176888760	200241268	2	1	2.0633	1.0115
P031	1	200241269	248956422	3	2	3.0072	1.9728
P031	2	1	25561697	2	2	2.0169	1.9076
P031	2	25561698	30049804	6	2	6.0365	2.0081
P031	2	30049805	89399546	2	2	1.9841	1.9489
P031	2	89399547	92109579	2	0	1.9574	0
P031	2	92109580	95845480	3	2	3.0557	2.0009
P031	2	95845481	122485272	2	0	2.0486	0
P031	2	122485273	163497815	2	2	1.8827	1.994
P031	2	163497816	164181627	2	0	1.9085	0
P031	2	164181628	180041156	2	2	1.9239	2.0653
P031	2	180041157	180891489	0	0	0	0.0413
P031	2	180891490	242193529	2	2	1.9122	1.8978
P031	3	1	2673777	2	1	2.0197	0.8516
P031	3	2673778	7335183	3	2	2.9608	1.9596
P031	3	7335184	9628910	2	1	2.0536	1.0542
P031	3	9628911	14499057	3	2	2.9685	2.1341
P031	3	14499058	90900000	2	1	1.9586	0.9811
P031	3	90900001	198295559	2	2	1.9614	1.881
P031	4	1	49435138	2	2	1.8924	1.9241
P031	4	49435139	56868873	2	0	1.9245	0.0599
P031	4	56868874	190214555	2	2	1.952	1.8699
P031	5	1	89494696	2	2	2.0025	1.9567
P031	5	89494697	94546607	3	2	2.9817	2.0518
P031	5	94546608	153504025	2	2	1.9386	2.0436
P031	5	153504026	165006489	3	2	3.023	2.0042
P031	5	165006490	181538259	2	2	2.0556	2.0162
P031	6	1	12482173	2	2	2.0846	1.9982
P031	6	12482174	17901736	2	0	1.9848	0.0169
P031	6	17901737	84684283	2	2	2.088	2.0276
P031	6	84684284	85015573	3	2	3.0437	1.9526
P031	6	85015574	170805979	2	2	1.9775	2.0237
P031	7	1	42746667	2	2	2.0302	2.0369
P031	7	42746668	43275548	2	0	2.0252	0
P031	7	43275549	82169466	2	2	2.023	1.9369
P031	7	82169467	86866952	3	2	2.99	1.9073
P031	7	86866953	159345973	2	2	1.9109	1.9131
P031	8	1	45200000	2	2	1.9691	2.0609
P031	8	45200001	134081964	3	2	2.9079	1.9355
P031	8	134081965	145138636	2	1	2.146	1.0417
P031	9	1	4208582	2	2	2.0408	1.9417
P031	9	4208583	4599349	2	1	1.9308	1.006
P031	9	4599350	79618500	2	2	2.0633	2.0255
P031	9	79618501	79988613	3	2	2.9349	2.057
P031	9	79988614	106744653	2	2	2.0742	1.9243
P031	9	106744654	110430360	3	2	3.0684	2.0465
P031	9	110430361	122830341	2	2	1.9741	2.1267
P031	9	122830342	123568669	2	0	2.0359	0.0133
P031	9	123568670	138394717	2	2	2.045	2.0279
P031	10	1	78864134	2	2	1.9861	2.0452
P031	10	78864135	88373689	3	2	2.9652	1.9193
P031	10	88373690	126683705	2	2	2.0122	2.0083
P031	10	126683706	128870450	3	2	2.9744	1.946
P031	10	128870451	133797422	2	2	1.9366	2.0373
P031	11	1	59334661	2	2	2.0191	2.0601
P031	11	59334662	67939754	3	2	2.9558	2.0909
P031	11	67939755	72122413	2	2	2.0188	1.8659
P031	11	72122414	72645021	2	0	1.9305	0
P031	11	72645022	131312732	2	2	2.0141	1.8736
P031	11	131312733	132050282	2	0	2.011	0
P031	11	132050283	135086622	2	2	2.0396	1.8794
P031	12	1	80322616	2	2	2.0016	2.0201
P031	12	80322617	83578480	2	0	1.8609	0
P031	12	83578481	128580719	2	2	1.9484	2.0179
P031	12	128580720	128854998	0	0	0	0.0957
P031	12	128854999	133275309	2	2	1.9156	2.1053
P031	13	1	7363264	2	2	2.019	2.0138
P031	13	7363265	9524848	2	1	2.0046	1.1691
P031	13	9524849	19658351	2	2	1.9586	2.0049
P031	13	19658352	20356077	3	2	3.0257	2.0857
P031	13	20356078	23518781	2	2	2.0815	1.9649
P031	13	23518782	25043778	2	0	2.0964	0.0025
P031	13	25043779	29568757	3	2	2.8854	2.0235
P031	13	29568758	91740299	2	2	1.9686	2.1025
P031	13	91740300	95392753	3	2	2.9906	1.9198
P031	13	95392754	97358203	2	2	1.8636	1.967
P031	13	97358204	99705018	3	2	3.0899	2.0321
P031	13	99705019	114364328	2	2	1.9555	1.9195
P031	14	1	4910075	2	2	1.9775	2.0596
P031	14	4910076	12298304	2	0	1.9352	0
P031	14	12298305	34129167	3	2	2.9303	2.1601
P031	14	34129168	80835177	2	2	1.9286	1.8825
P031	14	80835178	81684481	2	1	1.9684	1.0792
P031	14	81684482	84618859	2	2	1.9903	1.9925
P031	14	84618860	85373048	2	1	2.096	1.1113
P031	14	85373049	102040513	2	2	2.0081	1.8182
P031	14	102040514	102440278	3	2	3.0054	2.0277
P031	14	102440279	107043718	2	2	1.963	2.1012
P031	15	1	37101452	2	2	2.0774	1.8966
P031	15	37101453	45835234	2	0	1.8979	0.0707
P031	15	45835235	101991189	2	2	1.9487	2.0899
P031	16	1	4626725	2	2	2.0566	2.1188
P031	16	4626726	36398728	3	2	3.0808	2.0777
P031	16	36398729	43581367	2	2	2.0735	1.9113
P031	16	43581368	55125630	3	2	3.0231	1.9965
P031	16	55125631	90338345	9	2	9.0115	1.991
P031	17	1	2141815	2	2	2.0787	2.0248
P031	17	2141816	4458174	2	0	1.9217	0.0275
P031	17	4458175	6562783	3	2	2.8969	2.0859
P031	17	6562784	11420843	2	0	1.9227	0
P031	17	11420844	75916930	2	2	1.9549	1.9519
P031	17	75916931	83257441	2	0	1.8699	0.0164
P031	18	1	75003636	2	2	1.9049	1.9402
P031	18	75003637	75646812	3	2	2.9969	1.8687
P031	18	75646813	80373285	2	2	2.0881	1.9757
P031	19	1	49643214	2	2	2.1705	1.9618
P031	19	49643215	58617616	3	2	3.0494	1.996
P031	20	1	10931426	2	2	1.9045	2.0392
P031	20	10931427	11571261	2	1	1.8957	0.9766
P031	20	11571262	12091311	2	2	1.9514	2.0435
P031	20	12091312	15564211	3	2	3.001	1.9905
P031	20	15564212	27609128	2	2	1.9446	2.0372
P031	20	27609129	27808984	0	0	0.0876	0.0763
P031	20	27808985	40971702	2	2	1.9883	1.9604
P031	20	40971703	41944372	3	2	3.0054	1.9728
P031	20	41944373	49065514	2	1	2.0358	1.0854
P031	20	49065515	64444167	2	2	2.0038	1.9955
P031	21	1	23085703	2	2	1.9966	2.147
P031	21	23085704	40269918	2	0	2.1556	0
P031	21	40269919	46709983	2	2	1.9544	1.916
P031	22	1	31052582	2	2	2.039	2.0241
P031	22	31052583	40398630	3	2	2.9235	2.0055
P031	22	40398631	50818468	2	2	1.9505	1.9851
P031	X	1	156040895	2	0	1.9794	0
P032	1	1	25015763	2	2	2.0483	1.9986
P032	1	25015764	30573947	3	2	2.9761	2.0668
P032	1	30573948	34738659	2	2	1.9473	1.9891
P032	1	34738660	36389152	3	2	3.0402	1.9617
P032	1	36389153	87101099	2	2	2.0315	1.9271
P032	1	87101100	126316265	2	0	2.0579	0.048
P032	1	126316266	144419607	4	2	4.0334	1.9698
P032	1	144419608	144857845	3	2	3.0486	2.1014
P032	1	144857846	248956422	4	2	3.9895	1.9607
P032	2	1	205406727	2	2	2.0476	1.9959
P032	2	205406728	205808971	0	0	0.042	0.0708
P032	2	205808972	242193529	2	2	2.094	2.024
P032	3	1	106926430	2	2	2.0491	2.1275
P032	3	106926431	107299093	3	2	3.0966	2.0643
P032	3	107299094	176424789	2	2	2.0158	1.9604
P032	3	176424790	176940838	3	2	2.9966	2.0033
P032	3	176940839	198295559	2	2	1.9802	2.0174
P032	4	1	44961603	2	2	2.0174	1.9424
P032	4	44961604	47992145	2	0	1.9753	0.1147
P032	4	47992146	190214555	2	2	2.0719	2.0206
P032	5	1	24113671	2	2	1.9171	2.0004
P032	5	24113672	29668311	2	1	2.0775	1.0492
P032	5	29668312	30177736	2	2	2.0274	2.0603
P032	5	30177737	77631981	3	2	2.9186	2.0296
P032	5	77631982	115082152	2	2	1.9646	2.0696
P032	5	115082153	116034624	0	0	0.0188	0
P032	5	116034625	175072833	2	2	2.0172	1.962
P032	5	175072834	181538259	2	0	2.0733	0
P032	6	1	170805979	2	2	1.9447	2.0013
P032	7	1	9804255	2	2	2.0444	1.9344
P032	7	9804256	16797764	3	2	3.124	2.0023
P032	7	16797765	19016164	2	0	1.9911	0
P032	7	19016165	30845144	3	2	2.9144	2.1673
P032	7	30845145	61963399	2	2	2.0507	1.9233
P032	7	61963400	77085080	3	2	2.9636	2.0335
P032	7	77085081	159345973	2	2	2.0298	2.0648
P032	8	1	45200000	2	2	2.023	1.9683
P032	8	45200001	52388405	4	2	4.0265	2.0725
P032	8	52388406	57147900	3	2	3.0716	2.0284
P032	8	57147901	145138636	4	2	3.9543	2.0217
P032	9	1	23754377	2	2	2.0178	2.1048
P032	9	23754378	24195325	2	0	1.9736	0.0982
P032	9	24195326	48924728	2	2	2.0416	1.9458
P032	9	48924729	49407784	2	1	2.0134	0.9607
P032	9	49407785	56229719	2	2	2.0121	2.0098
P032	9	56229720	87555071	3	2	3.055	2.0028
P032	9	87555072	118884350	2	2	1.9277	1.9741
P032	9	118884351	135152144	7	2	6.9941	1.9706
P032	9	135152145	138394717	2	2	1.9487	1.9668
P032	10	1	6217251	2	2	2.0098	1.964
P032	10	6217252	28896510	2	1	1.9315	1.035
P032	10	28896511	59461760	2	2	1.9727	1.8601
P032	10	59461761	63244412	3	2	2.9825	2.0934
P032	10	63244413	111528428	2	2	1.871	1.9828
P032	10	111528429	133797422	2	0	1.9701	0
P032	11	1	135086622	2	2	2.0735	2.0014
P032	12	1	12006130	2	2	1.9355	1.9555
P032	12	12006131	14395266	3	2	2.9707	2.0053
P032	12	14395267	62910438	2	2	1.9699	2.1699
P032	12	62910439	64985949	3	2	2.9534	1.9083
P032	12	64985950	86228389	2	2	2.0866	1.9073
P032	12	86228390	92278491	2	1	1.9795	1.1985
P032	12	92278492	93031982	3	2	3.0104	1.989
P032	12	93031983	123283786	2	1	2.094	0.8484
P032	12	123283787	133275309	2	2	1.9806	2.0714
P032	13	1	66532111	2	2	2.0184	1.9571
P032	13	66532112	67787917	2	1	2.013	0.9617
P032	13	67787918	70676621	2	2	2.0439	1.984
P032	13	70676622	71450276	3	2	3.0911	1.9645
P032	13	71450277	75618945	2	2	1.9024	2.1698
P032	13	75618946	77372786	0	0	0	0.1109
P032	13	77372787	114364328	2	2	2.0292	2.0148
P032	14	1	24137580	2	2	1.8984	2.0368
P032	14	24137581	49296411	3	2	2.9305	1.9627
P032	14	49296412	55536460	2	2	2.0585	1.9557
P032	14	55536461	81061041	2	1	1.9308	0.8936
P032	14	81061042	101352421	2	2	2.0566	1.9282
P032	14	101352422	107043718	2	1	2.0575	0.9698
P032	15	1	24707574	2	2	1.9631	2.0148
P032	15	24707575	25080551	3	2	2.9179	1.9621
P032	15	25080552	101991189	2	2	1.957	2.0846
P032	16	1	90338345	2	2	1.9756	2.0599
P032	17	1	2540214	2	2	2.0386	1.996
P032	17	2540215	9368817	3	2	3.1003	1.9418
P032	17	9368818	14674492	2	2	2.0119	1.8329
P032	17	14674493	15280403	2	1	2.0706	0.9409
P032	17	15280404	24779650	2	2	2.0575	2.0197
P032	17	24779651	58031550	3	2	2.9474	2.0143
P032	17	58031551	83257441	2	2	1.9519	1.9635
P032	18	1	39298427	2	2	2.0699	1.9126
P032	18	39298428	63159319	2	0	1.9117	0
P032	18	63159320	80373285	2	2	1.9003	1.92
P032	19	1	11812242	2	2	1.9971	1.9647
P032	19	11812243	12696743	2	1	1.9546	1.0815
P032	19	12696744	37122543	2	2	1.9997	2.0328
P032	19	37122544	37784844	3	2	3.0349	2.0129
P032	19	37784845	43530982	2	2	1.9387	1.9155
P032	19	43530983	58617616	3	2	3.0887	2.2143
P032	20	1	28100000	2	2	2.0694	1.972
P032	20	28100001	64444167	3	2	3.075	2.0388
P032	21	1	8287822	2	2	2.0152	1.9994
P032	21	8287823	14141437	2	0	2.025	0.0062
P032	21	14141438	16189092	3	2	2.9654	1.9271
P032	21	16189093	20383605	2	2	2.0576	1.9657
P032	21	20383606	23751329	2	1	1.9016	0.9115
P032	21	23751330	24659337	9	2	8.9488	1.9936
P032	21	24659338	25033091	2	1	1.9169	1.0876
P032	21	25033092	40149019	2	2	2.0389	1.9115
P032	21	40149020	46709983	2	0	2.0634	0
P032	22	1	1317888	2	2	2.0109	1.9768
P032	22	1317889	6261406	2	1	2.0519	1.1007
P032	22	6261407	18876713	10	2	10.0624	1.9789
P032	22	18876714	21880777	2	0	1.9427	0
P032	22	21880778	23444786	2	2	2.0013	1.9127
P032	22	23444787	28890780	10	2	10.0613	1.9472
P032	22	28890781	32737034	2	1	2.0232	0.9555
P032	22	32737035	35357096	10	2	10.078	2.0169
P032	22	35357097	37842485	2	2	2.1147	1.9846
P032	22	37842486	38475528	2	1	2.0067	0.9852
P032	22	38475529	50818468	2	2	1.9839	1.9373
P032	X	1	156040895	2	0	1.9316	0
P033	1	1	31160686	1	1	1.0974	1.0689
P033	1	31160687	36116594	9	1	8.9446	1.0381
P033	1	36116595	85896082	1	1	1.1238	0.9886
P033	1	85896083	99557376	1	0	0.9744	0.1578
P033	1	99557377	123400000	1	1	0.9715	1.0148
P033	1	123400001	248956422	2	1	1.9571	1.0802
P033	2	1	242193529	1	1	1.0677	0.9356
P033	3	1	59458510	1	1	0.9714	0.9056
P033	3	59458511	60214374	1	0	1.0648	0.1777
P033	3	60214375	76384992	1	1	0.808	0.9862
P033	3	76384993	76581397	0	0	0	0.1211
P033	3	76581398	77107405	1	1	0.9208	1.0605
P033	3	77107406	77768004	2	1	2.11	1.0386
P033	3	77768005	198295559	1	1	0.9832	1.0348
P033	4	1	3794324	1	1	0.8999	1.0354
P033	4	3794325	16500710	2	1	2.0447	0.8419
P033	4	16500711	26633840	1	1	0.8253	0.9872
P033	4	26633841	27589216	1	0	0.948	0
P033	4	27589217	108846532	1	1	1.0968	1.0404
P033	4	108846533	121802569	2	1	1.9125	0.9373
P033	4	121802570	190214555	1	1	1.059	0.9925
P033	5	1	84975662	1	1	0.946	1.1087
P033	5	84975663	97180260	1	0	0.955	0
P033	5	97180261	181538259	1	1	1.0107	1.0793
P033	6	1	23275215	1	1	0.9804	0.829
P033	6	23275216	31623631	1	0	0.8933	0.024
P033	6	31623632	37636049	1	1	1.0561	1.0107
P033	6	37636050	41479780	1	0	0.9993	0.0399
P033	6	41479781	114343234	1	1	0.8993	0.9803
P033	6	114343235	142053805	1	0	0.9648	0.0045
P033	6	142053806	170805979	1	1	0.8773	0.9774
P033	7	1	10046435	1	1	0.9689	1.1127
P033	7	10046436	34412987	2	1	2.0441	1.0536
P033	7	34412988	159345973	1	1	0.9414	0.9617
P033	8	1	45200000	1	1	1.0521	1.0266
P033	8	45200001	82190535	2	1	1.8775	1.0615
P033	8	82190536	95919693	1	0	0.9055	0
P033	8	95919694	145138636	2	1	2.0014	1.0275
P033	9	1	71922733	1	1	0.9942	0.9827
P033	9	71922734	72184007	0	0	0	0.0849
P033	9	72184008	105124048	1	1	1.0535	0.8786
P033	9	105124049	133799815	2	1	1.973	1.0263
P033	9	133799816	138394717	1	1	0.9828	1.0099
P033	10	1	96882104	1	1	1.0399	1.0828
P033	10	96882105	98587490	2	1	2.0358	1.0954
P033	10	98587491	133797422	1	1	1.102	0.9875
P033	11	1	44846662	1	1	1.075	0.9443
P033	11	44846663	45156412	0	0	0.0112	0.0772
P033	11	45156413	81481756	1	1	1.0862	1.0933
P033	11	81481757	82981168	0	0	0.0725	0.0901
P033	11	82981169	135086622	1	1	1.1215	0.9929
P033	12	1	79885770	1	1	1.0884	0.9509
P033	12	79885771	97332967	1	0	1.0422	0
P033	12	97332968	97430908	1	1	0.9765	1.0754
P033	12	97430909	99140547	1	0	1.1286	0.0571
P033	12	99140548	133275309	1	1	1.02	0.9415
P033	13	1	114364328	1	1	1.0192	1.0472
P033	14	1	40173965	1	1	1.0324	0.9492
P033	14	40173966	41386406	1	0	0.9783	0.0203
P033	14	41386407	46649622	1	1	1.0544	0.9346
P033	14	46649623	48232476	2	1	1.913	0.9335
P033	14	48232477	107043718	1	1	1.0135	0.9521
P033	15	1	88454247	1	1	1.0824	0.9712
P033	15	88454248	93841925	2	1	2.0054	1.0122
P033	15	93841926	101991189	1	1	1.0274	0.9669
P033	16	1	90338345	1	1	1.052	0.9743
P033	17	1	25100000	1	0	0.9999	0
P033	17	25100001	83257441	1	1	1.0007	0.9043
P033	18	1	8666921	1	1	1.0359	1.0468
P033	18	8666922	9660625	1	0	1.0808	0.0205
P033	18	9660626	80373285	1	1	0.9357	1.0483
P033	19	1	47933936	1	1	1.1513	0.9059
P033	19	47933937	57658711	1	0	0.9026	0
P033	19	57658712	58617616	1	1	1.0052	1.0965
P033	20	1	594423	1	1	1.1294	0.9634
P033	20	594424	5742975	2	1	2.0002	0.9379
P033	20	5742976	36568311	1	1	1.0381	0.9838
P033	20	36568312	61086505	1	0	0.9588	0
P033	20	61086506	64444167	1	1	1.0738	0.8724
P033	21	1	10681628	1	1	0.9271	1.1217
P033	21	10681629	11868275	8	1	8.1829	1.0056
P033	21	11868276	33738009	1	1	0.9752	0.8928
P033	21	33738010	39506619	1	0	0.9755	0
P033	21	39506620	46709983	1	1	1.031	0.9563
P033	22	1	545876	1	1	1.0727	0.985
P033	22	545877	17270218	2	1	2.1726	1.0027
P033	22	17270219	50818468	1	1	1.1228	1.0568
P033	X	1	156040895	1	1	0.9122	0.9666
P034	1	1	123400000	1	1	0.8221	1.0036
P034	1	123400001	248956422	3	1	2.9805	1.007
P034	2	1	242193529	1	1	0.9317	1.0758
P034	3	1	198295559	1	1	1.0607	1.01
P034	4	1	190214555	1	1	0.979	0.8811
P034	5	1	31973847	1	1	1.0932	1.0011
P034	5	31973848	38831992	1	0	1.0014	0.0731
P034	5	38831993	60710438	1	1	1.1391	0.9925
P034	5	60710439	61068958	1	0	0.9316	0.1317
P034	5	61068959	122551238	1	1	1.0927	1.0182
P034	5	122551239	125828778	2	1	1.9028	1.0077
P034	5	125828779	181538259	1	1	1.1357	1.1698
P034	6	1	32234451	1	1	1.011	1.0061
P034	6	32234452	34711231	2	1	2.1399	0.9181
P034	6	34711232	170805979	1	1	1.0387	0.8425
P034	7	1	60100000	2	1	2.0812	0.9651
P034	7	60100001	133184206	1	1	1.0375	1.0401
P034	7	133184207	133522869	0	0	0	0.0753
P034	7	133522870	139079410	1	1	1.1094	1.0179
P034	7	139079411	139471562	2	1	1.9828	0.9473
P034	7	139471563	159345973	1	1	1.0661	1.1034
P034	8	1	4003508	1	1	0.9665	0.9091
P034	8	4003509	4337889	2	1	2.106	0.965
P034	8	4337890	29684710	1	1	0.8995	1.0846
P034	8	29684711	53436203	1	0	0.9107	0
P034	8	53436204	145138636	2	1	2.03	0.9282
P034	9	1	52285960	1	1	1.0608	0.9762
P034	9	52285961	54482293	2	1	1.8911	0.894
P034	9	54482294	57345768	1	1	0.9421	1.0112
P034	9	57345769	58762297	2	1	1.9326	1.0344
P034	9	58762298	138394717	1	1	0.9049	0.9896
P034	10	1	8810758	1	1	0.9855	1.0426
P034	10	8810759	10516832	2	1	2.0289	1.0621
P034	10	10516833	81074328	1	1	1.0095	1.0984
P034	10	81074329	111599237	2	1	2.05	1.094
P034	10	111599238	133797422	1	1	0.9797	0.9056
P034	11	1	135086622	1	1	1.0204	1.0688
P034	12	1	7886689	1	1	1.0371	0.953
P034	12	7886690	9260721	1	0	1.1174	0
P034	12	9260722	18671170	1	1	0.9844	0.97
P034	12	18671171	20078761	2	1	2.0762	0.9169
P034	12	20078762	122125536	1	1	0.9835	0.9904
P034	12	122125537	122568257	0	0	0	0
P034	12	122568258	133275309	1	1	1.068	1.1562
P034	13	1	114364328	1	1	1.0439	0.9203
P034	14	1	99228300	1	1	1.0575	0.9242
P034	14	99228301	99698466	2	1	1.9253	1.007
P034	14	99698467	107043718	1	1	1.1683	1.0197
P034	15	1	101991189	1	1	0.9712	0.9376
P034	16	1	34371524	1	1	0.9932	0.9862
P034	16	34371525	56077224	1	0	1.0367	0
P034	16	56077225	90338345	1	1	0.9893	1.0406
P034	17	1	12621690	1	1	1.1371	1.054
P034	17	12621691	51716940	6	1	6.0656	1.1101
P034	17	51716941	67742227	1	1	0.959	1.0395
P034	17	67742228	83257441	2	1	1.9553	0.9466
P034	18	1	12998869	1	1	0.9672	0.8871
P034	18	12998870	13546645	0	0	0	0.0012
P034	18	13546646	18500000	1	1	1.0088	1.0292
P034	18	18500001	74494001	1	0	0.9753	0.0452
P034	18	74494002	80373285	2	1	1.8934	0.9378
P034	19	1	41330070	1	1	0.9867	1.0844
P034	19	41330071	42495122	1	0	0.8617	0
P034	19	42495123	56561383	1	1	1.0343	1.0923
P034	19	56561384	58617616	2	1	2.1009	0.9647
P034	20	1	28100000	1	1	0.9968	0.8865
P034	20	28100001	64444167	3	1	3.006	0.9677
P034	21	1	46709983	1	1	0.9788	1.0327
P034	22	1	34169705	1	1	0.8352	0.8584
P034	22	34169706	34375350	0	0	0	0.0835
P034	22	34375351	39508397	1	1	0.9832	1.009
P034	22	39508398	42320693	1	0	1.1393	0.0098
P034	22	42320694	50818468	1	1	1.027	0.9485
P034	X	1	109385051	1	1	0.9218	1.0245
P034	X	109385052	139652584	2	1	2.1599	1.0327
P034	X	139652585	156040895	1	1	1.0022	0.8582
P035	1	1	123400000	2	2	2.0626	2.0061
P035	1	123400001	248956422	4	2	4.073	2.0613
P035	2	1	149940857	2	2	1.9584	2.0441
P035	2	149940858	153197208	3	2	3.0814	1.8793
P035	2	153197209	156625438	2	2	2.0111	1.9699
P035	2	156625439	177228904	3	2	3.1012	2.1592
P035	2	177228905	191259423	2	2	1.9948	1.9299
P035	2	191259424	228697810	3	2	2.927	1.8452
P035	2	228697811	239789629	2	2	1.9443	2.0353
P035	2	239789630	240931005	9	2	9.1369	2.0612
P035	2	240931006	242193529	2	2	1.993	2.024
P035	3	1	3429844	2	0	2.0288	0
P035	3	3429845	4751125	3	2	2.9328	1.9494
P035	3	4751126	90900000	2	0	1.9442	0.0603
P035	3	90900001	198295559	2	2	1.9386	2.043
P035	4	1	28960913	2	2	1.9636	2.0343
P035	4	28960914	31514186	9	2	8.9631	2.05
P035	4	31514187	32080449	2	1	1.9834	1.0174
P035	4	32080450	49087500	9	2	8.9251	1.999
P035	4	49087501	127747747	2	2	2.0979	2.0854
P035	4	127747748	127853192	0	0	0	0
P035	4	127853193	183523229	2	2	2.1395	1.9439
P035	4	183523230	183987834	0	0	0	0.0343
P035	4	183987835	190214555	2	2	1.9384	1.9482
P035	5	1	15827547	3	2	3.0584	2.059
P035	5	15827548	21253722	2	1	2.0099	1.0457
P035	5	21253723	36092502	3	2	3.0029	1.9375
P035	5	36092503	36651505	2	0	1.9067	0
P035	5	36651506	48800000	3	2	3.0422	2.0135
P035	5	48800001	74679512	2	2	2.0296	2.0313
P035	5	74679513	98412356	3	2	2.9321	1.9512
P035	5	98412357	100047936	2	1	1.9904	0.996
P035	5	100047937	106703916	3	2	3.001	2.0164
P035	5	106703917	164262996	2	2	2.0271	1.9499
P035	5	164262997	168724150	2	0	2.1284	0
P035	5	168724151	181538259	2	2	1.9493	1.9743
P035	6	1	56710264	2	2	1.9804	1.891
P035	6	56710265	57053474	2	0	1.9433	0.0721
P035	6	57053475	170805979	2	2	2.1288	1.8925
P035	7	1	57797434	2	2	2.1329	1.9849
P035	7	57797435	60229940	3	2	3.0771	1.9112
P035	7	60229941	101968922	2	2	2.0115	2.0623
P035	7	101968923	119830002	2	0	2.0146	0
P035	7	119830003	159345973	2	2	1.9878	2.0199
P035	8	1	3995666	2	2	1.9082	1.9714
P035	8	3995667	4115140	0	0	0.2056	0.0466
P035	8	4115141	50946604	2	2	2.0101	1.864
P035	8	50946605	78198763	3	2	3.0103	2.0022
P035	8	78198764	83776450	2	2	2.0822	1.9819
P035	8	83776451	87281385	3	2	3.0224	1.9227
P035	8	87281386	136728256	2	2	1.9304	2.0063
P035	8	136728257	138979216	3	2	3.0413	2.0534
P035	8	138979217	145138636	2	2	2.0235	1.8763
P035	9	1	7712776	2	2	2.0066	1.9281
P035	9	7712777	35283264	2	0	1.9968	0
P035	9	35283265	59547225	3	2	2.9503	2.0076
P035	9	59547226	138394717	2	2	2.0195	2.0074
P035	10	1	61027124	2	2	1.9303	1.9263
P035	10	61027125	61598550	3	2	2.9767	2.0448
P035	10	61598551	133797422	2	2	2.0297	1.9916
P035	11	1	95707604	2	2	1.9566	2.0879
P035	11	95707605	96164327	9	2	8.8955	2.0233
P035	11	96164328	113019418	2	1	1.9782	0.9693
P035	11	113019419	135086622	2	2	2.0418	2.0442
P035	12	1	133275309	2	2	1.9671	1.892
P035	13	1	18334187	2	2	2.111	1.9475
P035	13	18334188	28138361	3	2	3.0365	2.0287
P035	13	28138362	80930532	2	2	2.0776	1.8645
P035	13	80930533	85750869	3	2	2.9728	1.9626
P035	13	85750870	91043900	2	2	2.1737	2.0564
P035	13	91043901	107016423	2	1	1.9286	0.9696
P035	13	107016424	112225216	2	2	1.8822	2.0837
P035	13	112225217	114364328	2	0	1.9317	0.0859
P035	14	1	4204535	2	2	2.0361	2.0205
P035	14	4204536	9061624	2	0	1.9739	0
P035	14	9061625	31192273	2	2	2.1487	2.0324
P035	14	31192274	33196182	2	0	2.0512	0.1217
P035	14	33196183	63385617	2	2	2.0255	2.0918
P035	14	63385618	64427018	2	0	1.9707	0.018
P035	14	64427019	68076637	2	2	2.0087	2.0204
P035	14	68076638	80316021	2	0	2.0618	0
P035	14	80316022	107043718	2	2	1.9361	2.0241
P035	15	1	53781780	2	2	1.9985	1.9513
P035	15	53781781	54503439	0	0	0.1002	0
P035	15	54503440	59791000	2	2	1.9827	2.0473
P035	15	59791001	61523234	2	1	1.9142	0.9128
P035	15	61523235	101991189	2	2	2.0309	2.0273
P035	16	1	26758042	2	2	2.0003	2.058
P035	16	26758043	32377084	2	0	2.0591	0
P035	16	32377085	45605221	2	2	2.1091	1.9519
P035	16	45605222	46326578	2	1	1.9761	0.9258
P035	16	46326579	58256627	2	2	1.9574	1.9625
P035	16	58256628	58895629	2	0	1.9511	0
P035	16	58895630	59778519	2	2	1.9317	2.1174
P035	16	59778520	60248671	10	2	9.969	1.968
P035	16	60248672	73519238	2	2	2.0002	1.9356
P035	16	73519239	84165325	2	0	2.0678	0.0887
P035	16	84165326	90338345	2	2	2.0702	1.9507
P035	17	1	18620785	2	2	2.0385	1.9006
P035	17	18620786	18966556	0	0	0.0502	0
P035	17	18966557	34714372	2	2	2.0644	1.9312
P035	17	34714373	35055177	2	1	2.0928	1.0447
P035	17	35055178	47903472	2	2	2.0744	2.0806
P035	17	47903473	53541412	3	2	3.0191	2.062
P035	17	53541413	58029065	2	2	2.0562	1.986
P035	17	58029066	65295055	2	1	1.9772	1.0585
P035	17	65295056	83257441	2	2	1.9219	2.0656
P035	18	1	6803230	2	2	1.9797	2.1271
P035	18	6803231	37298511	3	2	3.0602	1.9963
P035	18	37298512	57876167	2	2	2.0722	1.9729
P035	18	57876168	58448098	3	2	3.0506	1.965
P035	18	58448099	77293734	2	2	2.0584	2.0711
P035	18	77293735	80373285	2	0	1.9514	0.0178
P035	19	1	39912487	2	2	1.9778	2.1424
P035	19	39912488	40611812	0	0	0.0758	0.062
P035	19	40611813	41316686	2	2	2.0953	2.0537
P035	19	41316687	43203693	3	2	3.0179	2.1342
P035	19	43203694	58617616	2	2	1.9697	2.0421
P035	20	1	28100000	2	2	1.9949	1.9908
P035	20	28100001	64444167	4	2	3.9028	1.9716
P035	21	1	5531594	2	2	1.9781	1.9779
P035	21	5531595	18505748	3	2	2.9968	1.9457
P035	21	18505749	22420071	2	0	2.0399	0
P035	21	22420072	26501850	2	2	1.8903	2.0788
P035	21	26501851	41856924	2	1	1.9672	1.2273
P035	21	41856925	42543007	2	2	2.1017	1.9713
P035	21	42543008	46709983	2	1	2.0742	1.0089
P035	22	1	50818468	2	2	1.9679	2.0928
P035	X	1	156040895	2	0	1.8849	0.118
P036	1	1	84497603	2	2	1.9671	2.0427
P036	1	84497604	104015120	2	0	1.9531	0.0277
P036	1	104015121	112616774	2	1	1.9637	0.8965
P036	1	112616775	116937227	2	0	2.0722	0.0852
P036	1	116937228	118584099	2	2	2.0645	2.0405
P036	1	118584100	127436011	2	0	1.9273	0.1242
P036	1	127436012	248956422	4	2	4.0563	2.1181
P036	2	1	91919993	2	2	2.0546	1.9814
P036	2	91919994	92965578	2	0	2.079	0
P036	2	92965579	114815222	2	2	2.0721	2.0317
P036	2	114815223	115168786	3	2	2.9922	1.9475
P036	2	115168787	140577496	2	2	1.8203	2.0455
P036	2	140577497	143997553	2	1	1.9847	1.093
P036	2	143997554	242193529	2	2	2.1846	2.1126
P036	3	1	38141106	2	1	2.0012	1.0222
P036	3	38141107	57066724	7	2	6.8373	1.9975
P036	3	57066725	90900000	2	1	1.9662	0.9502
P036	3	90900001	198295559	2	2	1.9825	2.0809
P036	4	1	83398380	2	2	1.884	1.9186
P036	4	83398381	91090108	3	2	2.8169	2.0842
P036	4	91090109	190214555	2	2	1.9973	2.0054
P036	5	1	181538259	2	2	2.0022	2.0256
P036	6	1	71115925	2	2	2.044	1.8809
P036	6	71115926	74265026	2	1	2.0632	0.994
P036	6	74265027	137254801	2	2	1.9947	2.0222
P036	6	137254802	170805979	3	2	2.925	2.0631
P036	7	1	11682464	2	2	1.902	1.9444
P036	7	11682465	13372193	2	1	1.9705	1.0046
P036	7	13372194	89749412	2	2	1.9917	2.0362
P036	7	89749413	90991416	0	0	0.1135	0
P036	7	90991417	144561107	2	2	2.0706	2.1068
P036	7	144561108	150688572	2	0	1.938	0.0712
P036	7	150688573	151409099	2	2	2.0425	1.9231
P036	7	151409100	159345973	3	2	2.9412	2.0843
P036	8	1	45200000	2	2	2.0361	1.9036
P036	8	45200001	145138636	4	2	4.0347	1.9369
P036	9	1	68593054	2	2	1.8516	2.0792
P036	9	68593055	69035923	3	2	2.9529	2.0547
P036	9	69035924	90361038	2	2	1.9011	1.8932
P036	9	90361039	90856740	3	2	2.9566	2.0581
P036	9	90856741	104772236	2	2	1.9069	2.0196
P036	9	104772237	105089590	3	2	3.0098	2.1559
P036	9	105089591	127983247	2	2	1.961	2.0864
P036	9	127983248	138394717	3	2	3.0491	1.8455
P036	10	1	7205956	2	2	2.0347	2.0697
P036	10	7205957	11284769	7	2	6.9737	1.9859
P036	10	11284770	11530652	3	2	3.0129	1.983
P036	10	11530653	16809696	2	2	1.9759	2.1197
P036	10	16809697	18289275	3	2	2.9608	2.0339
P036	10	18289276	39593280	2	2	1.9313	1.9476
P036	10	39593281	43203783	2	0	2.0214	0.0488
P036	10	43203784	55660116	2	2	1.9434	1.9863
P036	10	55660117	58135979	3	2	2.9587	2.0068
P036	10	58135980	97381733	2	2	1.9489	1.9891
P036	10	97381734	121000068	3	2	3.0453	2.0004
P036	10	121000069	133797422	2	2	1.9736	2.0533
P036	11	1	32983598	2	2	1.9753	2.0333
P036	11	32983599	33338005	3	2	2.9213	1.9703
P036	11	33338006	35124657	2	0	2.004	0.0103
P036	11	35124658	77437187	2	2	1.9515	2.0695
P036	11	77437188	113379933	7	2	7.0292	2.1054
P036	11	113379934	135086622	2	2	1.924	1.9713
P036	12	1	12879688	2	2	1.8909	2.051
P036	12	12879689	21418724	2	0	2.0131	0
P036	12	21418725	47584937	2	2	2.0815	2.0326
P036	12	47584938	72520048	3	2	2.9553	2.0274
P036	12	72520049	120370714	2	2	1.9874	1.8549
P036	12	120370715	121008853	2	0	2.1028	0.0145
P036	12	121008854	133275309	2	2	1.9726	1.8462
P036	13	1	7738036	2	2	1.976	2.0137
P036	13	7738037	10945627	3	2	2.8431	1.8474
P036	13	10945628	17205069	2	2	1.9436	2.073
P036	13	17205070	18085448	2	0	2.0406	0
P036	13	18085449	35269897	2	2	2.0514	1.9672
P036	13	35269898	40376718	2	1	1.9713	0.9123
P036	13	40376719	41835478	2	0	2.0089	0
P036	13	41835479	49625308	2	2	1.889	1.9501
P036	13	49625309	50404715	2	1	2.1063	1.0616
P036	13	50404716	109311510	2	2	2.1607	1.945
P036	13	109311511	110601284	3	2	3.0095	1.9727
P036	13	110601285	114364328	2	2	2.0226	1.9185
P036	14	1	15792209	2	2	1.908	2.0775
P036	14	15792210	16845126	3	2	3.0092	1.9894
P036	14	16845127	30944931	2	2	2.0797	1.9814
P036	14	30944932	34507090	2	1	2.0223	0.9834
P036	14	34507091	59652354	2	0	1.9954	0
P036	14	59652355	72861898	2	2	2.0753	2.0387
P036	14	72861899	73040371	0	0	0.0266	0
P036	14	73040372	93404547	2	2	1.962	2.0174
P036	14	93404548	107043718	3	2	2.9883	2.1531
P036	15	1	36508436	2	2	1.956	1.9431
P036	15	36508437	51128332	2	0	1.9245	0
P036	15	51128333	65485890	2	2	2.0473	2.1215
P036	15	65485891	67952288	2	1	1.8499	0.9779
P036	15	67952289	101991189	2	2	1.9069	1.9106
P036	16	1	27336608	2	2	1.957	2.069
P036	16	27336609	28459931	3	2	3.0327	1.8414
P036	16	28459932	56956838	2	2	1.9427	1.9396
P036	16	56956839	67423666	3	2	3.0424	2.0962
P036	16	67423667	81088126	2	2	1.9642	1.9891
P036	16	81088127	85058474	2	1	2.0686	1.0392
P036	16	85058475	90338345	2	2	2.0206	2.054
P036	17	1	25100000	2	1	1.9881	1.0071
P036	17	25100001	50485136	2	2	1.9909	2.1366
P036	17	50485137	68721430	2	0	1.9027	0.0588
P036	17	68721431	83257441	2	2	1.9608	1.8917
P036	18	1	3559267	2	2	1.9796	1.9958
P036	18	3559268	4865226	0	0	0	0.0394
P036	18	4865227	52668534	2	2	2.001	2.0149
P036	18	52668535	64958293	2	0	1.9593	0
P036	18	64958294	65979845	2	1	2.0773	1.0232
P036	18	65979846	71863584	2	0	2.0011	0
P036	18	71863585	80373285	3	2	2.9855	1.9364
P036	19	1	24106056	2	2	1.8889	2.1105
P036	19	24106057	26503666	2	0	1.971	0.0452
P036	19	26503667	43150716	2	2	1.9932	2.0133
P036	19	43150717	44835672	3	2	2.9983	2.0512
P036	19	44835673	53180200	2	2	1.9918	2.0744
P036	19	53180201	54941633	3	2	3.0143	2.1031
P036	19	54941634	58617616	2	2	1.8947	1.9492
P036	20	1	64444167	2	2	1.9576	2.012
P036	21	1	23612216	2	2	2.0207	1.9157
P036	21	23612217	26440670	2	0	1.9696	0
P036	21	26440671	27448877	3	2	2.9585	1.9744
P036	21	27448878	37721601	2	0	2.0526	0
P036	21	37721602	38132501	2	1	1.9506	1.1132
P036	21	38132502	43288669	2	0	2.046	0
P036	21	43288670	46709983	2	2	2.0509	1.922
P036	22	1	24355182	2	2	1.9114	1.8753
P036	22	24355183	25308510	3	2	3.0069	1.9568
P036	22	25308511	30584152	2	2	1.9848	1.9722
P036	22	30584153	38150516	2	0	1.9972	0.0071
P036	22	38150517	50818468	2	2	1.9176	1.9874
P036	X	1	156040895	2	2	1.9868	1.8844
P037	1	1	123400000	2	2	2.0982	2.0441
P037	1	123400001	248956422	3	2	3.0769	2.0735
P037	2	1	67779595	2	2	2.0164	2.0345
P037	2	67779596	68515985	0	0	0.108	0
P037	2	68515986	111457500	2	2	1.9754	2.0538
P037	2	111457501	112162160	2	0	2.0397	0
P037	2	112162161	172298903	2	2	1.9201	2.0093
P037	2	172298904	181939506	3	2	2.9695	2.0543
P037	2	181939507	202056314	8	2	8.019	1.9211
P037	2	202056315	202937404	3	2	2.9414	1.9976
P037	2	202937405	231444544	2	2	2.007	1.9962
P037	2	231444545	237832659	2	1	2.0466	0.9135
P037	2	237832660	242193529	2	2	2.0462	1.9325
P037	3	1	90900000	2	0	1.9805	0
P037	3	90900001	158381410	2	2	1.9788	1.9618
P037	3	158381411	160986288	2	0	2.0274	0.0891
P037	3	160986289	198295559	2	2	1.9277	1.9623
P037	4	1	59774826	2	2	2.0915	1.9637
P037	4	59774827	76688302	2	0	2.0552	0
P037	4	76688303	93788597	3	2	3.0412	2.044
P037	4	93788598	115201301	2	2	2.1446	1.9478
P037	4	115201302	117463180	3	2	2.9705	1.9296
P037	4	117463181	118034125	2	2	1.9412	1.9952
P037	4	118034126	118553208	3	2	2.9805	2.0072
P037	4	118553209	137001517	2	2	1.9358	2.2163
P037	4	137001518	137697074	2	0	1.9478	0
P037	4	137697075	190214555	2	2	2.0439	2.0118
P037	5	1	29895420	2	2	1.9885	1.955
P037	5	29895421	30093268	0	0	0	0
P037	5	30093269	40138358	2	2	2.1007	2.0112
P037	5	40138359	41575859	0	0	0	0.0052
P037	5	41575860	110832186	2	2	1.8953	1.9864
P037	5	110832187	119793936	2	1	2.0325	0.9162
P037	5	119793937	181538259	2	2	1.9469	1.9703
P037	6	1	798661	2	2	2.0559	2.0341
P037	6	798662	20240500	2	0	2.0164	0.0555
P037	6	20240501	170805979	2	2	2.0615	2.0694
P037	7	1	88715094	2	2	2.0419	1.9981
P037	7	88715095	89661537	3	2	2.8906	2.1088
P037	7	89661538	96270894	2	2	1.9789	2.1142
P037	7	96270895	112021130	3	2	3.0608	1.8359
P037	7	112021131	159345973	2	2	2.0292	1.9909
P037	8	1	45200000	2	2	1.9222	2.0127
P037	8	45200001	145138636	4	2	4.0734	2.0266
P037	9	1	138394717	2	2	2.054	1.9542
P037	10	1	22116062	2	2	1.7893	1.9383
P037	10	22116063	25812220	3	2	3.001	2.1278
P037	10	25812221	42584129	2	2	2.0661	1.8829
P037	10	42584130	43402254	2	1	1.9768	1.05
P037	10	43402255	57064851	2	2	1.9118	1.9614
P037	10	57064852	59942189	2	1	1.9582	1.0252
P037	10	59942190	130884742	2	2	1.9105	1.9317
P037	10	130884743	131867285	2	1	2.0919	0.8823
P037	10	131867286	133797422	2	2	1.9708	2.0616
P037	11	1	57269021	2	2	2.0555	1.9924
P037	11	57269022	63417301	2	0	1.8902	0
P037	11	63417302	117323897	2	2	2.0549	1.9072
P037	11	117323898	119127375	6	2	5.9463	2.0217
P037	11	119127376	135086622	2	2	2.0152	1.9838
P037	12	1	51821067	2	2	1.9489	2.0982
P037	12	51821068	52694304	2	1	2.0685	1.1372
P037	12	52694305	71363336	2	2	2.0005	1.9838
P037	12	71363337	88648743	3	2	3.0027	1.8976
P037	12	88648744	125467595	2	2	1.9584	1.8995
P037	12	125467596	133275309	9	2	9.0367	2.0071
P037	13	1	17700000	2	2	1.9267	1.8622
P037	13	17700001	114364328	2	1	1.9063	1.0182
P037	14	1	5665777	2	2	1.9446	2.0898
P037	14	5665778	17925442	3	2	2.9389	2.0676
P037	14	17925443	20168811	2	0	2.0288	0.0436
P037	14	20168812	38401274	3	2	3.034	2.0328
P037	14	38401275	38412260	2	1	2.0873	0.9713
P037	14	38412261	74764635	2	0	1.9827	0.0155
P037	14	74764636	107043718	2	2	2.0048	1.9638
P037	15	1	21820297	2	2	2.0768	1.9054
P037	15	21820298	22836063	3	2	2.9416	1.9607
P037	15	22836064	29132451	2	2	2.0612	2.0835
P037	15	29132452	29280833	0	0	0.0134	0
P037	15	29280834	64535520	2	2	1.9366	1.9824
P037	15	64535521	66563832	2	0	1.9261	0.0342
P037	15	66563833	101991189	2	2	1.9901	1.9693
P037	16	1	15692784	2	2	1.9894	1.9712
P037	16	15692785	17317458	2	0	1.9815	0.0379
P037	16	17317459	17438611	2	2	1.9904	1.9409
P037	16	17438612	37552763	2	1	1.941	1.0986
P037	16	37552764	64363920	2	2	1.9364	1.9178
P037	16	64363921	65229266	3	2	3.0627	1.9435
P037	16	65229267	90338345	2	2	2.0243	1.9509
P037	17	1	25100000	2	1	2.0567	1.0263
P037	17	25100001	25987026	2	2	1.928	1.9674
P037	17	25987027	29430827	3	2	3.0733	2.0448
P037	17	29430828	53423605	2	2	2.088	1.9426
P037	17	53423606	83257441	3	2	2.9395	2.1182
P037	18	1	6106904	2	2	1.953	2.0389
P037	18	6106905	8620546	3	2	3.0343	2.0206
P037	18	8620547	13459915	2	2	2.0205	1.9795
P037	18	13459916	18012349	3	2	3.0142	1.9261
P037	18	18012350	27481168	2	2	2.1221	2.0296
P037	18	27481169	38223129	2	0	1.9677	0
P037	18	38223130	49059759	2	2	1.9786	2.0103
P037	18	49059760	63154710	3	2	3.0725	2.0782
P037	18	63154711	71935552	2	2	1.9241	1.9696
P037	18	71935553	72491967	0	0	0.0223	0.0665
P037	18	72491968	80373285	2	2	2.0569	2.0191
P037	19	1	503784	2	2	2.1075	1.9741
P037	19	503785	1868297	8	2	8.033	1.9244
P037	19	1868298	8216657	2	2	2.0848	2.0299
P037	19	8216658	8684703	2	1	2.0823	0.9856
P037	19	8684704	9396898	2	2	1.8611	2.0852
P037	19	9396899	9857076	2	1	2.0409	0.9847
P037	19	9857077	17118215	2	2	2.0128	1.9175
P037	19	17118216	20162583	3	2	2.9679	2.0036
P037	19	20162584	33333097	2	2	1.934	1.847
P037	19	33333098	35801625	2	0	1.9591	0.0679
P037	19	35801626	50430203	2	2	2.0551	1.9719
P037	19	50430204	51166552	2	0	1.9049	0
P037	19	51166553	58617616	2	2	2.0105	1.8969
P037	20	1	42336357	2	2	1.9351	1.8986
P037	20	42336358	58539232	2	1	1.9885	1.0475
P037	20	58539233	64444167	2	2	2.0117	2.1017
P037	21	1	23181041	2	2	2.0391	2.0331
P037	21	23181042	24323552	3	2	2.93	1.9872
P037	21	24323553	46709983	2	0	2.0457	0.0659
P037	22	1	14783245	2	2	1.9964	2.0116
P037	22	14783246	15109402	3	2	3.027	1.9394
P037	22	15109403	17134225	2	2	1.9194	2.0837
P037	22	17134226	21159216	2	0	2.0068	0
P037	22	21159217	22514120	3	2	3.0399	1.8873
P037	22	22514121	26161525	2	0	2.0567	0.0893
P037	22	26161526	28864487	2	2	2.01	1.9841
P037	22	28864488	31248346	3	2	2.9278	2.1126
P037	22	31248347	50818468	2	2	2.0149	1.9877
P037	X	1	14972266	2	2	1.9732	2.1104
P037	X	14972267	18234184	3	2	2.9328	2.0548
P037	X	18234185	51388585	2	2	2.0855	2.0981
P037	X	51388586	53560796	3	2	2.8708	1.9938
P037	X	53560797	156040895	2	2	1.8674	2.0114
P038	1	1	203523302	2	2	1.9261	2.0319
P038	1	203523303	216364914	2	1	2.0945	1.0561
P038	1	216364915	248956422	2	2	2.0236	1.9643
P038	2	1	155785700	2	2	1.9759	2.0732
P038	2	155785701	161883594	2	1	1.8582	1.0178
P038	2	161883595	172170093	2	0	2.0688	0
P038	2	172170094	242193529	2	2	1.9742	2.0243
P038	3	1	198295559	2	2	2.0997	1.9417
P038	4	1	91540184	2	2	2.0929	1.8784
P038	4	91540185	96484241	6	2	6.1362	1.9335
P038	4	96484242	123233956	2	0	2.0487	0
P038	4	123233957	160620001	2	2	1.9066	1.9655
P038	4	160620002	161378339	2	0	1.963	0.1152
P038	4	161378340	190214555	2	2	1.9043	2.0024
P038	5	1	48800000	3	2	2.9346	1.9711
P038	5	48800001	170313444	2	2	2.0361	2.0873
P038	5	170313445	175347070	3	2	2.949	1.9799
P038	5	175347071	181538259	2	2	1.9996	2.0318
P038	6	1	11241614	2	2	1.9703	1.8623
P038	6	11241615	22827674	2	0	1.9585	0.0283
P038	6	22827675	40018745	2	2	1.9772	2.0893
P038	6	40018746	44940265	2	1	1.9674	1.0695
P038	6	44940266	63555613	2	2	1.9314	2.0304
P038	6	63555614	65881545	3	2	3.0745	2.0976
P038	6	65881546	89194001	2	2	1.9923	1.9014
P038	6	89194002	89623115	3	2	2.8579	2.0294
P038	6	89623116	115041269	2	2	2.0538	1.9983
P038	6	115041270	119809047	3	2	3.0471	1.8971
P038	6	119809048	170805979	2	2	2.0272	1.9583
P038	7	1	1251907	4	2	3.9683	2.0241
P038	7	1251908	1646788	2	1	2.0	1.0056
P038	7	1646789	10420069	4	2	3.9783	2.1505
P038	7	10420070	11985080	2	0	1.919	0
P038	7	11985081	46418933	4	2	4.1018	2.0807
P038	7	46418934	46753255	10	2	9.8581	1.944
P038	7	46753256	60100000	4	2	4.0297	1.975
P038	7	60100001	79737227	2	2	1.985	2.0323
P038	7	79737228	86529984	2	0	2.0859	0.0323
P038	7	86529985	97765789	2	2	1.9932	2.0333
P038	7	97765790	111771931	3	2	3.0148	2.1335
P038	7	111771932	117714370	2	2	2.028	1.8516
P038	7	117714371	140747389	2	0	1.9001	0.1229
P038	7	140747390	159345973	2	2	1.9947	2.0399
P038	8	1	7379346	2	2	1.9843	2.0888
P038	8	7379347	8855257	3	2	3.002	2.0087
P038	8	8855258	45200000	2	2	2.0403	2.0019
P038	8	45200001	145138636	3	2	3.0056	1.9906
P038	9	1	29962272	2	2	1.9874	1.9167
P038	9	29962273	34698090	2	0	2.0648	0
P038	9	34698091	39747703	2	2	2.1721	2.0097
P038	9	39747704	40673349	2	1	2.0189	1.0375
P038	9	40673350	75331894	2	2	2.0741	1.901
P038	9	75331895	76211545	2	1	1.9625	0.9872
P038	9	76211546	77242512	2	2	2.0268	1.9127
P038	9	77242513	79454312	3	2	2.9882	1.9555
P038	9	79454313	92449384	2	2	2.0655	1.9825
P038	9	92449385	93105830	3	2	3.0582	1.9485
P038	9	93105831	112661704	2	2	1.9651	2.0823
P038	9	112661705	117670133	2	0	2.0047	0
P038	9	117670134	138394717	2	2	1.9656	1.9345
P038	10	1	46099342	2	2	2.0549	1.9989
P038	10	46099343	49082407	2	1	1.9691	1.0752
P038	10	49082408	50749885	2	2	1.9124	2.0646
P038	10	50749886	51117719	2	0	2.0131	0.0797
P038	10	51117720	56681351	2	2	1.8795	1.897
P038	10	56681352	61035684	3	2	3.0572	2.0971
P038	10	61035685	75998762	2	2	1.9797	1.9262
P038	10	75998763	78369393	3	2	3.0164	2.0252
P038	10	78369394	107307411	2	2	1.9724	2.0131
P038	10	107307412	112073823	2	0	2.0278	0.0081
P038	10	112073824	133797422	3	2	2.9361	1.976
P038	11	1	135086622	2	2	2.0	2.0114
P038	12	1	3050426	2	2	1.9514	1.9432
P038	12	3050427	25246435	3	2	3.068	1.9331
P038	12	25246436	42533583	2	2	1.9577	1.892
P038	12	42533584	62509288	2	0	1.9833	0
P038	12	62509289	93843234	2	2	2.0243	1.9774
P038	12	93843235	98891905	2	1	1.8736	1.0772
P038	12	98891906	105937481	2	2	2.0456	1.7879
P038	12	105937482	106470700	3	2	3.0144	1.9403
P038	12	106470701	133275309	2	2	2.0521	1.959
P038	13	1	21368573	2	2	2.0193	1.8632
P038	13	21368574	37206183	3	2	2.9796	1.8646
P038	13	37206184	80963330	2	2	2.0213	2.0058
P038	13	80963331	90199664	3	2	2.8584	1.9793
P038	13	90199665	114364328	2	2	2.055	1.9305
P038	14	1	10122765	2	2	1.8947	2.0216
P038	14	10122766	11157158	2	0	1.9864	0
P038	14	11157159	97697336	2	2	1.9125	2.066
P038	14	97697337	97964038	0	0	0	0
P038	14	97964039	107043718	2	2	2.0216	1.8794
P038	15	1	48693792	2	2	2.0628	1.972
P038	15	48693793	62276674	2	0	1.967	0
P038	15	62276675	97033618	2	2	1.9385	2.0664
P038	15	97033619	101329431	3	2	2.9436	1.9414
P038	15	101329432	101991189	2	2	1.9736	1.9376
P038	16	1	8321162	2	2	2.0082	1.8708
P038	16	8321163	12881291	3	2	3.1606	1.98
P038	16	12881292	40199152	2	2	2.0863	2.0209
P038	16	40199153	43655745	3	2	2.9289	1.9924
P038	16	43655746	90338345	2	2	2.024	2.0411
P038	17	1	25100000	2	0	2.0174	0
P038	17	25100001	83257441	2	2	2.1159	2.2085
P038	18	1	10638611	2	2	2.0608	2.0859
P038	18	10638612	15677059	3	2	2.9259	2.0171
P038	18	15677060	18500000	2	2	1.8894	1.9798
P038	18	18500001	24432176	2	1	2.0198	0.9563
P038	18	24432177	25073246	2	0	1.9478	0.0204
P038	18	25073247	29185302	7	2	7.0372	2.0308
P038	18	29185303	30595687	2	0	2.131	0
P038	18	30595688	80373285	2	1	1.9789	0.9773
P038	19	1	5570118	2	2	1.9989	2.0361
P038	19	5570119	6345750	2	1	2.068	1.0257
P038	19	6345751	9582901	2	2	2.0495	2.0143
P038	19	9582902	10078476	3	2	2.9884	1.9767
P038	19	10078477	10345868	2	2	2.0389	2.0562
P038	19	10345869	11063864	2	1	2.0046	1.0285
P038	19	11063865	58617616	2	2	1.939	1.9543
P038	20	1	37841734	2	2	2.1162	2.0028
P038	20	37841735	39276031	2	0	1.8418	0
P038	20	39276032	43005726	2	1	1.9705	1.0199
P038	20	43005727	64444167	2	0	1.8598	0.0146
P038	21	1	3405741	2	2	1.9662	2.0696
P038	21	3405742	3528018	0	0	0.0436	0.0153
P038	21	3528019	26688571	2	2	2.0315	2.05
P038	21	26688572	28470201	2	0	2.0572	0.002
P038	21	28470202	29688799	2	2	1.9642	1.9835
P038	21	29688800	30565314	2	0	2.0802	0
P038	21	30565315	33804968	2	2	2.0244	2.0875
P038	21	33804969	41915718	3	2	2.9603	1.9161
P038	21	41915719	46709983	2	0	2.0157	0
P038	22	1	50818468	2	2	2.0228	1.9691
P038	X	1	156040895	2	0	2.0131	0
P039	1	1	123400000	1	1	0.8479	1.1849
P039	1	123400001	182089642	3	1	2.9091	1.0249
P039	1	182089643	190818976	2	1	1.9193	1.0397
P039	1	190818977	223978574	3	1	3.0073	0.9436
P039	1	223978575	248956422	1	0	0.9164	0.0614
P039	2	1	242193529	1	1	1.006	0.9997
P039	3	1	198295559	1	1	0.9242	0.9715
P039	4	1	98910750	1	1	0.9731	0.9502
P039	4	98910751	99882197	2	1	2.0566	1.0145
P039	4	99882198	165484552	1	1	0.8418	1.0035
P039	4	165484553	190214555	2	1	2.0161	1.0114
P039	5	1	181538259	1	1	1.0143	0.8951
P039	6	1	26280363	1	1	0.989	1.1119
P039	6	26280364	27343853	2	1	1.986	1.0659
P039	6	27343854	170805979	1	1	0.9733	0.9477
P039	7	1	15164310	1	1	1.1052	1.1058
P039	7	15164311	19827787	1	0	1.0259	0.057
P039	7	19827788	86028178	1	1	0.9718	0.9031
P039	7	86028179	94833418	1	0	1.0415	0.1217
P039	7	94833419	159345973	1	1	0.9446	1.0096
P039	8	1	45200000	1	1	1.0857	1.0613
P039	8	45200001	145138636	2	1	2.1232	1.0949
P039	9	1	114323546	1	1	1.0892	0.9405
P039	9	114323547	115033103	2	1	1.8976	1.0676
P039	9	115033104	138394717	1	1	1.0547	1.0132
P039	10	1	16666974	1	1	1.024	1.1418
P039	10	16666975	28092695	1	0	0.9421	0.0867
P039	10	28092696	133797422	1	1	1.1113	0.9748
P039	11	1	59277342	1	1	0.9591	0.8329
P039	11	59277343	69151109	2	1	2.0435	1.064
P039	11	69151110	84164673	1	1	1.0929	0.9869
P039	11	84164674	97428529	1	0	0.925	0
P039	11	97428530	135086622	1	1	1.1487	0.9226
P039	12	1	133275309	1	1	0.844	1.0742
P039	13	1	1387825	1	1	0.9687	1.0033
P039	13	1387826	1712249	2	1	1.9556	0.9671
P039	13	1712250	17700000	1	1	0.8982	0.9775
P039	13	17700001	44700152	1	0	0.9461	0
P039	13	44700153	45507509	0	0	0	0
P039	13	45507510	63387989	1	0	0.9519	0.0092
P039	13	63387990	89026269	5	1	4.944	1.038
P039	13	89026270	114364328	1	0	1.0528	0.1568
P039	14	1	38320516	1	1	0.9239	1.0006
P039	14	38320517	39035178	1	0	1.016	0
P039	14	39035179	46725298	1	1	1.0605	1.0239
P039	14	46725299	56539818	1	0	0.9557	0
P039	14	56539819	75071321	1	1	0.983	0.9188
P039	14	75071322	84605363	1	0	0.9901	0.1379
P039	14	84605364	107043718	1	1	1.0866	1.0198
P039	15	1	52144304	1	1	0.8822	1.0351
P039	15	52144305	62954066	1	0	0.8303	0.0267
P039	15	62954067	101991189	1	1	0.893	1.0316
P039	16	1	32225963	1	1	1.0991	1.0118
P039	16	32225964	32777816	2	1	1.9182	0.9401
P039	16	32777817	90338345	1	1	1.0099	1.0825
P039	17	1	25100000	1	0	1.1029	0.0348
P039	17	25100001	29784869	1	1	1.1196	0.9769
P039	17	29784870	32273442	2	1	2.0016	0.9989
P039	17	32273443	38454464	8	1	8.0561	1.0114
P039	17	38454465	72580690	1	1	1.0232	1.057
P039	17	72580691	74282094	2	1	2.0831	1.0338
P039	17	74282095	83257441	1	1	1.0596	0.9771
P039	18	1	9229869	1	1	0.9981	1.129
P039	18	9229870	48716798	2	1	1.9645	0.9247
P039	18	48716799	52423429	1	1	1.1378	0.946
P039	18	52423430	54352174	2	1	2.1123	0.9956
P039	18	54352175	55834528	1	1	0.9785	0.9723
P039	18	55834529	57476113	2	1	2.0594	1.1314
P039	18	57476114	80373285	1	1	1.0297	0.9575
P039	19	1	39293034	1	1	1.0539	1.023
P039	19	39293035	40061913	2	1	2.0966	0.9776
P039	19	40061914	58617616	1	1	1.0317	0.9063
P039	20	1	28100000	1	1	0.9257	1.0613
P039	20	28100001	64444167	2	1	1.9509	1.0504
P039	21	1	483524	1	1	0.8775	0.9139
P039	21	483525	5797276	1	0	1.0141	0.0047
P039	21	5797277	46709983	1	1	0.9225	1.0765
P039	22	1	50818468	1	1	1.0717	1.0573
P039	X	1	44243759	1	1	1.1006	0.9698
P039	X	44243760	55582192	2	1	2.0289	0.9426
P039	X	55582193	66413422	1	1	0.9917	1.0716
P039	X	66413423	80720030	1	0	0.9484	0.0441
P039	X	80720031	156040895	1	1	0.942	0.9587
P040	1	1	123400000	1	1	1.0331	1.0564
P040	1	123400001	153016870	3	1	3.0639	1.0583
P040	1	153016871	159170696	2	1	2.0131	0.9818
P040	1	159170697	161789846	3	1	3.0942	0.9734
P040	1	161789847	162939515	2	1	2.0283	1.0658
P040	1	162939516	167329057	3	1	3.0269	0.8771
P040	1	167329058	176633187	1	0	1.009	0
P040	1	176633188	248956422	3	1	2.8651	0.9538
P040	2	1	66973155	1	1	0.8218	1.0779
P040	2	66973156	67701464	2	1	2.0406	0.9629
P040	2	67701465	219869783	1	1	0.9428	1.0588
P040	2	219869784	242193529	1	0	0.9293	0
P040	3	1	87228554	1	1	0.9413	1.0311
P040	3	87228555	103541871	1	0	0.9368	0.0551
P040	3	103541872	140413942	2	1	2.062	0.9876
P040	3	140413943	198295559	1	1	0.7666	1.054
P040	4	1	50633097	1	1	1.0124	0.9662
P040	4	50633098	66249530	1	0	1.0292	0.1237
P040	4	66249531	68351629	1	1	1.0259	1.0531
P040	4	68351630	75823940	1	0	0.8847	0.034
P040	4	75823941	133144578	1	1	1.0181	1.0328
P040	4	133144579	133985578	7	1	7.0108	1.055
P040	4	133985579	190214555	1	1	1.0881	1.0743
P040	5	1	48800000	3	1	3.0843	0.9725
P040	5	48800001	181538259	1	1	0.9469	1.0766
P040	6	1	50965740	1	1	1.1666	0.9608
P040	6	50965741	51576741	2	1	1.8865	1.0095
P040	6	51576742	105043500	1	1	1.0253	0.8975
P040	6	105043501	106139756	1	0	0.971	0
P040	6	106139757	170805979	1	1	0.9776	0.9444
P040	7	1	159345973	1	1	0.9827	1.0222
P040	8	1	45200000	1	1	0.9993	0.986
P040	8	45200001	82885158	2	1	1.9973	0.9843
P040	8	82885159	84461771	1	0	1.0201	0
P040	8	84461772	145138636	2	1	2.0638	0.9493
P040	9	1	37908872	1	1	0.9357	1.0037
P040	9	37908873	41276412	1	0	1.0199	0.0168
P040	9	41276413	120296440	1	1	0.9486	0.8141
P040	9	120296441	128019820	2	1	1.9624	1.0217
P040	9	128019821	138394717	1	1	1.0085	0.9623
P040	10	1	87804102	1	1	1.0158	0.9846
P040	10	87804103	110062063	1	0	1.0459	0
P040	10	110062064	133797422	1	1	1.0243	0.9979
P040	11	1	135086622	1	1	1.0714	0.9717
P040	12	1	133275309	1	1	1.0868	0.8664
P040	13	1	7219174	1	1	1.0302	1.0202
P040	13	7219175	7839724	1	0	0.9982	0
P040	13	7839725	17700000	1	1	1.0739	1.0193
P040	13	17700001	114364328	1	0	1.0335	0.041
P040	14	1	38300919	1	1	0.8919	0.9772
P040	14	38300920	38911107	2	1	1.9495	1.0155
P040	14	38911108	107043718	1	1	0.9105	1.0062
P040	15	1	64075868	1	1	1.0443	0.9672
P040	15	64075869	99516351	2	1	1.9494	0.977
P040	15	99516352	101991189	1	1	1.051	1.0969
P040	16	1	62678476	1	1	0.9718	0.9565
P040	16	62678477	63013355	1	0	1.1256	0
P040	16	63013356	69512289	1	1	1.0694	1.0718
P040	16	69512290	69871230	1	0	0.9712	0
P040	16	69871231	90338345	1	1	1.0063	1.0278
P040	17	1	44033499	1	1	1.0134	1.0179
P040	17	44033500	61268140	6	1	6.0084	1.0543
P040	17	61268141	74096907	1	1	1.093	0.9694
P040	17	74096908	75590223	2	1	1.9565	1.0848
P040	17	75590224	83257441	1	1	0.9566	1.0134
P040	18	1	18500000	1	1	0.9454	0.9208
P040	18	18500001	80373285	1	0	1.1085	0
P040	19	1	16851740	1	1	1.0376	0.983
P040	19	16851741	18654399	1	0	1.0906	0
P040	19	18654400	30173565	1	1	1.0274	1.0804
P040	19	30173566	58617616	1	0	1.055	0.0241
P040	20	1	28100000	1	1	0.9567	1.1351
P040	20	28100001	64444167	2	1	2.0334	1.0456
P040	21	1	35331173	1	1	0.9132	0.9553
P040	21	35331174	36497391	1	0	0.9721	0
P040	21	36497392	46709983	1	1	0.9998	1.0531
P040	22	1	15560182	1	1	1.0473	0.9534
P040	22	15560183	38396793	1	0	0.9178	0
P040	22	38396794	50818468	1	1	1.1121	0.8795
P040	X	1	135353025	1	1	0.9706	0.8666
P040	X	135353026	135680837	0	0	0	0.0097
P040	X	135680838	156040895	1	1	1.0453	1.024
