CHROM,POS,ID,SVTYPE,END,CHR2,POS2,SVLEN,PE,SR,PRECISION,QUAL,FILTER,GT,SAMPLE
2,10065166,DUP00000001,DUP,10544335,2,10544335,479169,29,7,PRECISE,911,PASS,0/1,P001
2,156440966,DUP00000002,DUP,156859564,2,156859564,418598,25,15,PRECISE,841,PASS,0/1,P001
6,13311530,DEL00000001,DEL,14617727,6,14617727,-1306197,10,22,PRECISE,750,PASS,1/1,P001
6,77741402,DUP00000003,DUP,80141295,6,80141295,2399893,21,13,PRECISE,730,PASS,0/1,P001
6,153253478,DEL00000002,DEL,154658916,6,154658916,-1405438,20,2,IMPRECISE,624,PASS,0/1,P001
6,154658917,DUP00000004,DUP,170805979,6,170805979,16147062,1,10,PRECISE,361,PASS,1/1,P001
7,60100001,DEL00000003,DEL,99964704,7,99964704,-39864703,28,22,PRECISE,1004,PASS,1/1,P001
7,99964705,DEL00000004,DEL,100471233,7,100471233,-506528,21,16,PRECISE,899,PASS,0/1,P001
8,133255251,DUP00000005,DUP,141743926,8,141743926,8488675,32,2,IMPRECISE,708,PASS,0/1,P001
8,141743927,DEL00000005,DEL,145138636,8,145138636,-3394709,6,2,IMPRECISE,227,PASS,0/1,P001
9,65524160,DUP00000006,DUP,65993941,9,65993941,469781,2,24,PRECISE,566,PASS,0/1,P001
9,65993942,DEL00000006,DEL,97061525,9,97061525,-31067583,8,13,PRECISE,593,PASS,0/1,P001
9,97061526,DEL00000007,DEL,98408969,9,98408969,-1347443,25,4,PRECISE,717,PASS,1/1,P001
9,98408970,DUP00000007,DUP,132906784,9,132906784,34497814,20,2,IMPRECISE,511,PASS,0/1,P001
9,132906785,DEL00000008,DEL,138394717,9,138394717,-5487932,11,13,PRECISE,498,PASS,0/1,P001
10,22140839,DUP00000008,DUP,34443412,10,34443412,12302573,1,20,PRECISE,442,PASS,0/1,P001
10,34443413,DEL00000009,DEL,81733095,10,81733095,-47289682,5,19,PRECISE,536,PASS,0/1,P001
10,81733096,DUP00000009,DUP,117904651,10,117904651,36171555,16,3,IMPRECISE,496,PASS,0/1,P001
10,117904652,DEL00000010,DEL,133797422,10,133797422,-15892770,21,17,PRECISE,866,PASS,0/1,P001
11,56599396,DEL00000011,DEL,56981635,11,56981635,-382239,39,4,PRECISE,871,PASS,0/1,P001
11,56981636,DUP00000010,DUP,102618964,11,102618964,45637328,7,5,PRECISE,307,PASS,0/1,P001
11,102618965,DEL00000012,DEL,107317463,11,107317463,-4698498,11,6,PRECISE,419,PASS,0/1,P001
11,107317464,DUP00000011,DUP,109837526,11,109837526,2520062,33,24,PRECISE,1192,PASS,0/1,P001
11,109837527,DEL00000013,DEL,111279209,11,111279209,-1441682,28,16,PRECISE,1052,PASS,0/1,P001
11,111279210,DUP00000012,DUP,135086622,11,135086622,23807412,17,11,PRECISE,564,PASS,0/1,P001
12,8724150,DEL00000014,DEL,9148188,12,9148188,-424038,2,0,IMPRECISE,44,LowQual,0/1,P001
12,77832217,DUP00000013,DUP,92742062,12,92742062,14909845,32,15,PRECISE,1002,PASS,1/1,P001
12,92742063,DEL00000015,DEL,126792950,12,126792950,-34050887,6,21,PRECISE,706,PASS,1/1,P001
12,126792951,DEL00000016,DEL,127959418,12,127959418,-1166467,31,17,PRECISE,1060,PASS,0/1,P001
12,127959419,DUP00000014,DUP,133275309,12,133275309,5315890,13,7,PRECISE,487,PASS,0/1,P001
13,22555072,DUP00000015,DUP,28621471,13,28621471,6066399,40,4,PRECISE,983,PASS,0/1,P001
13,28621472,DEL00000017,DEL,38197765,13,38197765,-9576293,3,4,PRECISE,143,PASS,0/1,P001
13,38197766,DEL00000018,DEL,46574257,13,46574257,-8376491,40,23,PRECISE,1325,PASS,1/1,P001
13,46574258,DUP00000016,DUP,46926939,13,46926939,352681,10,1,IMPRECISE,241,PASS,1/1,P001
13,46926940,DEL00000019,DEL,48311659,13,48311659,-1384719,32,21,PRECISE,1132,PASS,0/1,P001
14,103110487,DEL00000020,DEL,104379911,14,104379911,-1269424,18,1,IMPRECISE,497,PASS,0/1,P001
14,104379912,DUP00000017,DUP,107043718,14,107043718,2663806,10,8,PRECISE,474,PASS,0/1,P001
15,18377916,DEL00000021,DEL,34992430,15,34992430,-16614514,16,11,PRECISE,624,PASS,0/1,P001
15,34992431,DUP00000018,DUP,52472380,15,52472380,17479949,15,1,IMPRECISE,399,PASS,0/1,P001
15,52472381,DUP00000019,DUP,79098880,15,79098880,26626499,22,5,PRECISE,540,PASS,0/1,P001
15,79098881,DEL00000022,DEL,101991189,15,101991189,-22892308,24,2,IMPRECISE,641,PASS,0/1,P001
16,51061967,DUP00000020,DUP,83513523,16,83513523,32451556,32,20,PRECISE,1091,PASS,0/1,P001
16,83513524,DEL00000023,DEL,90338345,16,90338345,-6824821,32,24,PRECISE,1121,PASS,0/1,P001
19,8421593,DUP00000021,DUP,17334855,19,17334855,8913262,16,2,IMPRECISE,396,PASS,1/1,P001
19,17334856,DEL00000024,DEL,41445947,19,41445947,-24111091,37,1,IMPRECISE,860,PASS,0/1,P001
19,41445948,DEL00000025,DEL,48952311,19,48952311,-7506363,19,9,PRECISE,721,PASS,0/1,P001
19,48952312,DUP00000022,DUP,58617616,19,58617616,9665304,5,18,PRECISE,595,PASS,0/1,P001
20,4177381,DEL00000026,DEL,4972221,20,4972221,-794840,38,12,PRECISE,1195,PASS,0/1,P001
20,4972222,DUP00000023,DUP,26714000,20,26714000,21741778,31,4,PRECISE,772,PASS,0/1,P001
20,26714001,DUP00000024,DUP,28890986,20,28890986,2176985,2,22,PRECISE,611,PASS,1/1,P001
20,28890987,DEL00000027,DEL,29569968,20,29569968,-678981,32,4,PRECISE,854,PASS,0/1,P001
20,29569969,DUP00000025,DUP,30263134,20,30263134,693165,37,25,PRECISE,1422,PASS,0/1,P001
20,30263135,DEL00000028,DEL,64444167,20,64444167,-34181032,5,0,IMPRECISE,110,LowQual,0/1,P001
21,25206668,INS00000001,INS,25206669,21,25206669,465,24,14,PRECISE,902,PASS,0/1,P001
21,36664592,DUP00000026,DUP,36716177,21,36716177,51585,0,14,PRECISE,297,PASS,0/1,P001
22,36298601,DEL00000029,DEL,36578597,22,36578597,-279996,16,25,PRECISE,839,PASS,0/1,P001
8,56087661,DEL00000030,DEL,56213475,8,56213475,-125814,29,15,PRECISE,977,PASS,0/1,P001
16,39563325,BND00000001,BND,43466008,20,43466008,,12,2,IMPRECISE,433,PASS,0/1,P001
11,35083287,DUP00000027,DUP,35349423,11,35349423,266136,39,18,PRECISE,1174,PASS,0/1,P001
16,9141783,INV00000001,INV,14102383,16,14102383,4960600,6,22,PRECISE,615,PASS,1/1,P001
10,96143044,INV00000002,INV,96201350,10,96201350,58306,29,24,PRECISE,1090,PASS,0/1,P001
10,132281814,DEL00000031,DEL,132306461,10,132306461,-24647,18,14,PRECISE,659,PASS,1/1,P001
9,104843813,DEL00000032,DEL,106759608,9,106759608,-1915795,13,2,IMPRECISE,448,PASS,0/1,P001
5,141677819,DEL00000033,DEL,141686492,5,141686492,-8673,38,20,PRECISE,1290,PASS,0/1,P001
4,99029549,DEL00000034,DEL,100262150,4,100262150,-1232601,31,12,PRECISE,866,PASS,0/1,P001
1,132988668,DUP00000028,DUP,133014908,1,133014908,26240,9,13,PRECISE,528,PASS,1/1,P001
11,17228178,BND00000002,BND,88120078,1,88120078,,21,12,PRECISE,690,PASS,0/1,P001
X,4146496,INS00000002,INS,4146497,X,4146497,582,18,8,PRECISE,615,PASS,1/1,P001
13,80077952,DEL00000035,DEL,81668921,13,81668921,-1590969,17,1,IMPRECISE,431,PASS,0/1,P001
2,225056630,DUP00000029,DUP,225223497,2,225223497,166867,9,7,PRECISE,388,PASS,1/1,P001
17,43359299,DEL00000036,DEL,43369148,17,43369148,-9849,27,0,IMPRECISE,734,PASS,1/1,P001
18,74716154,DEL00000037,DEL,74716818,18,74716818,-664,26,14,PRECISE,957,PASS,0/1,P001
21,20207115,INV00000003,INV,23126154,21,23126154,2919039,35,4,PRECISE,823,PASS,1/1,P001
14,47125647,DEL00000038,DEL,47128981,14,47128981,-3334,16,12,PRECISE,727,PASS,0/1,P001
10,65851593,DUP00000030,DUP,65875597,10,65875597,24004,10,20,PRECISE,641,PASS,0/1,P001
7,135380074,INS00000003,INS,135380075,7,135380075,3760,31,17,PRECISE,1016,PASS,0/1,P001
15,58367747,DEL00000039,DEL,58369607,15,58369607,-1860,5,5,PRECISE,287,PASS,0/1,P001
11,33095026,INV00000004,INV,34285067,11,34285067,1190041,12,0,IMPRECISE,431,PASS,1/1,P001
13,56550512,BND00000003,BND,102164147,7,102164147,,17,10,PRECISE,732,PASS,0/1,P001
16,38247613,DUP00000031,DUP,38265831,16,38265831,18218,32,16,PRECISE,1121,PASS,0/1,P001
1,95033048,DEL00000001,DEL,95362427,1,95362427,-329379,30,15,PRECISE,1069,PASS,0/1,P002
1,216644206,DEL00000002,DEL,218435529,1,218435529,-1791323,34,0,IMPRECISE,708,PASS,1/1,P002
1,218435530,DUP00000001,DUP,248956422,1,248956422,30520892,0,25,PRECISE,580,PASS,0/1,P002
3,93207272,DEL00000003,DEL,95369186,3,95369186,-2161914,16,11,PRECISE,590,PASS,1/1,P002
4,110377910,DEL00000004,DEL,123044897,4,123044897,-12666987,33,12,PRECISE,998,PASS,0/1,P002
4,176186083,DEL00000005,DEL,188575930,4,188575930,-12389847,40,8,PRECISE,1113,PASS,0/1,P002
4,188575931,DUP00000002,DUP,190214555,4,190214555,1638624,26,3,IMPRECISE,780,PASS,0/1,P002
6,38623461,DEL00000006,DEL,38774271,6,38774271,-150810,5,8,PRECISE,310,PASS,1/1,P002
6,159189551,DUP00000003,DUP,163410705,6,163410705,4221154,12,13,PRECISE,614,PASS,1/1,P002
6,163410706,DEL00000007,DEL,170805979,6,170805979,-7395273,34,10,PRECISE,970,PASS,1/1,P002
7,38750714,DEL00000008,DEL,48867285,7,48867285,-10116571,32,8,PRECISE,888,PASS,1/1,P002
7,48867286,DUP00000004,DUP,60100000,7,60100000,11232714,17,1,IMPRECISE,415,PASS,0/1,P002
7,60100001,DEL00000009,DEL,97031496,7,97031496,-36931495,9,21,PRECISE,604,PASS,1/1,P002
7,97031497,DUP00000005,DUP,99947022,7,99947022,2915525,22,25,PRECISE,1036,PASS,1/1,P002
7,99947023,DEL00000010,DEL,131063985,7,131063985,-31116962,21,17,PRECISE,840,PASS,0/1,P002
7,131063986,DUP00000006,DUP,139669792,7,139669792,8605806,19,6,PRECISE,696,PASS,0/1,P002
7,139669793,DEL00000011,DEL,159345973,7,159345973,-19676180,33,18,PRECISE,1188,PASS,1/1,P002
8,142384786,DEL00000012,DEL,143731412,8,143731412,-1346626,30,3,IMPRECISE,759,PASS,0/1,P002
8,143731413,DUP00000007,DUP,145138636,8,145138636,1407223,33,11,PRECISE,961,PASS,0/1,P002
10,51270105,DUP00000008,DUP,51877132,10,51877132,607027,35,24,PRECISE,1310,PASS,0/1,P002
10,51877133,DEL00000013,DEL,82948967,10,82948967,-31071834,16,10,PRECISE,693,PASS,1/1,P002
10,82948968,DEL00000014,DEL,83936487,10,83936487,-987519,8,10,PRECISE,519,PASS,0/1,P002
10,83936488,DUP00000009,DUP,108811506,10,108811506,24875018,35,15,PRECISE,1113,PASS,1/1,P002
10,108811507,DEL00000015,DEL,114222321,10,114222321,-5410814,35,25,PRECISE,1281,PASS,0/1,P002
10,114222322,DUP00000010,DUP,133797422,10,133797422,19575100,33,6,PRECISE,944,PASS,0/1,P002
15,16602029,DUP00000011,DUP,17409931,15,17409931,807902,33,6,PRECISE,788,PASS,0/1,P002
15,73997603,DUP00000012,DUP,81257669,15,81257669,7260066,30,1,IMPRECISE,696,PASS,0/1,P002
15,81257670,DEL00000016,DEL,88202469,15,88202469,-6944799,14,4,PRECISE,539,PASS,1/1,P002
15,88202470,DEL00000017,DEL,95607288,15,95607288,-7404818,27,21,PRECISE,1023,PASS,1/1,P002
15,95607289,DUP00000013,DUP,101991189,15,101991189,6383900,34,16,PRECISE,1032,PASS,0/1,P002
16,26261937,DEL00000018,DEL,39599990,16,39599990,-13338053,12,11,PRECISE,594,PASS,0/1,P002
16,39599991,DUP00000014,DUP,62097625,16,62097625,22497634,32,19,PRECISE,1220,PASS,1/1,P002
16,62097626,DEL00000019,DEL,90338345,16,90338345,-28240719,17,17,PRECISE,824,PASS,0/1,P002
17,18294657,DUP00000015,DUP,19426429,17,19426429,1131772,36,18,PRECISE,1086,PASS,0/1,P002
17,19426430,DEL00000020,DEL,25100000,17,25100000,-5673570,39,16,PRECISE,1225,PASS,1/1,P002
18,15997536,DUP00000016,DUP,30892514,18,30892514,14894978,12,0,IMPRECISE,395,PASS,0/1,P002
18,30892515,DEL00000021,DEL,68799775,18,68799775,-37907260,18,7,PRECISE,664,PASS,0/1,P002
18,68799776,DUP00000017,DUP,69701684,18,69701684,901908,36,8,PRECISE,1068,PASS,0/1,P002
18,69701685,DEL00000022,DEL,80373285,18,80373285,-10671600,28,0,IMPRECISE,682,PASS,0/1,P002
19,28610800,DUP00000018,DUP,29080963,19,29080963,470163,19,10,PRECISE,727,PASS,0/1,P002
19,29080964,DEL00000023,DEL,31793088,19,31793088,-2712124,32,8,PRECISE,971,PASS,1/1,P002
19,31793089,DEL00000024,DEL,42747487,19,42747487,-10954398,37,14,PRECISE,1212,PASS,0/1,P002
19,42747488,DUP00000019,DUP,58617616,19,58617616,15870128,9,7,PRECISE,377,PASS,0/1,P002
20,28100001,DUP00000020,DUP,47654866,20,47654866,19554865,23,2,IMPRECISE,584,PASS,0/1,P002
20,47654867,DUP00000021,DUP,51175012,20,51175012,3520145,19,19,PRECISE,939,PASS,1/1,P002
20,51175013,DEL00000025,DEL,64444167,20,64444167,-13269154,13,25,PRECISE,931,PASS,0/1,P002
21,12926322,DUP00000022,DUP,36532979,21,36532979,23606657,31,22,PRECISE,1164,PASS,0/1,P002
21,36532980,DEL00000026,DEL,38240284,21,38240284,-1707304,32,18,PRECISE,1192,PASS,0/1,P002
21,38240285,DUP00000023,DUP,39555119,21,39555119,1314834,10,10,PRECISE,472,PASS,0/1,P002
21,39555120,DEL00000027,DEL,46709983,21,46709983,-7154863,2,9,PRECISE,370,PASS,0/1,P002
22,7767513,DEL00000028,DEL,7994475,22,7994475,-226962,33,15,PRECISE,985,PASS,1/1,P002
22,7994476,DUP00000024,DUP,26290523,22,26290523,18296047,35,23,PRECISE,1178,PASS,0/1,P002
22,26290524,DUP00000025,DUP,26654753,22,26654753,364229,26,3,IMPRECISE,759,PASS,1/1,P002
22,26654754,DEL00000029,DEL,28143250,22,28143250,-1488496,15,24,PRECISE,863,PASS,1/1,P002
22,28143251,DUP00000026,DUP,50818468,22,50818468,22675217,27,1,IMPRECISE,596,PASS,0/1,P002
18,62846318,INV00000001,INV,63516095,18,63516095,669777,37,8,PRECISE,1040,PASS,1/1,P002
1,14109559,INV00000002,INV,14293817,1,14293817,184258,5,17,PRECISE,588,PASS,0/1,P002
11,91337505,INV00000003,INV,91721488,11,91721488,383983,10,4,PRECISE,307,PASS,0/1,P002
3,93399651,BND00000001,BND,130569600,5,130569600,,27,18,PRECISE,976,PASS,0/1,P002
13,102921511,DEL00000030,DEL,103213611,13,103213611,-292100,8,25,PRECISE,844,PASS,0/1,P002
19,25493902,DEL00000031,DEL,25674983,19,25674983,-181081,36,3,IMPRECISE,815,PASS,0/1,P002
4,14398417,INV00000004,INV,14403269,4,14403269,4852,25,0,IMPRECISE,587,PASS,0/1,P002
14,29183380,DEL00000032,DEL,29969262,14,29969262,-785882,13,1,IMPRECISE,302,PASS,0/1,P002
21,5474167,INV00000005,INV,5665981,21,5665981,191814,31,2,IMPRECISE,836,PASS,0/1,P002
22,20131838,INS00000001,INS,20131839,22,20131839,2369,39,6,PRECISE,1019,PASS,0/1,P002
8,77225198,DUP00000027,DUP,79321800,8,79321800,2096602,15,7,PRECISE,484,PASS,0/1,P002
11,97323356,DEL00000033,DEL,97330955,11,97330955,-7599,28,3,IMPRECISE,650,PASS,0/1,P002
14,48996846,DEL00000034,DEL,48997517,14,48997517,-671,33,24,PRECISE,1200,PASS,0/1,P002
6,116970234,INV00000006,INV,117093392,6,117093392,123158,23,10,PRECISE,785,PASS,0/1,P002
11,18004806,DUP00000028,DUP,18016414,11,18016414,11608,34,25,PRECISE,1203,PASS,1/1,P002
14,73261230,BND00000002,BND,119584832,6,119584832,,12,24,PRECISE,860,PASS,0/1,P002
X,111700176,INV00000007,INV,111743060,X,111743060,42884,27,17,PRECISE,1004,PASS,0/1,P002
18,43988638,BND00000003,BND,59787716,20,59787716,,22,7,PRECISE,758,PASS,1/1,P002
4,37577418,DEL00000035,DEL,37582587,4,37582587,-5169,14,19,PRECISE,734,PASS,1/1,P002
8,130333813,INV00000008,INV,130335877,8,130335877,2064,36,4,PRECISE,889,PASS,0/1,P002
15,99449568,BND00000004,BND,183289148,3,183289148,,29,25,PRECISE,1160,PASS,0/1,P002
21,16904137,DUP00000029,DUP,16916631,21,16916631,12494,26,22,PRECISE,1106,PASS,0/1,P002
16,57297384,INV00000009,INV,57820070,16,57820070,522686,34,25,PRECISE,1226,PASS,1/1,P002
7,24267985,DEL00000036,DEL,25720810,7,25720810,-1452825,30,25,PRECISE,1185,PASS,0/1,P002
17,7101606,DEL00000037,DEL,7128611,17,7128611,-27005,31,22,PRECISE,1132,PASS,1/1,P002
11,1412403,DEL00000038,DEL,1414830,11,1414830,-2427,22,25,PRECISE,1014,PASS,0/1,P002
17,78222200,INV00000010,INV,78660168,17,78660168,437968,22,21,PRECISE,904,PASS,0/1,P002
13,102727572,DUP00000030,DUP,102838901,13,102838901,111329,26,19,PRECISE,973,PASS,0/1,P002
16,67271094,INS00000002,INS,67271095,16,67271095,4055,0,19,PRECISE,447,PASS,0/1,P002
19,32049720,INS00000003,INS,32049721,19,32049721,5827,28,25,PRECISE,1154,PASS,0/1,P002
13,84615741,DEL00000039,DEL,85229568,13,85229568,-613827,34,19,PRECISE,1132,PASS,0/1,P002
18,46972724,DEL00000040,DEL,47493549,18,47493549,-520825,40,11,PRECISE,1140,PASS,0/1,P002
16,56141840,DEL00000041,DEL,57020529,16,57020529,-878689,2,17,PRECISE,546,PASS,0/1,P002
2,32179816,DEL00000042,DEL,32180633,2,32180633,-817,23,25,PRECISE,1112,PASS,0/1,P002
2,158684518,BND00000005,BND,2959217,22,2959217,,12,5,PRECISE,477,PASS,0/1,P002
13,22231641,INV00000011,INV,22480332,13,22480332,248691,23,22,PRECISE,1064,PASS,1/1,P002
X,29190265,INV00000012,INV,29357223,X,29357223,166958,2,13,PRECISE,330,PASS,0/1,P002
20,63198248,BND00000006,BND,34697702,8,34697702,,38,4,PRECISE,867,PASS,0/1,P002
21,16595941,DEL00000043,DEL,16993157,21,16993157,-397216,6,15,PRECISE,522,PASS,0/1,P002
22,33515754,BND00000007,BND,99878697,12,99878697,,34,17,PRECISE,1045,PASS,0/1,P002
7,122826909,BND00000008,BND,48437466,12,48437466,,15,22,PRECISE,907,PASS,0/1,P002
14,18233500,DEL00000044,DEL,19226064,14,19226064,-992564,33,24,PRECISE,1164,PASS,0/1,P002
6,124291284,DEL00000045,DEL,124503588,6,124503588,-212304,19,1,IMPRECISE,530,PASS,0/1,P002
21,2703395,INS00000004,INS,2703396,21,2703396,3085,23,4,PRECISE,714,PASS,0/1,P002
8,43177878,INV00000013,INV,44274237,8,44274237,1096359,6,18,PRECISE,539,PASS,0/1,P002
9,100772169,DUP00000031,DUP,100780163,9,100780163,7994,2,1,IMPRECISE,210,LowQual,0/1,P002
3,163926261,DUP00000032,DUP,164137030,3,164137030,210769,16,4,PRECISE,584,PASS,1/1,P002
1,198759091,DEL00000046,DEL,198866842,1,198866842,-107751,4,18,PRECISE,507,PASS,0/1,P002
13,8187763,DEL00000047,DEL,8298159,13,8298159,-110396,3,10,PRECISE,350,PASS,0/1,P002
5,5149670,BND00000009,BND,29849232,22,29849232,,39,5,PRECISE,977,PASS,0/1,P002
22,11479630,DEL00000048,DEL,11480680,22,11480680,-1050,1,18,PRECISE,382,PASS,1/1,P002
16,67772266,DEL00000049,DEL,69266521,16,69266521,-1494255,14,16,PRECISE,773,PASS,0/1,P002
17,74882590,BND00000010,BND,66502286,16,66502286,,21,4,PRECISE,578,PASS,0/1,P002
4,109583387,DEL00000050,DEL,109736758,4,109736758,-153371,39,4,PRECISE,1053,PASS,1/1,P002
4,182900678,BND00000011,BND,104234545,9,104234545,,36,24,PRECISE,1251,PASS,0/1,P002
7,123770356,DUP00000033,DUP,123776680,7,123776680,6324,37,16,PRECISE,1196,PASS,0/1,P002
14,89063507,BND00000012,BND,169549042,3,169549042,,0,19,PRECISE,509,PASS,0/1,P002
5,127867899,BND00000013,BND,92016418,9,92016418,,11,13,PRECISE,568,PASS,1/1,P002
X,143488942,DUP00000034,DUP,143613221,X,143613221,124279,5,24,PRECISE,756,PASS,1/1,P002
16,1898807,DUP00000035,DUP,1901947,16,1901947,3140,40,15,PRECISE,1161,PASS,1/1,P002
11,10924259,INS00000005,INS,10924260,11,10924260,1979,32,4,PRECISE,806,PASS,0/1,P002
18,40280098,BND00000014,BND,136087305,X,136087305,,17,24,PRECISE,903,PASS,0/1,P002
4,184883706,INV00000014,INV,190139491,4,190139491,5255785,3,20,PRECISE,551,PASS,1/1,P002
9,100984085,INV00000015,INV,100986005,9,100986005,1920,5,14,PRECISE,380,PASS,0/1,P002
3,160330317,BND00000015,BND,52063437,1,52063437,,39,8,PRECISE,1050,PASS,0/1,P002
20,43559590,INV00000016,INV,43561757,20,43561757,2167,16,23,PRECISE,867,PASS,0/1,P002
20,5918162,INV00000017,INV,6251658,20,6251658,333496,11,21,PRECISE,812,PASS,0/1,P002
8,117638321,INV00000018,INV,118512121,8,118512121,873800,15,13,PRECISE,658,PASS,1/1,P002
4,64695102,DUP00000036,DUP,65558933,4,65558933,863831,5,19,PRECISE,513,PASS,1/1,P002
15,49201215,INS00000006,INS,49201216,15,49201216,5353,7,14,PRECISE,549,PASS,1/1,P002
4,175103588,DEL00000051,DEL,175238061,4,175238061,-134473,32,11,PRECISE,980,PASS,0/1,P002
2,150489605,INV00000019,INV,150708018,2,150708018,218413,26,21,PRECISE,1101,PASS,0/1,P002
1,14830280,DEL00000001,DEL,21274635,1,21274635,-6444355,28,15,PRECISE,984,PASS,0/1,P003
1,21274636,DUP00000001,DUP,56186730,1,56186730,34912094,32,19,PRECISE,1169,PASS,0/1,P003
1,56186731,DUP00000002,DUP,57661939,1,57661939,1475208,8,16,PRECISE,672,PASS,0/1,P003
1,218269399,DUP00000003,DUP,222522584,1,222522584,4253185,30,25,PRECISE,1192,PASS,0/1,P003
1,222522585,DEL00000002,DEL,248956422,1,248956422,-26433837,37,22,PRECISE,1356,PASS,0/1,P003
3,186761036,DEL00000003,DEL,187742553,3,187742553,-981517,3,10,PRECISE,430,PASS,0/1,P003
3,187742554,DUP00000004,DUP,198295559,3,198295559,10553005,21,22,PRECISE,955,PASS,0/1,P003
4,120747619,DEL00000004,DEL,121837498,4,121837498,-1089879,27,1,IMPRECISE,715,PASS,0/1,P003
4,121837499,DUP00000005,DUP,128076174,4,128076174,6238675,19,23,PRECISE,1008,PASS,1/1,P003
4,128076175,DEL00000005,DEL,144307823,4,144307823,-16231648,33,23,PRECISE,1223,PASS,0/1,P003
4,144307824,DUP00000006,DUP,190214555,4,190214555,45906731,27,0,IMPRECISE,546,PASS,1/1,P003
5,48800001,DEL00000006,DEL,62891234,5,62891234,-14091233,32,13,PRECISE,1094,PASS,0/1,P003
5,62891235,DEL00000007,DEL,63432004,5,63432004,-540769,1,2,IMPRECISE,212,LowQual,0/1,P003
5,173698004,DEL00000008,DEL,174922202,5,174922202,-1224198,18,11,PRECISE,724,PASS,0/1,P003
5,174922203,DUP00000007,DUP,181538259,5,181538259,6616056,22,4,PRECISE,640,PASS,1/1,P003
6,49989920,DEL00000009,DEL,53929864,6,53929864,-3939944,19,7,PRECISE,715,PASS,0/1,P003
6,53929865,DUP00000008,DUP,89336682,6,89336682,35406817,38,2,IMPRECISE,824,PASS,0/1,P003
6,89336683,DUP00000009,DUP,92609979,6,92609979,3273296,29,0,IMPRECISE,594,PASS,1/1,P003
6,161187784,DEL00000010,DEL,162043727,6,162043727,-855943,40,13,PRECISE,1079,PASS,0/1,P003
6,162043728,DUP00000010,DUP,170805979,6,170805979,8762251,25,14,PRECISE,919,PASS,0/1,P003
8,6574975,DEL00000011,DEL,41650476,8,41650476,-35075501,14,3,IMPRECISE,342,PASS,1/1,P003
9,86889787,DUP00000011,DUP,93680247,9,93680247,6790460,24,2,IMPRECISE,710,PASS,0/1,P003
9,93680248,DEL00000012,DEL,138394717,9,138394717,-44714469,25,2,IMPRECISE,633,PASS,0/1,P003
11,58995783,DEL00000013,DEL,60414069,11,60414069,-1418286,23,1,IMPRECISE,560,PASS,0/1,P003
12,118151364,DEL00000014,DEL,120089781,12,120089781,-1938417,38,0,IMPRECISE,929,PASS,0/1,P003
12,120089782,DUP00000012,DUP,133275309,12,133275309,13185527,16,21,PRECISE,870,PASS,0/1,P003
13,7263469,DUP00000013,DUP,10267058,13,10267058,3003589,5,17,PRECISE,552,PASS,0/1,P003
13,10267059,DEL00000015,DEL,52220575,13,52220575,-41953516,28,10,PRECISE,852,PASS,0/1,P003
13,52220576,DUP00000014,DUP,57444533,13,57444533,5223957,22,9,PRECISE,752,PASS,0/1,P003
13,57444534,DEL00000016,DEL,95658806,13,95658806,-38214272,28,18,PRECISE,997,PASS,1/1,P003
13,95658807,DUP00000015,DUP,98019222,13,98019222,2360415,4,23,PRECISE,610,PASS,0/1,P003
13,98019223,DEL00000017,DEL,114364328,13,114364328,-16345105,4,6,PRECISE,342,PASS,1/1,P003
14,56560209,DEL00000018,DEL,56717210,14,56717210,-157001,15,19,PRECISE,878,PASS,1/1,P003
14,56717211,DUP00000016,DUP,86550754,14,86550754,29833543,21,0,IMPRECISE,429,PASS,0/1,P003
14,86550755,DUP00000017,DUP,100428605,14,100428605,13877850,14,8,PRECISE,534,PASS,1/1,P003
14,100428606,DEL00000019,DEL,107043718,14,107043718,-6615112,23,4,PRECISE,643,PASS,1/1,P003
15,38248744,DEL00000020,DEL,53482192,15,53482192,-15233448,15,15,PRECISE,771,PASS,0/1,P003
15,53482193,DUP00000018,DUP,65627231,15,65627231,12145038,3,15,PRECISE,522,PASS,0/1,P003
15,65627232,DUP00000019,DUP,70032552,15,70032552,4405320,14,3,IMPRECISE,433,PASS,0/1,P003
15,70032553,DEL00000021,DEL,101991189,15,101991189,-31958636,17,7,PRECISE,512,PASS,0/1,P003
16,8051334,DUP00000020,DUP,14471233,16,14471233,6419899,11,24,PRECISE,890,PASS,0/1,P003
16,14471234,DEL00000022,DEL,14795678,16,14795678,-324444,1,24,PRECISE,662,PASS,0/1,P003
16,14795679,DUP00000021,DUP,37677705,16,37677705,22882026,39,0,IMPRECISE,964,PASS,1/1,P003
16,37677706,DEL00000023,DEL,82899804,16,82899804,-45222098,14,17,PRECISE,627,PASS,1/1,P003
16,82899805,DEL00000024,DEL,84324906,16,84324906,-1425101,4,13,PRECISE,463,PASS,0/1,P003
16,84324907,DUP00000022,DUP,90338345,16,90338345,6013438,31,20,PRECISE,1209,PASS,0/1,P003
17,20234907,DEL00000025,DEL,20477184,17,20477184,-242277,0,8,PRECISE,190,PASS,0/1,P003
17,20477185,DUP00000023,DUP,21278866,17,21278866,801681,19,13,PRECISE,739,PASS,0/1,P003
17,21278867,DUP00000024,DUP,21694163,17,21694163,415296,20,0,IMPRECISE,493,PASS,0/1,P003
17,21694164,DEL00000026,DEL,25100000,17,25100000,-3405836,40,6,PRECISE,991,PASS,0/1,P003
17,25100001,DUP00000025,DUP,62262589,17,62262589,37162588,16,0,IMPRECISE,345,PASS,0/1,P003
17,62262590,DUP00000026,DUP,64197995,17,64197995,1935405,19,3,IMPRECISE,455,PASS,0/1,P003
17,64197996,DEL00000027,DEL,83257441,17,83257441,-19059445,19,1,IMPRECISE,466,PASS,0/1,P003
19,16786955,DUP00000027,DUP,17961000,19,17961000,1174045,38,18,PRECISE,1189,PASS,0/1,P003
19,17961001,DEL00000028,DEL,58617616,19,58617616,-40656615,1,19,PRECISE,402,PASS,1/1,P003
20,63467452,DUP00000028,DUP,64444167,20,64444167,976715,6,12,PRECISE,485,PASS,0/1,P003
21,200421,DUP00000029,DUP,21641482,21,21641482,21441061,14,7,PRECISE,448,PASS,0/1,P003
21,21641483,DEL00000029,DEL,46709983,21,46709983,-25068500,2,15,PRECISE,350,PASS,0/1,P003
22,6833026,DEL00000030,DEL,18664367,22,18664367,-11831341,35,19,PRECISE,1088,PASS,1/1,P003
22,18664368,DUP00000030,DUP,21006771,22,21006771,2342403,37,18,PRECISE,1120,PASS,1/1,P003
22,21006772,DEL00000031,DEL,22398197,22,22398197,-1391425,19,19,PRECISE,867,PASS,0/1,P003
22,22398198,DUP00000031,DUP,23109283,22,23109283,711085,18,22,PRECISE,939,PASS,0/1,P003
22,23109284,DEL00000032,DEL,45615567,22,45615567,-22506283,33,23,PRECISE,1152,PASS,0/1,P003
22,45615568,DUP00000032,DUP,50818468,22,50818468,5202900,18,7,PRECISE,555,PASS,0/1,P003
X,93711407,DEL00000033,DEL,94752240,X,94752240,-1040833,11,23,PRECISE,855,PASS,0/1,P003
11,41211553,INV00000001,INV,41594419,11,41594419,382866,5,9,PRECISE,446,PASS,0/1,P003
6,83624042,INV00000002,INV,83625150,6,83625150,1108,32,9,PRECISE,901,PASS,1/1,P003
16,70869853,DEL00000034,DEL,71420055,16,71420055,-550202,29,10,PRECISE,902,PASS,1/1,P003
X,53240371,DUP00000033,DUP,54959066,X,54959066,1718695,3,17,PRECISE,599,PASS,0/1,P003
22,43388817,INV00000003,INV,43800108,22,43800108,411291,10,1,IMPRECISE,368,PASS,0/1,P003
4,182065308,DEL00000035,DEL,182065642,4,182065642,-334,31,11,PRECISE,1015,PASS,1/1,P003
19,52383962,DEL00000036,DEL,52398434,19,52398434,-14472,17,6,PRECISE,580,PASS,0/1,P003
13,74433931,DEL00000037,DEL,74460380,13,74460380,-26449,29,12,PRECISE,893,PASS,1/1,P003
18,11767751,DUP00000034,DUP,12455673,18,12455673,687922,29,24,PRECISE,1149,PASS,0/1,P003
18,5536589,INS00000001,INS,5536590,18,5536590,3547,6,4,PRECISE,272,PASS,0/1,P003
4,62496374,BND00000001,BND,126427393,7,126427393,,24,10,PRECISE,698,PASS,1/1,P003
9,37120386,BND00000002,BND,74491247,17,74491247,,18,22,PRECISE,941,PASS,0/1,P003
13,17206159,DEL00000038,DEL,17259223,13,17259223,-53064,15,0,IMPRECISE,346,PASS,0/1,P003
9,51177653,INS00000002,INS,51177654,9,51177654,5188,11,18,PRECISE,726,PASS,0/1,P003
12,49530447,DEL00000039,DEL,50084608,12,50084608,-554161,28,22,PRECISE,1110,PASS,0/1,P003
9,111130572,INV00000004,INV,111352466,9,111352466,221894,3,11,PRECISE,473,PASS,0/1,P003
9,64375361,DEL00000040,DEL,64376419,9,64376419,-1058,16,17,PRECISE,691,PASS,0/1,P003
4,92572676,BND00000003,BND,55478286,9,55478286,,11,5,PRECISE,352,PASS,0/1,P003
3,57824652,DEL00000041,DEL,57832169,3,57832169,-7517,35,17,PRECISE,1175,PASS,1/1,P003
22,3277516,DEL00000042,DEL,3278052,22,3278052,-536,3,10,PRECISE,299,PASS,0/1,P003
8,104502578,DEL00000043,DEL,107597626,8,107597626,-3095048,30,13,PRECISE,861,PASS,0/1,P003
16,42735385,DEL00000044,DEL,43941405,16,43941405,-1206020,19,24,PRECISE,898,PASS,0/1,P003
10,128980607,DUP00000035,DUP,130355078,10,130355078,1374471,1,1,IMPRECISE,167,LowQual,1/1,P003
3,86515817,INS00000003,INS,86515818,3,86515818,3217,6,5,PRECISE,312,PASS,0/1,P003
3,44951587,DEL00000045,DEL,45034492,3,45034492,-82905,8,5,PRECISE,412,PASS,0/1,P003
13,27196393,INV00000005,INV,28531847,13,28531847,1335454,5,23,PRECISE,566,PASS,0/1,P003
17,1694583,DEL00000046,DEL,2395047,17,2395047,-700464,34,4,PRECISE,766,PASS,0/1,P003
22,25466725,DEL00000047,DEL,25469065,22,25469065,-2340,8,23,PRECISE,753,PASS,0/1,P003
7,66436316,BND00000004,BND,135061199,7,135061199,,10,19,PRECISE,701,PASS,0/1,P003
19,47352065,INS00000004,INS,47352066,19,47352066,3514,24,24,PRECISE,996,PASS,0/1,P003
1,17698134,INV00000006,INV,17721568,1,17721568,23434,35,22,PRECISE,1185,PASS,0/1,P003
19,29895153,BND00000005,BND,85746357,X,85746357,,21,12,PRECISE,780,PASS,0/1,P003
2,35632193,INV00000007,INV,35685113,2,35685113,52920,4,18,PRECISE,549,PASS,1/1,P003
20,17481606,BND00000006,BND,38189157,8,38189157,,28,7,PRECISE,843,PASS,0/1,P003
18,1624194,DEL00000048,DEL,1624620,18,1624620,-426,38,8,PRECISE,1081,PASS,0/1,P003
4,62094867,INV00000008,INV,65012127,4,65012127,2917260,14,0,IMPRECISE,384,PASS,0/1,P003
17,1169745,DEL00000049,DEL,2165193,17,2165193,-995448,18,21,PRECISE,877,PASS,0/1,P003
18,31738415,DUP00000036,DUP,31769635,18,31769635,31220,17,17,PRECISE,831,PASS,0/1,P003
15,74368959,DEL00000050,DEL,75838012,15,75838012,-1469053,15,7,PRECISE,460,PASS,0/1,P003
12,122417770,BND00000007,BND,113916770,1,113916770,,26,1,IMPRECISE,540,PASS,1/1,P003
19,40015545,INV00000009,INV,40017282,19,40017282,1737,35,17,PRECISE,1208,PASS,0/1,P003
5,84154370,INV00000010,INV,84168939,5,84168939,14569,4,15,PRECISE,546,PASS,0/1,P003
10,14923275,INS00000005,INS,14923276,10,14923276,2473,7,16,PRECISE,470,PASS,0/1,P003
1,61760083,INV00000011,INV,63168899,1,63168899,1408816,17,4,PRECISE,426,PASS,0/1,P003
17,68543350,DUP00000037,DUP,71581921,17,71581921,3038571,10,10,PRECISE,590,PASS,0/1,P003
21,43025395,BND00000008,BND,181770941,1,181770941,,14,20,PRECISE,771,PASS,0/1,P003
17,66788924,DEL00000051,DEL,69172959,17,69172959,-2384035,35,25,PRECISE,1323,PASS,1/1,P003
3,85942579,DEL00000052,DEL,89032696,3,89032696,-3090117,2,11,PRECISE,349,PASS,1/1,P003
1,78642882,INS00000006,INS,78642883,1,78642883,1066,24,10,PRECISE,877,PASS,1/1,P003
10,87175275,DUP00000038,DUP,87462413,10,87462413,287138,31,19,PRECISE,1107,PASS,0/1,P003
3,4818455,BND00000009,BND,29588093,17,29588093,,8,16,PRECISE,521,PASS,0/1,P003
6,18016094,INV00000012,INV,18576513,6,18576513,560419,10,6,PRECISE,403,PASS,0/1,P003
X,44612208,DEL00000053,DEL,44613755,X,44613755,-1547,15,7,PRECISE,599,PASS,0/1,P003
17,9060637,DEL00000054,DEL,9170648,17,9170648,-110011,7,20,PRECISE,639,PASS,0/1,P003
7,53719197,INV00000013,INV,54816981,7,54816981,1097784,36,2,IMPRECISE,824,PASS,0/1,P003
11,68788994,BND00000010,BND,32088370,9,32088370,,18,0,IMPRECISE,458,PASS,0/1,P003
14,87385614,DEL00000055,DEL,87394206,14,87394206,-8592,4,10,PRECISE,366,PASS,0/1,P003
9,44911588,DUP00000039,DUP,45864880,9,45864880,953292,20,19,PRECISE,884,PASS,0/1,P003
9,36846900,INS00000007,INS,36846901,9,36846901,206,31,23,PRECISE,1092,PASS,0/1,P003
13,20243418,INV00000014,INV,20651798,13,20651798,408380,30,0,IMPRECISE,711,PASS,0/1,P003
X,40438676,DUP00000040,DUP,40461602,X,40461602,22926,18,18,PRECISE,768,PASS,0/1,P003
14,63022714,DUP00000041,DUP,63028101,14,63028101,5387,18,22,PRECISE,835,PASS,0/1,P003
7,59099736,DEL00000056,DEL,59654116,7,59654116,-554380,11,1,IMPRECISE,355,PASS,0/1,P003
X,32025981,INV00000015,INV,36611576,X,36611576,4585595,0,8,PRECISE,320,PASS,0/1,P003
16,36128553,INV00000016,INV,36585730,16,36585730,457177,39,17,PRECISE,1290,PASS,1/1,P003
18,27471284,DEL00000057,DEL,27537567,18,27537567,-66283,26,13,PRECISE,952,PASS,0/1,P003
8,125029297,INV00000017,INV,125067732,8,125067732,38435,31,18,PRECISE,991,PASS,0/1,P003
13,104937446,DEL00000058,DEL,104939444,13,104939444,-1998,20,13,PRECISE,851,PASS,1/1,P003
17,20071567,INV00000018,INV,22321909,17,22321909,2250342,9,6,PRECISE,468,PASS,1/1,P003
12,80850353,INV00000019,INV,80852128,12,80852128,1775,4,19,PRECISE,468,PASS,0/1,P003
14,23253303,INV00000020,INV,23257611,14,23257611,4308,14,12,PRECISE,661,PASS,1/1,P003
11,56121213,DEL00000059,DEL,56130000,11,56130000,-8787,11,12,PRECISE,533,PASS,0/1,P003
5,60395772,BND00000011,BND,111156166,13,111156166,,14,3,IMPRECISE,476,PASS,0/1,P003
12,41121006,INV00000021,INV,41134093,12,41134093,13087,14,2,IMPRECISE,486,PASS,1/1,P003
12,26597837,DEL00000060,DEL,26630924,12,26630924,-33087,20,21,PRECISE,908,PASS,1/1,P003
4,180765054,DUP00000042,DUP,180767559,4,180767559,2505,1,18,PRECISE,468,PASS,0/1,P003
12,92284533,DEL00000061,DEL,92456479,12,92456479,-171946,21,8,PRECISE,702,PASS,1/1,P003
4,40273005,DEL00000062,DEL,41827979,4,41827979,-1554974,16,17,PRECISE,784,PASS,0/1,P003
11,95246171,INV00000022,INV,95779505,11,95779505,533334,3,20,PRECISE,615,PASS,0/1,P003
1,46156776,BND00000012,BND,2469461,20,2469461,,8,3,IMPRECISE,335,PASS,0/1,P003
11,32899813,INS00000008,INS,32899814,11,32899814,1313,13,7,PRECISE,476,PASS,0/1,P003
1,103642845,BND00000013,BND,42250344,7,42250344,,11,10,PRECISE,584,PASS,0/1,P003
11,45124210,INS00000009,INS,45124211,11,45124211,738,2,8,PRECISE,249,PASS,0/1,P003
10,70641425,DUP00000043,DUP,70729043,10,70729043,87618,15,15,PRECISE,662,PASS,0/1,P003
1,176565619,BND00000014,BND,72776781,10,72776781,,28,6,PRECISE,787,PASS,0/1,P003
1,7496324,DEL00000001,DEL,7987666,1,7987666,-491342,33,9,PRECISE,894,PASS,0/1,P004
1,166994426,DUP00000001,DUP,172943715,1,172943715,5949289,30,8,PRECISE,846,PASS,1/1,P004
1,172943716,DEL00000002,DEL,195726276,1,195726276,-22782560,5,0,IMPRECISE,266,LowQual,1/1,P004
1,195726277,DEL00000003,DEL,207019641,1,207019641,-11293364,23,2,IMPRECISE,681,PASS,1/1,P004
1,207019642,DUP00000002,DUP,240146441,1,240146441,33126799,12,10,PRECISE,559,PASS,1/1,P004
1,240146442,DUP00000003,DUP,243430681,1,243430681,3284239,28,11,PRECISE,958,PASS,0/1,P004
1,243430682,DEL00000004,DEL,248956422,1,248956422,-5525740,19,3,IMPRECISE,452,PASS,0/1,P004
2,97328,DUP00000004,DUP,8527572,2,8527572,8430244,38,1,IMPRECISE,808,PASS,0/1,P004
2,180320926,DUP00000005,DUP,183488055,2,183488055,3167129,7,18,PRECISE,592,PASS,1/1,P004
2,183488056,DEL00000005,DEL,194620833,2,194620833,-11132777,6,5,PRECISE,310,PASS,0/1,P004
2,194620834,DUP00000006,DUP,195496733,2,195496733,875899,21,8,PRECISE,751,PASS,0/1,P004
2,195496734,DEL00000006,DEL,242193529,2,242193529,-46696795,8,5,PRECISE,458,PASS,0/1,P004
3,22167617,DEL00000007,DEL,45533943,3,45533943,-23366326,34,22,PRECISE,1282,PASS,0/1,P004
3,45533944,DUP00000007,DUP,88517453,3,88517453,42983509,3,17,PRECISE,536,PASS,0/1,P004
3,88517454,DEL00000008,DEL,90316685,3,90316685,-1799231,5,24,PRECISE,592,PASS,0/1,P004
3,90316686,DUP00000008,DUP,134958989,3,134958989,44642303,22,20,PRECISE,866,PASS,0/1,P004
3,134958990,DEL00000009,DEL,156357511,3,156357511,-21398521,30,19,PRECISE,1071,PASS,0/1,P004
3,156357512,DUP00000009,DUP,172810021,3,172810021,16452509,0,24,PRECISE,559,PASS,1/1,P004
3,172810022,DEL00000010,DEL,196385974,3,196385974,-23575952,29,9,PRECISE,842,PASS,0/1,P004
3,196385975,DUP00000010,DUP,198295559,3,198295559,1909584,9,18,PRECISE,660,PASS,0/1,P004
4,33232571,DUP00000011,DUP,39411012,4,39411012,6178441,11,2,IMPRECISE,356,PASS,0/1,P004
4,39411013,DEL00000011,DEL,55231360,4,55231360,-15820347,10,3,IMPRECISE,278,PASS,0/1,P004
4,55231361,DUP00000012,DUP,61997969,4,61997969,6766608,27,15,PRECISE,930,PASS,0/1,P004
4,61997970,DEL00000012,DEL,99095464,4,99095464,-37097494,26,10,PRECISE,723,PASS,0/1,P004
4,99095465,DUP00000013,DUP,103482852,4,103482852,4387387,32,20,PRECISE,1116,PASS,0/1,P004
4,103482853,DEL00000013,DEL,117004991,4,117004991,-13522138,26,5,PRECISE,627,PASS,0/1,P004
4,117004992,DUP00000014,DUP,139642342,4,139642342,22637350,7,8,PRECISE,443,PASS,0/1,P004
5,13559124,DEL00000014,DEL,14656151,5,14656151,-1097027,5,4,PRECISE,185,PASS,1/1,P004
5,14656152,DUP00000015,DUP,53659607,5,53659607,39003455,32,7,PRECISE,799,PASS,0/1,P004
5,53659608,DEL00000015,DEL,55211017,5,55211017,-1551409,26,21,PRECISE,966,PASS,0/1,P004
5,55211018,DUP00000016,DUP,88624065,5,88624065,33413047,1,15,PRECISE,451,PASS,0/1,P004
5,88624066,DUP00000017,DUP,96617541,5,96617541,7993475,9,2,IMPRECISE,410,PASS,0/1,P004
5,96617542,DEL00000016,DEL,113473254,5,113473254,-16855712,16,4,PRECISE,413,PASS,1/1,P004
5,113473255,DEL00000017,DEL,114131394,5,114131394,-658139,8,7,PRECISE,340,PASS,0/1,P004
5,114131395,DUP00000018,DUP,162670293,5,162670293,48538898,26,23,PRECISE,1069,PASS,0/1,P004
5,162670294,DUP00000019,DUP,181538259,5,181538259,18867965,17,11,PRECISE,625,PASS,0/1,P004
7,63237796,DUP00000020,DUP,67262677,7,67262677,4024881,23,20,PRECISE,920,PASS,0/1,P004
7,67262678,DEL00000018,DEL,108672101,7,108672101,-41409423,13,23,PRECISE,854,PASS,1/1,P004
7,108672102,DUP00000021,DUP,109042985,7,109042985,370883,28,10,PRECISE,872,PASS,0/1,P004
7,109042986,DEL00000019,DEL,127472669,7,127472669,-18429683,32,21,PRECISE,1109,PASS,0/1,P004
7,127472670,DEL00000020,DEL,135369075,7,135369075,-7896405,7,0,IMPRECISE,255,PASS,0/1,P004
7,135369076,DUP00000022,DUP,159345973,7,159345973,23976897,8,24,PRECISE,798,PASS,0/1,P004
8,44606118,DUP00000023,DUP,54979580,8,54979580,10373462,0,5,PRECISE,265,LowQual,0/1,P004
8,54979581,DEL00000021,DEL,66805386,8,66805386,-11825805,27,15,PRECISE,1040,PASS,1/1,P004
8,66805387,DEL00000022,DEL,81582284,8,81582284,-14776897,38,15,PRECISE,1260,PASS,0/1,P004
8,81582285,DUP00000024,DUP,98972427,8,98972427,17390142,0,21,PRECISE,560,PASS,1/1,P004
8,98972428,DEL00000023,DEL,104222892,8,104222892,-5250464,26,0,IMPRECISE,538,PASS,0/1,P004
8,104222893,DUP00000025,DUP,108754099,8,108754099,4531206,22,10,PRECISE,673,PASS,0/1,P004
8,108754100,DUP00000026,DUP,109346566,8,109346566,592466,15,10,PRECISE,588,PASS,0/1,P004
8,109346567,DEL00000024,DEL,113871261,8,113871261,-4524694,37,16,PRECISE,1254,PASS,0/1,P004
8,113871262,DUP00000027,DUP,120430812,8,120430812,6559550,13,0,IMPRECISE,397,PASS,1/1,P004
8,120430813,DEL00000025,DEL,134513490,8,134513490,-14082677,1,18,PRECISE,565,PASS,1/1,P004
8,134513491,DEL00000026,DEL,134681552,8,134681552,-168061,36,11,PRECISE,1055,PASS,1/1,P004
8,134681553,DUP00000028,DUP,145138636,8,145138636,10457083,24,21,PRECISE,942,PASS,0/1,P004
9,34786515,DUP00000029,DUP,35137827,9,35137827,351312,37,14,PRECISE,1079,PASS,0/1,P004
9,35137828,DEL00000027,DEL,60754139,9,60754139,-25616311,4,24,PRECISE,609,PASS,0/1,P004
9,60754140,DEL00000028,DEL,61114538,9,61114538,-360398,11,8,PRECISE,397,PASS,1/1,P004
9,61114539,DUP00000030,DUP,78358956,9,78358956,17244417,21,1,IMPRECISE,574,PASS,1/1,P004
9,78358957,DUP00000031,DUP,79292893,9,79292893,933936,12,12,PRECISE,580,PASS,0/1,P004
10,18897988,DUP00000032,DUP,28615387,10,28615387,9717399,39,17,PRECISE,1289,PASS,0/1,P004
10,28615388,DEL00000029,DEL,36910705,10,36910705,-8295317,11,6,PRECISE,537,PASS,0/1,P004
10,36910706,DUP00000033,DUP,38439715,10,38439715,1529009,2,22,PRECISE,576,PASS,1/1,P004
10,38439716,DEL00000030,DEL,44991925,10,44991925,-6552209,28,23,PRECISE,1087,PASS,1/1,P004
10,44991926,DUP00000034,DUP,69680137,10,69680137,24688211,39,23,PRECISE,1290,PASS,1/1,P004
10,69680138,DEL00000031,DEL,89568960,10,89568960,-19888822,34,21,PRECISE,1269,PASS,0/1,P004
10,89568961,DUP00000035,DUP,90015493,10,90015493,446532,8,4,PRECISE,305,PASS,0/1,P004
10,90015494,DEL00000032,DEL,107776977,10,107776977,-17761483,4,2,IMPRECISE,304,PASS,0/1,P004
10,107776978,DEL00000033,DEL,108245189,10,108245189,-468211,34,20,PRECISE,1140,PASS,0/1,P004
10,108245190,DUP00000036,DUP,112019743,10,112019743,3774553,22,6,PRECISE,721,PASS,0/1,P004
10,112019744,DUP00000037,DUP,112881622,10,112881622,861878,24,11,PRECISE,822,PASS,0/1,P004
10,112881623,DEL00000034,DEL,133797422,10,133797422,-20915799,38,1,IMPRECISE,968,PASS,0/1,P004
11,15312512,DUP00000038,DUP,45147036,11,45147036,29834524,26,10,PRECISE,742,PASS,0/1,P004
11,45147037,DEL00000035,DEL,60286828,11,60286828,-15139791,36,20,PRECISE,1183,PASS,0/1,P004
11,60286829,DEL00000036,DEL,61270128,11,61270128,-983299,7,18,PRECISE,690,PASS,0/1,P004
12,1014747,DEL00000037,DEL,3181687,12,3181687,-2166940,39,18,PRECISE,1143,PASS,0/1,P004
12,69184386,DUP00000039,DUP,84833679,12,84833679,15649293,1,3,IMPRECISE,215,LowQual,1/1,P004
12,84833680,DEL00000038,DEL,97373334,12,97373334,-12539654,20,15,PRECISE,731,PASS,0/1,P004
12,97373335,DUP00000040,DUP,133275309,12,133275309,35901974,2,0,IMPRECISE,197,LowQual,0/1,P004
14,35942085,DUP00000041,DUP,64054989,14,64054989,28112904,2,13,PRECISE,323,PASS,0/1,P004
14,64054990,DEL00000039,DEL,68213704,14,68213704,-4158714,22,3,IMPRECISE,543,PASS,0/1,P004
14,68213705,DUP00000042,DUP,69160640,14,69160640,946935,11,17,PRECISE,608,PASS,0/1,P004
14,69160641,DEL00000040,DEL,69494024,14,69494024,-333383,1,16,PRECISE,535,PASS,0/1,P004
14,69494025,DUP00000043,DUP,85429761,14,85429761,15935736,13,24,PRECISE,924,PASS,0/1,P004
14,85429762,DUP00000044,DUP,86827318,14,86827318,1397556,10,9,PRECISE,470,PASS,0/1,P004
14,86827319,DEL00000041,DEL,97544946,14,97544946,-10717627,36,1,IMPRECISE,857,PASS,0/1,P004
14,97544947,DUP00000045,DUP,103413081,14,103413081,5868134,25,13,PRECISE,826,PASS,0/1,P004
14,103413082,DEL00000042,DEL,107043718,14,107043718,-3630636,30,24,PRECISE,1175,PASS,0/1,P004
15,30816987,DEL00000043,DEL,48489882,15,48489882,-17672895,23,1,IMPRECISE,503,PASS,0/1,P004
15,48489883,DUP00000046,DUP,74403151,15,74403151,25913268,27,24,PRECISE,1187,PASS,0/1,P004
15,74403152,DEL00000044,DEL,75515834,15,75515834,-1112682,9,1,IMPRECISE,378,PASS,0/1,P004
15,75515835,DUP00000047,DUP,101991189,15,101991189,26475354,24,8,PRECISE,736,PASS,0/1,P004
16,48806429,DEL00000045,DEL,49402535,16,49402535,-596106,20,17,PRECISE,932,PASS,0/1,P004
16,49402536,DUP00000048,DUP,90338345,16,90338345,40935809,21,16,PRECISE,791,PASS,0/1,P004
17,6343883,DUP00000049,DUP,16650081,17,16650081,10306198,9,5,PRECISE,431,PASS,0/1,P004
17,16650082,DEL00000046,DEL,25100000,17,25100000,-8449918,33,20,PRECISE,1128,PASS,0/1,P004
17,25100001,DUP00000050,DUP,43582159,17,43582159,18482158,20,17,PRECISE,760,PASS,0/1,P004
17,43582160,DUP00000051,DUP,44136455,17,44136455,554295,12,13,PRECISE,515,PASS,0/1,P004
17,44136456,DEL00000047,DEL,55685536,17,55685536,-11549080,3,10,PRECISE,293,PASS,0/1,P004
17,55685537,DUP00000052,DUP,83257441,17,83257441,27571904,26,20,PRECISE,1094,PASS,0/1,P004
18,18500001,DEL00000048,DEL,27113337,18,27113337,-8613336,15,9,PRECISE,617,PASS,0/1,P004
18,27113338,DUP00000053,DUP,28079638,18,28079638,966300,6,11,PRECISE,482,PASS,0/1,P004
19,31372564,DEL00000049,DEL,35619506,19,35619506,-4246942,9,8,PRECISE,401,PASS,0/1,P004
19,35619507,DUP00000054,DUP,36385375,19,36385375,765868,30,20,PRECISE,1161,PASS,0/1,P004
19,36385376,DUP00000055,DUP,44206468,19,44206468,7821092,3,13,PRECISE,514,PASS,0/1,P004
19,44206469,DEL00000050,DEL,58617616,19,58617616,-14411147,35,9,PRECISE,993,PASS,0/1,P004
20,30563604,DEL00000051,DEL,35111159,20,35111159,-4547555,2,25,PRECISE,702,PASS,1/1,P004
20,35111160,DUP00000056,DUP,61952690,20,61952690,26841530,24,16,PRECISE,832,PASS,0/1,P004
20,61952691,DEL00000052,DEL,62078963,20,62078963,-126272,33,17,PRECISE,1061,PASS,0/1,P004
20,62078964,DUP00000057,DUP,64444167,20,64444167,2365203,18,5,PRECISE,578,PASS,0/1,P004
22,15481265,DEL00000053,DEL,15951098,22,15951098,-469833,32,2,IMPRECISE,871,PASS,0/1,P004
22,15951099,DUP00000058,DUP,35728437,22,35728437,19777338,1,23,PRECISE,676,PASS,0/1,P004
22,35728438,DUP00000059,DUP,36399239,22,36399239,670801,12,14,PRECISE,668,PASS,0/1,P004
22,36399240,DEL00000054,DEL,50818468,22,50818468,-14419228,17,18,PRECISE,734,PASS,0/1,P004
19,22995453,DEL00000055,DEL,23026172,19,23026172,-30719,23,5,PRECISE,696,PASS,0/1,P004
10,74423138,BND00000001,BND,18246438,22,18246438,,3,12,PRECISE,401,PASS,0/1,P004
17,65234838,DEL00000056,DEL,65613115,17,65613115,-378277,7,25,PRECISE,820,PASS,0/1,P004
15,54447175,DEL00000057,DEL,55602466,15,55602466,-1155291,39,16,PRECISE,1252,PASS,0/1,P004
6,17226839,INV00000001,INV,17234599,6,17234599,7760,8,8,PRECISE,337,PASS,0/1,P004
13,100070400,INV00000002,INV,100071774,13,100071774,1374,23,12,PRECISE,786,PASS,0/1,P004
2,71991522,BND00000002,BND,103891199,5,103891199,,37,9,PRECISE,922,PASS,0/1,P004
19,31218598,BND00000003,BND,44617415,X,44617415,,21,20,PRECISE,895,PASS,0/1,P004
6,37368814,DEL00000058,DEL,37391799,6,37391799,-22985,25,15,PRECISE,975,PASS,0/1,P004
13,97362335,DUP00000060,DUP,97376086,13,97376086,13751,8,25,PRECISE,702,PASS,0/1,P004
12,90124187,INS00000001,INS,90124188,12,90124188,4640,31,22,PRECISE,1237,PASS,0/1,P004
X,114798407,BND00000004,BND,58098530,12,58098530,,17,7,PRECISE,655,PASS,0/1,P004
13,87921199,DUP00000061,DUP,87935581,13,87935581,14382,32,12,PRECISE,1004,PASS,0/1,P004
17,19268940,DUP00000062,DUP,19411390,17,19411390,142450,5,25,PRECISE,703,PASS,0/1,P004
12,66819981,DEL00000059,DEL,67861244,12,67861244,-1041263,1,17,PRECISE,552,PASS,0/1,P004
19,21280170,BND00000005,BND,79546750,5,79546750,,3,12,PRECISE,318,PASS,1/1,P004
16,17617854,INV00000003,INV,17778923,16,17778923,161069,40,24,PRECISE,1478,PASS,0/1,P004
18,65085850,INV00000004,INV,65552403,18,65552403,466553,12,4,PRECISE,329,PASS,1/1,P004
5,4879465,BND00000006,BND,96365470,15,96365470,,27,22,PRECISE,1128,PASS,0/1,P004
17,27641337,DUP00000063,DUP,28242296,17,28242296,600959,1,9,PRECISE,371,PASS,0/1,P004
X,53457996,DUP00000064,DUP,53461330,X,53461330,3334,15,20,PRECISE,762,PASS,0/1,P004
16,16561377,INV00000005,INV,16583603,16,16583603,22226,26,3,IMPRECISE,698,PASS,1/1,P004
6,136549465,INV00000006,INV,138046102,6,138046102,1496637,34,23,PRECISE,1301,PASS,0/1,P004
8,99926735,DEL00000060,DEL,99927669,8,99927669,-934,18,11,PRECISE,755,PASS,0/1,P004
2,138883600,INS00000002,INS,138883601,2,138883601,2068,19,2,IMPRECISE,479,PASS,0/1,P004
19,19152576,BND00000007,BND,27233807,17,27233807,,18,1,IMPRECISE,568,PASS,0/1,P004
17,53122924,BND00000008,BND,231546940,2,231546940,,25,17,PRECISE,898,PASS,0/1,P004
22,48209859,INV00000007,INV,48323363,22,48323363,113504,26,22,PRECISE,1094,PASS,0/1,P004
17,49256457,INV00000008,INV,49258095,17,49258095,1638,22,0,IMPRECISE,581,PASS,0/1,P004
3,174755749,DEL00000061,DEL,174760529,3,174760529,-4780,26,23,PRECISE,1035,PASS,0/1,P004
13,29845372,BND00000009,BND,9836263,17,9836263,,40,3,IMPRECISE,931,PASS,1/1,P004
9,131868169,BND00000010,BND,35730776,X,35730776,,22,20,PRECISE,955,PASS,0/1,P004
3,58518656,DEL00000062,DEL,58519297,3,58519297,-641,34,21,PRECISE,1184,PASS,0/1,P004
16,61512637,INS00000003,INS,61512638,16,61512638,4078,21,19,PRECISE,836,PASS,0/1,P004
3,92641187,DUP00000065,DUP,92739051,3,92739051,97864,23,3,IMPRECISE,531,PASS,0/1,P004
12,79633661,DUP00000066,DUP,79644055,12,79644055,10394,34,12,PRECISE,1039,PASS,0/1,P004
X,103683054,BND00000011,BND,37020409,6,37020409,,22,16,PRECISE,917,PASS,0/1,P004
11,34149534,INV00000009,INV,34274375,11,34274375,124841,40,10,PRECISE,1080,PASS,0/1,P004
15,86073081,INV00000010,INV,86082487,15,86082487,9406,0,17,PRECISE,463,PASS,0/1,P004
11,7796285,INV00000011,INV,7798784,11,7798784,2499,39,10,PRECISE,1007,PASS,1/1,P004
13,107239382,INS00000004,INS,107239383,13,107239383,1071,19,16,PRECISE,872,PASS,1/1,P004
14,85180077,BND00000012,BND,165932769,5,165932769,,26,20,PRECISE,1089,PASS,0/1,P004
6,39538213,DUP00000067,DUP,39606925,6,39606925,68712,0,18,PRECISE,499,PASS,0/1,P004
13,46785990,DEL00000063,DEL,46787140,13,46787140,-1150,13,3,IMPRECISE,363,PASS,0/1,P004
6,130310914,BND00000013,BND,71127225,11,71127225,,17,2,IMPRECISE,550,PASS,0/1,P004
20,18965012,DEL00000064,DEL,20330415,20,20330415,-1365403,17,21,PRECISE,767,PASS,0/1,P004
2,142723386,BND00000014,BND,81882892,15,81882892,,28,24,PRECISE,1220,PASS,0/1,P004
21,42661854,BND00000015,BND,31621382,4,31621382,,40,8,PRECISE,1144,PASS,0/1,P004
18,43945172,INS00000005,INS,43945173,18,43945173,613,20,25,PRECISE,1040,PASS,0/1,P004
22,16477926,BND00000016,BND,111009101,6,111009101,,4,6,PRECISE,200,PASS,0/1,P004
5,26637371,DEL00000065,DEL,26637725,5,26637725,-354,9,7,PRECISE,370,PASS,0/1,P004
1,74960802,INV00000012,INV,75732856,1,75732856,772054,14,3,IMPRECISE,463,PASS,1/1,P004
15,3046044,DEL00000066,DEL,3051298,15,3051298,-5254,17,2,IMPRECISE,560,PASS,0/1,P004
18,16793252,DEL00000067,DEL,17110251,18,17110251,-316999,3,23,PRECISE,610,PASS,1/1,P004
6,77253614,INV00000013,INV,82475198,6,82475198,5221584,8,24,PRECISE,809,PASS,0/1,P004
6,91211541,INS00000006,INS,91211542,6,91211542,1662,15,4,PRECISE,485,PASS,0/1,P004
6,116244695,DEL00000068,DEL,116247763,6,116247763,-3068,0,8,PRECISE,284,PASS,1/1,P004
21,42948490,BND00000017,BND,130995893,3,130995893,,5,22,PRECISE,584,PASS,0/1,P004
10,28247111,DEL00000069,DEL,28249638,10,28249638,-2527,6,21,PRECISE,575,PASS,1/1,P004
14,49531169,BND00000018,BND,24307417,20,24307417,,3,3,IMPRECISE,180,PASS,0/1,P004
X,42675553,INV00000014,INV,45478878,X,45478878,2803325,17,20,PRECISE,826,PASS,1/1,P004
5,177704155,INV00000015,INV,178791490,5,178791490,1087335,8,13,PRECISE,561,PASS,0/1,P004
3,147533169,INV00000016,INV,147593518,3,147593518,60349,3,5,PRECISE,214,PASS,0/1,P004
X,67602686,DEL00000070,DEL,68546376,X,68546376,-943690,26,11,PRECISE,802,PASS,0/1,P004
10,3843393,INS00000007,INS,3843394,10,3843394,5398,8,13,PRECISE,528,PASS,1/1,P004
13,49651900,INS00000008,INS,49651901,13,49651901,4441,8,0,IMPRECISE,296,PASS,0/1,P004
3,141725493,BND00000019,BND,17045860,18,17045860,,4,6,PRECISE,393,PASS,0/1,P004
18,78383066,DEL00000071,DEL,78422221,18,78422221,-39155,38,17,PRECISE,1190,PASS,1/1,P004
13,7397966,INV00000017,INV,7790754,13,7790754,392788,32,19,PRECISE,1107,PASS,0/1,P004
20,11407054,DEL00000072,DEL,12184016,20,12184016,-776962,10,9,PRECISE,526,PASS,1/1,P004
9,11647637,INS00000009,INS,11647638,9,11647638,1099,1,25,PRECISE,525,PASS,0/1,P004
11,43544022,DEL00000073,DEL,44876076,11,44876076,-1332054,4,19,PRECISE,570,PASS,0/1,P004
14,64385702,DEL00000074,DEL,64386998,14,64386998,-1296,23,15,PRECISE,916,PASS,1/1,P004
X,85240119,INV00000018,INV,85247611,X,85247611,7492,3,7,PRECISE,317,PASS,1/1,P004
19,28309511,DUP00000068,DUP,31451668,19,31451668,3142157,27,7,PRECISE,790,PASS,0/1,P004
X,105608673,DEL00000075,DEL,105716751,X,105716751,-108078,13,14,PRECISE,701,PASS,0/1,P004
4,93059218,INS00000010,INS,93059219,4,93059219,4253,36,4,PRECISE,958,PASS,1/1,P004
12,37377583,DEL00000076,DEL,37378140,12,37378140,-557,30,3,IMPRECISE,741,PASS,0/1,P004
13,15640780,DEL00000077,DEL,15707766,13,15707766,-66986,13,3,IMPRECISE,434,PASS,0/1,P004
19,53854235,BND00000020,BND,49263350,18,49263350,,11,11,PRECISE,554,PASS,0/1,P004
21,8199664,DEL00000078,DEL,8247218,21,8247218,-47554,8,5,PRECISE,409,PASS,0/1,P004
2,190483344,INS00000011,INS,190483345,2,190483345,1203,1,5,PRECISE,264,PASS,0/1,P004
5,63612194,DEL00000079,DEL,63615022,5,63615022,-2828,2,12,PRECISE,283,PASS,1/1,P004
11,13747463,DUP00000069,DUP,16883287,11,16883287,3135824,19,17,PRECISE,893,PASS,1/1,P004
1,19261936,DEL00000001,DEL,58508702,1,58508702,-39246766,26,1,IMPRECISE,653,PASS,1/1,P005
1,58508703,DUP00000001,DUP,60823599,1,60823599,2314896,8,13,PRECISE,570,PASS,0/1,P005
1,60823600,DUP00000002,DUP,66438444,1,66438444,5614844,35,17,PRECISE,1128,PASS,1/1,P005
2,130964552,DEL00000002,DEL,132524247,2,132524247,-1559695,34,16,PRECISE,1176,PASS,0/1,P005
3,58785208,DEL00000003,DEL,60649363,3,60649363,-1864155,28,14,PRECISE,976,PASS,0/1,P005
3,60649364,DUP00000003,DUP,68821894,3,68821894,8172530,7,1,IMPRECISE,186,PASS,1/1,P005
3,68821895,DUP00000004,DUP,71005898,3,71005898,2184003,11,8,PRECISE,541,PASS,1/1,P005
3,71005899,DEL00000004,DEL,90900000,3,90900000,-19894101,25,23,PRECISE,1045,PASS,1/1,P005
4,23433821,DUP00000005,DUP,51479247,4,51479247,28045426,20,23,PRECISE,1054,PASS,0/1,P005
4,162283707,DEL00000005,DEL,190214555,4,190214555,-27930848,25,3,IMPRECISE,629,PASS,0/1,P005
5,38561703,DEL00000006,DEL,41042966,5,41042966,-2481263,2,9,PRECISE,259,PASS,0/1,P005
5,41042967,DUP00000006,DUP,77689885,5,77689885,36646918,11,9,PRECISE,513,PASS,0/1,P005
5,77689886,DUP00000007,DUP,79318229,5,79318229,1628343,34,5,PRECISE,848,PASS,0/1,P005
5,79318230,DEL00000007,DEL,102320289,5,102320289,-23002059,31,0,IMPRECISE,630,PASS,0/1,P005
5,102320290,DUP00000008,DUP,135707462,5,135707462,33387172,1,20,PRECISE,548,PASS,1/1,P005
5,135707463,DEL00000008,DEL,151296049,5,151296049,-15588586,12,18,PRECISE,742,PASS,0/1,P005
5,151296050,DEL00000009,DEL,151578589,5,151578589,-282539,11,13,PRECISE,675,PASS,0/1,P005
5,151578590,DUP00000009,DUP,181538259,5,181538259,29959669,4,7,PRECISE,418,PASS,1/1,P005
6,21573172,DUP00000010,DUP,23559828,6,23559828,1986656,12,21,PRECISE,700,PASS,0/1,P005
6,23559829,DEL00000010,DEL,29586075,6,29586075,-6026246,12,0,IMPRECISE,437,PASS,0/1,P005
6,29586076,DUP00000011,DUP,47641935,6,47641935,18055859,28,4,PRECISE,745,PASS,0/1,P005
6,47641936,DEL00000011,DEL,48324929,6,48324929,-682993,17,5,PRECISE,456,PASS,1/1,P005
6,48324930,DUP00000012,DUP,87612170,6,87612170,39287240,32,10,PRECISE,940,PASS,0/1,P005
6,87612171,DEL00000012,DEL,87966943,6,87966943,-354772,7,12,PRECISE,407,PASS,1/1,P005
6,158345672,DUP00000013,DUP,161711497,6,161711497,3365825,9,18,PRECISE,547,PASS,0/1,P005
6,161711498,DEL00000013,DEL,170805979,6,170805979,-9094481,35,4,PRECISE,944,PASS,0/1,P005
7,106341550,DEL00000014,DEL,106675234,7,106675234,-333684,13,22,PRECISE,816,PASS,0/1,P005
8,480369,DUP00000014,DUP,3681390,8,3681390,3201021,2,14,PRECISE,388,PASS,1/1,P005
8,3681391,DEL00000015,DEL,24925066,8,24925066,-21243675,19,17,PRECISE,819,PASS,0/1,P005
8,24925067,DUP00000015,DUP,53921946,8,53921946,28996879,10,7,PRECISE,364,PASS,0/1,P005
8,53921947,DUP00000016,DUP,57735429,8,57735429,3813482,20,9,PRECISE,764,PASS,1/1,P005
8,57735430,DEL00000016,DEL,62823033,8,62823033,-5087603,36,22,PRECISE,1211,PASS,0/1,P005
8,62823034,DUP00000017,DUP,71083154,8,71083154,8260120,26,22,PRECISE,1078,PASS,1/1,P005
8,71083155,DEL00000017,DEL,73357987,8,73357987,-2274832,9,8,PRECISE,462,PASS,1/1,P005
9,43000001,DUP00000018,DUP,56321890,9,56321890,13321889,28,23,PRECISE,1160,PASS,0/1,P005
9,56321891,DUP00000019,DUP,57812013,9,57812013,1490122,37,18,PRECISE,1156,PASS,0/1,P005
9,57812014,DEL00000018,DEL,63142363,9,63142363,-5330349,31,17,PRECISE,1065,PASS,0/1,P005
9,63142364,DUP00000020,DUP,65041098,9,65041098,1898734,12,2,IMPRECISE,369,PASS,0/1,P005
9,65041099,DEL00000019,DEL,73331765,9,73331765,-8290666,33,24,PRECISE,1335,PASS,0/1,P005
9,73331766,DUP00000021,DUP,73856420,9,73856420,524654,27,0,IMPRECISE,636,PASS,0/1,P005
9,73856421,DEL00000020,DEL,91646353,9,91646353,-17789932,33,19,PRECISE,1132,PASS,1/1,P005
9,91646354,DUP00000022,DUP,98446312,9,98446312,6799958,33,24,PRECISE,1234,PASS,0/1,P005
9,98446313,DEL00000021,DEL,116381370,9,116381370,-17935057,7,5,PRECISE,240,PASS,0/1,P005
9,116381371,DEL00000022,DEL,125434888,9,125434888,-9053517,4,3,IMPRECISE,322,PASS,0/1,P005
9,125434889,DUP00000023,DUP,128282106,9,128282106,2847217,35,8,PRECISE,967,PASS,0/1,P005
9,128282107,DEL00000023,DEL,138394717,9,138394717,-10112610,32,21,PRECISE,1198,PASS,0/1,P005
10,35873210,DUP00000024,DUP,37710495,10,37710495,1837285,22,18,PRECISE,950,PASS,0/1,P005
10,37710496,DEL00000024,DEL,38258875,10,38258875,-548379,19,10,PRECISE,719,PASS,1/1,P005
10,38258876,DUP00000025,DUP,59937215,10,59937215,21678339,28,20,PRECISE,1073,PASS,1/1,P005
10,59937216,DEL00000025,DEL,60044626,10,60044626,-107410,17,12,PRECISE,631,PASS,0/1,P005
10,60044627,DUP00000026,DUP,64331336,10,64331336,4286709,40,15,PRECISE,1151,PASS,0/1,P005
11,16541072,DUP00000027,DUP,18013317,11,18013317,1472245,3,9,PRECISE,413,PASS,0/1,P005
11,18013318,DEL00000026,DEL,61178403,11,61178403,-43165085,9,0,IMPRECISE,181,PASS,1/1,P005
11,61178404,DUP00000028,DUP,64166243,11,64166243,2987839,35,18,PRECISE,1236,PASS,0/1,P005
11,64166244,DEL00000027,DEL,99289149,11,99289149,-35122905,8,7,PRECISE,395,PASS,0/1,P005
11,99289150,DEL00000028,DEL,100435389,11,100435389,-1146239,27,11,PRECISE,779,PASS,0/1,P005
11,100435390,DUP00000029,DUP,118419953,11,118419953,17984563,5,15,PRECISE,453,PASS,1/1,P005
11,118419954,DEL00000029,DEL,119408577,11,119408577,-988623,21,8,PRECISE,596,PASS,0/1,P005
11,119408578,DUP00000030,DUP,123899556,11,123899556,4490978,30,15,PRECISE,947,PASS,0/1,P005
11,123899557,DUP00000031,DUP,124571229,11,124571229,671672,2,23,PRECISE,556,PASS,0/1,P005
11,124571230,DEL00000030,DEL,128258489,11,128258489,-3687259,17,7,PRECISE,625,PASS,0/1,P005
11,128258490,DEL00000031,DEL,128616808,11,128616808,-358318,0,3,IMPRECISE,117,LowQual,1/1,P005
11,128616809,DUP00000032,DUP,135086622,11,135086622,6469813,16,9,PRECISE,515,PASS,0/1,P005
12,10925106,DEL00000032,DEL,12873923,12,12873923,-1948817,27,11,PRECISE,858,PASS,0/1,P005
12,64894883,DUP00000033,DUP,66774848,12,66774848,1879965,6,21,PRECISE,583,PASS,0/1,P005
12,66774849,DEL00000033,DEL,68802035,12,68802035,-2027186,13,1,IMPRECISE,284,PASS,1/1,P005
12,68802036,DEL00000034,DEL,86168347,12,86168347,-17366311,33,3,IMPRECISE,903,PASS,0/1,P005
12,86168348,DUP00000034,DUP,126066923,12,126066923,39898575,38,6,PRECISE,962,PASS,0/1,P005
12,126066924,DEL00000035,DEL,128541601,12,128541601,-2474677,20,15,PRECISE,710,PASS,0/1,P005
12,128541602,DUP00000035,DUP,133275309,12,133275309,4733707,7,4,PRECISE,418,PASS,0/1,P005
13,17700001,DEL00000036,DEL,43638193,13,43638193,-25938192,21,6,PRECISE,577,PASS,0/1,P005
13,43638194,DEL00000037,DEL,43981477,13,43981477,-343283,37,4,PRECISE,861,PASS,0/1,P005
13,43981478,DUP00000036,DUP,79514290,13,79514290,35532812,30,11,PRECISE,905,PASS,0/1,P005
13,79514291,DUP00000037,DUP,114364328,13,114364328,34850037,3,16,PRECISE,448,PASS,1/1,P005
14,23767293,DEL00000038,DEL,25217571,14,25217571,-1450278,32,21,PRECISE,1138,PASS,0/1,P005
14,25217572,DUP00000038,DUP,39812185,14,39812185,14594613,16,14,PRECISE,675,PASS,0/1,P005
14,39812186,DUP00000039,DUP,46933474,14,46933474,7121288,28,13,PRECISE,950,PASS,1/1,P005
14,46933475,DEL00000039,DEL,49689901,14,49689901,-2756426,3,2,IMPRECISE,193,LowQual,0/1,P005
14,49689902,DEL00000040,DEL,49968020,14,49968020,-278118,20,11,PRECISE,773,PASS,0/1,P005
14,49968021,DUP00000040,DUP,69994907,14,69994907,20026886,39,11,PRECISE,1086,PASS,0/1,P005
14,69994908,DEL00000041,DEL,93253653,14,93253653,-23258745,37,22,PRECISE,1333,PASS,0/1,P005
14,93253654,DUP00000041,DUP,107043718,14,107043718,13790064,19,16,PRECISE,887,PASS,0/1,P005
15,13685707,DUP00000042,DUP,24072191,15,24072191,10386484,39,2,IMPRECISE,850,PASS,1/1,P005
15,24072192,DEL00000042,DEL,38224842,15,38224842,-14152650,36,9,PRECISE,989,PASS,0/1,P005
15,38224843,DEL00000043,DEL,42041097,15,42041097,-3816254,37,25,PRECISE,1428,PASS,0/1,P005
15,42041098,DUP00000043,DUP,50572198,15,50572198,8531100,40,22,PRECISE,1358,PASS,0/1,P005
15,50572199,DEL00000044,DEL,51073496,15,51073496,-501297,6,16,PRECISE,540,PASS,0/1,P005
15,51073497,DUP00000044,DUP,64407801,15,64407801,13334304,40,12,PRECISE,1118,PASS,0/1,P005
15,64407802,DUP00000045,DUP,65781496,15,65781496,1373694,10,13,PRECISE,548,PASS,1/1,P005
15,65781497,DEL00000045,DEL,101991189,15,101991189,-36209692,35,6,PRECISE,857,PASS,0/1,P005
16,23331987,DUP00000046,DUP,24618117,16,24618117,1286130,5,21,PRECISE,657,PASS,0/1,P005
17,5312075,DUP00000047,DUP,8270114,17,8270114,2958039,29,22,PRECISE,1073,PASS,0/1,P005
17,8270115,DEL00000046,DEL,18417470,17,18417470,-10147355,10,24,PRECISE,777,PASS,0/1,P005
17,18417471,DUP00000048,DUP,19526689,17,19526689,1109218,25,18,PRECISE,1038,PASS,0/1,P005
17,19526690,DEL00000047,DEL,33371705,17,33371705,-13845015,22,21,PRECISE,1033,PASS,1/1,P005
17,33371706,DUP00000049,DUP,80356572,17,80356572,46984866,35,25,PRECISE,1358,PASS,0/1,P005
17,80356573,DEL00000048,DEL,83257441,17,83257441,-2900868,29,15,PRECISE,937,PASS,0/1,P005
18,4769624,DUP00000050,DUP,5727511,18,5727511,957887,6,1,IMPRECISE,330,PASS,0/1,P005
18,69680837,DEL00000049,DEL,73206580,18,73206580,-3525743,8,12,PRECISE,403,PASS,0/1,P005
18,73206581,DUP00000051,DUP,80373285,18,80373285,7166704,40,8,PRECISE,1117,PASS,0/1,P005
19,8695604,DEL00000050,DEL,12691314,19,12691314,-3995710,36,13,PRECISE,1135,PASS,0/1,P005
19,12691315,DUP00000052,DUP,36665296,19,36665296,23973981,26,3,IMPRECISE,696,PASS,0/1,P005
19,36665297,DEL00000051,DEL,58617616,19,58617616,-21952319,25,5,PRECISE,676,PASS,0/1,P005
20,15873929,DUP00000053,DUP,17744059,20,17744059,1870130,34,15,PRECISE,1103,PASS,0/1,P005
20,17744060,DEL00000052,DEL,29186389,20,29186389,-11442329,5,15,PRECISE,538,PASS,0/1,P005
20,29186390,DUP00000054,DUP,36834994,20,36834994,7648604,17,21,PRECISE,889,PASS,0/1,P005
20,36834995,DEL00000053,DEL,38457702,20,38457702,-1622707,30,4,PRECISE,814,PASS,0/1,P005
20,38457703,DEL00000054,DEL,43786032,20,43786032,-5328329,22,20,PRECISE,958,PASS,0/1,P005
20,43786033,DUP00000055,DUP,53838552,20,53838552,10052519,29,20,PRECISE,1026,PASS,0/1,P005
20,53838553,DEL00000055,DEL,64444167,20,64444167,-10605614,22,21,PRECISE,870,PASS,0/1,P005
21,3813752,DEL00000056,DEL,3958485,21,3958485,-144733,33,17,PRECISE,1088,PASS,1/1,P005
21,3958486,DUP00000056,DUP,4290954,21,4290954,332468,35,7,PRECISE,957,PASS,1/1,P005
21,4290955,DEL00000057,DEL,5835688,21,5835688,-1544733,40,24,PRECISE,1433,PASS,0/1,P005
21,5835689,DUP00000057,DUP,14304770,21,14304770,8469081,5,22,PRECISE,597,PASS,0/1,P005
21,14304771,DUP00000058,DUP,15684865,21,15684865,1380094,36,20,PRECISE,1153,PASS,0/1,P005
21,15684866,DEL00000058,DEL,17979399,21,17979399,-2294533,26,19,PRECISE,986,PASS,0/1,P005
21,17979400,DUP00000059,DUP,30603660,21,30603660,12624260,27,12,PRECISE,816,PASS,0/1,P005
21,30603661,DEL00000059,DEL,36520324,21,36520324,-5916663,6,22,PRECISE,589,PASS,0/1,P005
21,36520325,DEL00000060,DEL,38170973,21,38170973,-1650648,32,17,PRECISE,980,PASS,1/1,P005
21,38170974,DUP00000060,DUP,42809044,21,42809044,4638070,28,17,PRECISE,1065,PASS,0/1,P005
21,42809045,DUP00000061,DUP,46709983,21,46709983,3900938,25,0,IMPRECISE,620,PASS,0/1,P005
22,29532629,DUP00000062,DUP,31835424,22,31835424,2302795,23,21,PRECISE,1036,PASS,1/1,P005
22,31835425,DEL00000061,DEL,45046981,22,45046981,-13211556,0,8,PRECISE,196,PASS,1/1,P005
22,45046982,DUP00000063,DUP,50818468,22,50818468,5771486,20,12,PRECISE,705,PASS,0/1,P005
14,24053457,INS00000001,INS,24053458,14,24053458,2736,37,20,PRECISE,1339,PASS,0/1,P005
19,20430911,INV00000001,INV,22777712,19,22777712,2346801,31,10,PRECISE,875,PASS,0/1,P005
3,107491548,DEL00000062,DEL,107493498,3,107493498,-1950,28,16,PRECISE,1041,PASS,0/1,P005
21,16018501,DEL00000063,DEL,16044414,21,16044414,-25913,16,17,PRECISE,663,PASS,0/1,P005
4,15189393,BND00000001,BND,63837041,3,63837041,,19,17,PRECISE,790,PASS,0/1,P005
7,19470698,DEL00000064,DEL,21040758,7,21040758,-1570060,16,5,PRECISE,567,PASS,0/1,P005
16,33787473,INV00000002,INV,38418689,16,38418689,4631216,0,16,PRECISE,465,PASS,1/1,P005
4,106113328,INV00000003,INV,111863274,4,111863274,5749946,37,4,PRECISE,851,PASS,0/1,P005
8,123012507,DEL00000065,DEL,123013583,8,123013583,-1076,20,14,PRECISE,797,PASS,0/1,P005
15,99106582,INV00000004,INV,100114056,15,100114056,1007474,27,16,PRECISE,973,PASS,0/1,P005
10,62822839,BND00000002,BND,88196435,16,88196435,,23,13,PRECISE,872,PASS,1/1,P005
17,11103477,INS00000002,INS,11103478,17,11103478,2745,22,8,PRECISE,755,PASS,0/1,P005
6,63644319,INS00000003,INS,63644320,6,63644320,3688,14,4,PRECISE,487,PASS,0/1,P005
21,3542699,DEL00000066,DEL,3691205,21,3691205,-148506,22,21,PRECISE,904,PASS,0/1,P005
20,40105621,DEL00000067,DEL,40406746,20,40406746,-301125,36,22,PRECISE,1211,PASS,0/1,P005
2,57332800,INV00000005,INV,57343904,2,57343904,11104,35,24,PRECISE,1192,PASS,1/1,P005
3,6587069,INS00000004,INS,6587070,3,6587070,5286,6,19,PRECISE,668,PASS,1/1,P005
17,70339637,DEL00000068,DEL,71106599,17,71106599,-766962,20,23,PRECISE,1016,PASS,0/1,P005
17,67224222,DEL00000069,DEL,67224781,17,67224781,-559,2,2,IMPRECISE,98,LowQual,1/1,P005
14,57878079,DEL00000070,DEL,57903023,14,57903023,-24944,18,18,PRECISE,842,PASS,0/1,P005
9,98580601,DEL00000071,DEL,100677815,9,100677815,-2097214,6,21,PRECISE,682,PASS,0/1,P005
13,14244359,INV00000006,INV,16040569,13,16040569,1796210,32,22,PRECISE,1194,PASS,0/1,P005
6,109131442,DEL00000072,DEL,110175944,6,110175944,-1044502,29,5,PRECISE,793,PASS,0/1,P005
11,38526234,INS00000005,INS,38526235,11,38526235,5002,5,7,PRECISE,345,PASS,0/1,P005
12,1878417,INV00000007,INV,2914675,12,2914675,1036258,22,12,PRECISE,686,PASS,0/1,P005
10,57159028,DUP00000064,DUP,57161556,10,57161556,2528,3,8,PRECISE,225,PASS,0/1,P005
20,53338991,DEL00000073,DEL,53496963,20,53496963,-157972,29,10,PRECISE,853,PASS,0/1,P005
16,38789047,DEL00000074,DEL,38815012,16,38815012,-25965,14,6,PRECISE,492,PASS,0/1,P005
18,77742857,INS00000006,INS,77742858,18,77742858,1799,24,2,IMPRECISE,668,PASS,1/1,P005
21,18199434,DEL00000075,DEL,18260526,21,18260526,-61092,11,20,PRECISE,788,PASS,0/1,P005
4,2083538,INV00000008,INV,2086182,4,2086182,2644,33,18,PRECISE,1149,PASS,0/1,P005
6,38569008,BND00000003,BND,70425966,17,70425966,,38,1,IMPRECISE,867,PASS,1/1,P005
2,152040893,INV00000009,INV,152044494,2,152044494,3601,32,15,PRECISE,967,PASS,0/1,P005
1,3346460,INS00000007,INS,3346461,1,3346461,5230,31,23,PRECISE,1136,PASS,1/1,P005
20,10759737,DUP00000065,DUP,11123918,20,11123918,364181,4,17,PRECISE,544,PASS,0/1,P005
12,8730198,INV00000010,INV,8759369,12,8759369,29171,34,21,PRECISE,1222,PASS,0/1,P005
2,45181502,INV00000011,INV,45246478,2,45246478,64976,28,8,PRECISE,803,PASS,0/1,P005
X,79228877,DUP00000066,DUP,79278517,X,79278517,49640,31,16,PRECISE,1101,PASS,0/1,P005
17,7122647,INS00000008,INS,7122648,17,7122648,2761,13,12,PRECISE,598,PASS,0/1,P005
3,36569798,DEL00000076,DEL,36842628,3,36842628,-272830,20,18,PRECISE,837,PASS,0/1,P005
18,72638016,DEL00000077,DEL,72643377,18,72643377,-5361,2,0,IMPRECISE,42,LowQual,0/1,P005
12,108678219,INV00000012,INV,110862449,12,110862449,2184230,36,9,PRECISE,1033,PASS,0/1,P005
4,57484382,DEL00000078,DEL,57514424,4,57514424,-30042,27,21,PRECISE,1102,PASS,1/1,P005
3,170772243,DEL00000079,DEL,170775195,3,170775195,-2952,23,16,PRECISE,947,PASS,0/1,P005
11,46274094,INS00000009,INS,46274095,11,46274095,867,23,23,PRECISE,994,PASS,0/1,P005
10,89626958,INV00000013,INV,89665940,10,89665940,38982,7,1,IMPRECISE,337,PASS,0/1,P005
5,111875194,INS00000010,INS,111875195,5,111875195,4375,22,3,IMPRECISE,661,PASS,0/1,P005
7,68361271,DUP00000067,DUP,68432233,7,68432233,70962,2,24,PRECISE,578,PASS,0/1,P005
18,10921790,DEL00000080,DEL,10977458,18,10977458,-55668,38,3,IMPRECISE,944,PASS,0/1,P005
13,17635898,DEL00000081,DEL,17643409,13,17643409,-7511,16,2,IMPRECISE,547,PASS,1/1,P005
4,7377184,DUP00000068,DUP,7418647,4,7418647,41463,19,22,PRECISE,953,PASS,0/1,P005
5,133262142,DEL00000082,DEL,133285226,5,133285226,-23084,22,24,PRECISE,1067,PASS,0/1,P005
9,18728454,INS00000011,INS,18728455,9,18728455,4321,15,9,PRECISE,649,PASS,0/1,P005
18,72062606,BND00000004,BND,48902907,19,48902907,,3,17,PRECISE,464,PASS,0/1,P005
17,70513005,DEL00000083,DEL,70561644,17,70561644,-48639,40,4,PRECISE,994,PASS,0/1,P005
9,19839489,BND00000005,BND,24721183,7,24721183,,11,4,PRECISE,426,PASS,0/1,P005
1,49779354,INV00000014,INV,55599662,1,55599662,5820308,10,16,PRECISE,706,PASS,0/1,P005
2,78786022,DUP00000069,DUP,79223468,2,79223468,437446,23,25,PRECISE,1076,PASS,0/1,P005
21,42364039,DEL00000084,DEL,42371898,21,42371898,-7859,25,17,PRECISE,1024,PASS,0/1,P005
18,51650380,DEL00000085,DEL,51679638,18,51679638,-29258,16,3,IMPRECISE,502,PASS,0/1,P005
9,1198344,BND00000006,BND,20541186,20,20541186,,7,19,PRECISE,604,PASS,1/1,P005
11,120587842,DEL00000086,DEL,120598964,11,120598964,-11122,6,9,PRECISE,420,PASS,0/1,P005
14,42508712,BND00000007,BND,8991723,20,8991723,,14,9,PRECISE,511,PASS,1/1,P005
10,89730532,DUP00000070,DUP,91059735,10,91059735,1329203,20,6,PRECISE,601,PASS,0/1,P005
12,4837471,DUP00000071,DUP,5391189,12,5391189,553718,11,15,PRECISE,561,PASS,0/1,P005
3,2092964,DUP00000072,DUP,2094637,3,2094637,1673,40,14,PRECISE,1135,PASS,0/1,P005
22,46184475,DEL00000087,DEL,48153422,22,48153422,-1968947,34,0,IMPRECISE,775,PASS,0/1,P005
15,60589656,DUP00000073,DUP,60597625,15,60597625,7969,14,0,IMPRECISE,381,PASS,0/1,P005
13,87821215,INV00000015,INV,88022410,13,88022410,201195,8,15,PRECISE,554,PASS,0/1,P005
12,89375353,DEL00000088,DEL,89376644,12,89376644,-1291,25,4,PRECISE,615,PASS,0/1,P005
2,44292424,DUP00000074,DUP,44833845,2,44833845,541421,1,1,IMPRECISE,234,LowQual,0/1,P005
X,146418352,INV00000016,INV,146430925,X,146430925,12573,36,14,PRECISE,1080,PASS,1/1,P005
14,58224647,INS00000012,INS,58224648,14,58224648,5281,6,5,PRECISE,276,PASS,0/1,P005
2,125314567,BND00000008,BND,70347822,5,70347822,,32,19,PRECISE,1175,PASS,1/1,P005
9,56583620,DEL00000089,DEL,56767792,9,56767792,-184172,1,17,PRECISE,414,PASS,1/1,P005
15,16530963,DEL00000090,DEL,16531310,15,16531310,-347,23,24,PRECISE,952,PASS,0/1,P005
22,29217096,DEL00000091,DEL,29528359,22,29528359,-311263,5,19,PRECISE,496,PASS,0/1,P005
9,114305245,BND00000009,BND,49817687,1,49817687,,13,7,PRECISE,598,PASS,0/1,P005
12,96777890,INV00000017,INV,96854794,12,96854794,76904,1,16,PRECISE,537,PASS,0/1,P005
2,36890056,DUP00000075,DUP,39685644,2,39685644,2795588,25,4,PRECISE,646,PASS,0/1,P005
4,26236137,DEL00000092,DEL,26246607,4,26246607,-10470,17,8,PRECISE,691,PASS,0/1,P005
1,130206742,DUP00000001,DUP,142897930,1,142897930,12691188,33,23,PRECISE,1278,PASS,0/1,P006
1,236773258,DEL00000001,DEL,237299239,1,237299239,-525981,17,25,PRECISE,985,PASS,0/1,P006
1,237299240,DUP00000002,DUP,248956422,1,248956422,11657182,21,7,PRECISE,626,PASS,0/1,P006
2,4065050,DUP00000003,DUP,15181036,2,15181036,11115986,32,8,PRECISE,949,PASS,0/1,P006
2,187529688,DUP00000004,DUP,201147753,2,201147753,13618065,15,11,PRECISE,675,PASS,0/1,P006
2,201147754,DEL00000002,DEL,242193529,2,242193529,-41045775,2,12,PRECISE,370,PASS,0/1,P006
3,90900001,DUP00000005,DUP,101356276,3,101356276,10456275,15,15,PRECISE,653,PASS,0/1,P006
3,101356277,DEL00000003,DEL,101830114,3,101830114,-473837,38,8,PRECISE,1018,PASS,0/1,P006
4,9025615,DEL00000004,DEL,19603477,4,19603477,-10577862,16,11,PRECISE,721,PASS,0/1,P006
4,19603478,DUP00000006,DUP,53043224,4,53043224,33439746,22,11,PRECISE,727,PASS,0/1,P006
4,53043225,DUP00000007,DUP,62949790,4,62949790,9906565,22,11,PRECISE,763,PASS,0/1,P006
4,62949791,DEL00000005,DEL,92785346,4,92785346,-29835555,16,25,PRECISE,934,PASS,0/1,P006
4,92785347,DEL00000006,DEL,101110962,4,101110962,-8325615,27,5,PRECISE,835,PASS,0/1,P006
7,22399901,DEL00000007,DEL,59923882,7,59923882,-37523981,38,24,PRECISE,1359,PASS,1/1,P006
7,59923883,DUP00000008,DUP,60100000,7,60100000,176117,1,4,PRECISE,212,LowQual,0/1,P006
9,75861214,DEL00000008,DEL,76426966,9,76426966,-565752,38,5,PRECISE,929,PASS,0/1,P006
9,76426967,DUP00000009,DUP,93331806,9,93331806,16904839,24,2,IMPRECISE,582,PASS,0/1,P006
9,93331807,DUP00000010,DUP,99578485,9,99578485,6246678,26,8,PRECISE,760,PASS,0/1,P006
9,99578486,DEL00000009,DEL,138394717,9,138394717,-38816231,23,19,PRECISE,859,PASS,0/1,P006
11,3297176,DEL00000010,DEL,4004634,11,4004634,-707458,16,13,PRECISE,655,PASS,0/1,P006
11,60091430,DUP00000011,DUP,90117476,11,90117476,30026046,13,6,PRECISE,393,PASS,0/1,P006
11,90117477,DEL00000011,DEL,135086622,11,135086622,-44969145,9,5,PRECISE,328,PASS,0/1,P006
13,51260583,DUP00000012,DUP,51627784,13,51627784,367201,11,22,PRECISE,798,PASS,0/1,P006
13,51627785,DEL00000012,DEL,63712698,13,63712698,-12084913,35,21,PRECISE,1159,PASS,0/1,P006
13,63712699,DUP00000013,DUP,67909380,13,67909380,4196681,31,4,PRECISE,844,PASS,0/1,P006
13,67909381,DEL00000013,DEL,114364328,13,114364328,-46454947,4,10,PRECISE,426,PASS,0/1,P006
15,17302817,DUP00000014,DUP,36823242,15,36823242,19520425,21,14,PRECISE,832,PASS,0/1,P006
15,36823243,DEL00000014,DEL,64998531,15,64998531,-28175288,3,20,PRECISE,615,PASS,0/1,P006
15,64998532,DUP00000015,DUP,68260197,15,68260197,3261665,28,2,IMPRECISE,747,PASS,0/1,P006
15,68260198,DEL00000015,DEL,88330364,15,88330364,-20070166,39,12,PRECISE,1058,PASS,0/1,P006
15,88330365,DUP00000016,DUP,89349271,15,89349271,1018906,15,6,PRECISE,459,PASS,0/1,P006
15,89349272,DEL00000016,DEL,101991189,15,101991189,-12641917,5,3,IMPRECISE,332,PASS,0/1,P006
16,16825621,DEL00000017,DEL,17486401,16,17486401,-660780,31,1,IMPRECISE,690,PASS,0/1,P006
17,11825167,DEL00000018,DEL,36095508,17,36095508,-24270341,29,11,PRECISE,831,PASS,0/1,P006
17,36095509,DUP00000017,DUP,37317024,17,37317024,1221515,40,3,IMPRECISE,977,PASS,0/1,P006
17,37317025,DUP00000018,DUP,37844454,17,37844454,527429,13,14,PRECISE,670,PASS,0/1,P006
17,37844455,DEL00000019,DEL,83257441,17,83257441,-45412986,32,20,PRECISE,1202,PASS,1/1,P006
18,27314712,DEL00000020,DEL,27890885,18,27890885,-576173,18,21,PRECISE,795,PASS,0/1,P006
18,27890886,DUP00000019,DUP,56123925,18,56123925,28233039,38,15,PRECISE,1228,PASS,0/1,P006
18,56123926,DEL00000021,DEL,75160310,18,75160310,-19036384,8,15,PRECISE,552,PASS,0/1,P006
18,75160311,DUP00000020,DUP,80373285,18,80373285,5212974,21,13,PRECISE,731,PASS,1/1,P006
20,6968079,DUP00000021,DUP,19332852,20,19332852,12364773,13,1,IMPRECISE,371,PASS,1/1,P006
20,19332853,DEL00000022,DEL,28100000,20,28100000,-8767147,6,13,PRECISE,409,PASS,1/1,P006
20,28100001,DUP00000022,DUP,64444167,20,64444167,36344166,9,18,PRECISE,629,PASS,0/1,P006
21,20349478,DEL00000023,DEL,46709983,21,46709983,-26360505,19,0,IMPRECISE,451,PASS,0/1,P006
22,16508073,DEL00000024,DEL,20584135,22,20584135,-4076062,34,5,PRECISE,821,PASS,1/1,P006
22,20584136,DUP00000023,DUP,50818468,22,50818468,30234332,33,10,PRECISE,1043,PASS,0/1,P006
X,3601293,DUP00000024,DUP,9798218,X,9798218,6196925,2,25,PRECISE,668,PASS,0/1,P006
X,105812522,DUP00000025,DUP,114603309,X,114603309,8790787,27,0,IMPRECISE,616,PASS,0/1,P006
X,114603310,DEL00000025,DEL,156040895,X,156040895,-41437585,6,22,PRECISE,591,PASS,0/1,P006
2,15200063,BND00000001,BND,39756272,16,39756272,,0,16,PRECISE,467,PASS,0/1,P006
21,2973502,DEL00000026,DEL,2984306,21,2984306,-10804,31,0,IMPRECISE,783,PASS,0/1,P006
18,75768169,INV00000001,INV,77255645,18,77255645,1487476,36,25,PRECISE,1277,PASS,0/1,P006
20,17865695,INS00000001,INS,17865696,20,17865696,427,13,23,PRECISE,916,PASS,1/1,P006
5,138145826,DEL00000027,DEL,138281918,5,138281918,-136092,26,10,PRECISE,825,PASS,0/1,P006
8,9046877,DEL00000028,DEL,9112292,8,9112292,-65415,15,19,PRECISE,846,PASS,0/1,P006
10,95773452,DEL00000029,DEL,98255698,10,98255698,-2482246,25,5,PRECISE,772,PASS,0/1,P006
17,12011494,INS00000002,INS,12011495,17,12011495,1700,21,24,PRECISE,1064,PASS,0/1,P006
10,132288368,DEL00000030,DEL,132291382,10,132291382,-3014,5,10,PRECISE,389,PASS,0/1,P006
9,106154967,DEL00000031,DEL,107185963,9,107185963,-1030996,37,19,PRECISE,1247,PASS,0/1,P006
21,13065667,INV00000002,INV,13255225,21,13255225,189558,5,6,PRECISE,407,PASS,0/1,P006
11,62315178,BND00000002,BND,13846738,20,13846738,,8,5,PRECISE,285,PASS,0/1,P006
3,183962072,INS00000003,INS,183962073,3,183962073,4320,21,23,PRECISE,927,PASS,0/1,P006
19,18256789,INV00000003,INV,18961045,19,18961045,704256,24,5,PRECISE,657,PASS,0/1,P006
8,81775778,DUP00000026,DUP,81800965,8,81800965,25187,21,3,IMPRECISE,679,PASS,0/1,P006
18,32439829,DEL00000032,DEL,32483463,18,32483463,-43634,25,18,PRECISE,970,PASS,0/1,P006
5,81279605,INV00000004,INV,82624874,5,82624874,1345269,26,7,PRECISE,799,PASS,0/1,P006
13,109977904,INV00000005,INV,114257704,13,114257704,4279800,15,1,IMPRECISE,393,PASS,0/1,P006
21,37801844,INV00000006,INV,43408432,21,43408432,5606588,36,11,PRECISE,1026,PASS,0/1,P006
X,84234367,DUP00000027,DUP,84401041,X,84401041,166674,2,23,PRECISE,641,PASS,0/1,P006
2,240761485,INV00000007,INV,240801369,2,240801369,39884,33,20,PRECISE,1126,PASS,0/1,P006
18,51370791,DEL00000033,DEL,51426180,18,51426180,-55389,33,19,PRECISE,1052,PASS,0/1,P006
19,32326312,DEL00000034,DEL,32414973,19,32414973,-88661,27,14,PRECISE,983,PASS,0/1,P006
2,197209153,INS00000004,INS,197209154,2,197209154,2207,18,2,IMPRECISE,573,PASS,1/1,P006
5,9239533,INV00000008,INV,9272463,5,9272463,32930,28,10,PRECISE,833,PASS,0/1,P006
18,38232551,BND00000003,BND,70986537,16,70986537,,16,24,PRECISE,998,PASS,1/1,P006
X,94965364,INS00000005,INS,94965365,X,94965365,5591,18,10,PRECISE,637,PASS,0/1,P006
11,80702673,DEL00000035,DEL,80706902,11,80706902,-4229,23,4,PRECISE,708,PASS,0/1,P006
3,70912253,BND00000004,BND,4704839,19,4704839,,21,5,PRECISE,665,PASS,0/1,P006
3,115159443,DEL00000036,DEL,115273323,3,115273323,-113880,15,15,PRECISE,648,PASS,0/1,P006
10,61564503,DUP00000028,DUP,63275248,10,63275248,1710745,14,19,PRECISE,778,PASS,0/1,P006
6,18301538,DEL00000037,DEL,19736704,6,19736704,-1435166,10,23,PRECISE,832,PASS,0/1,P006
6,161526631,DUP00000029,DUP,161532570,6,161532570,5939,37,9,PRECISE,1081,PASS,0/1,P006
8,95090625,DEL00000038,DEL,95249727,8,95249727,-159102,32,10,PRECISE,949,PASS,0/1,P006
X,138543144,DUP00000030,DUP,141075273,X,141075273,2532129,7,10,PRECISE,485,PASS,0/1,P006
11,93337735,BND00000005,BND,5145909,20,5145909,,0,5,PRECISE,138,LowQual,0/1,P006
10,77581916,INV00000009,INV,77664976,10,77664976,83060,28,3,IMPRECISE,775,PASS,0/1,P006
7,6307464,DEL00000039,DEL,6308469,7,6308469,-1005,29,17,PRECISE,1029,PASS,0/1,P006
15,7514609,BND00000006,BND,12403323,19,12403323,,12,22,PRECISE,752,PASS,0/1,P006
9,43643363,INV00000010,INV,43644833,9,43644833,1470,28,22,PRECISE,1187,PASS,0/1,P006
6,7222501,INS00000006,INS,7222502,6,7222502,818,12,14,PRECISE,596,PASS,1/1,P006
2,216546098,BND00000007,BND,28133918,18,28133918,,13,11,PRECISE,667,PASS,1/1,P006
9,105049295,BND00000008,BND,60653828,16,60653828,,15,1,IMPRECISE,508,PASS,1/1,P006
2,29435783,INV00000011,INV,29488007,2,29488007,52224,29,21,PRECISE,1145,PASS,1/1,P006
5,40990727,DEL00000040,DEL,40995555,5,40995555,-4828,34,1,IMPRECISE,897,PASS,0/1,P006
20,59152321,DEL00000041,DEL,59166907,20,59166907,-14586,35,5,PRECISE,946,PASS,1/1,P006
20,27947182,INV00000012,INV,28787913,20,28787913,840731,29,1,IMPRECISE,773,PASS,0/1,P006
16,72104958,BND00000009,BND,146801482,7,146801482,,16,17,PRECISE,825,PASS,1/1,P006
14,89061040,INV00000013,INV,89101957,14,89101957,40917,5,0,IMPRECISE,292,LowQual,0/1,P006
X,87130827,INV00000014,INV,87134426,X,87134426,3599,29,8,PRECISE,751,PASS,1/1,P006
15,14959885,DEL00000042,DEL,16502028,15,16502028,-1542143,19,11,PRECISE,683,PASS,0/1,P006
12,71532712,INS00000007,INS,71532713,12,71532713,1101,0,0,IMPRECISE,108,LowQual,0/1,P006
6,135397848,BND00000010,BND,27066311,16,27066311,,2,1,IMPRECISE,118,LowQual,1/1,P006
8,78287022,BND00000011,BND,36854033,21,36854033,,39,23,PRECISE,1386,PASS,0/1,P006
20,33625666,BND00000012,BND,23198188,20,23198188,,25,11,PRECISE,806,PASS,0/1,P006
6,133668661,BND00000013,BND,17256739,22,17256739,,20,1,IMPRECISE,491,PASS,1/1,P006
1,77286820,INV00000015,INV,77309855,1,77309855,23035,5,2,IMPRECISE,205,PASS,1/1,P006
6,75106171,DEL00000043,DEL,75106775,6,75106775,-604,38,5,PRECISE,1034,PASS,1/1,P006
3,121878639,INS00000008,INS,121878640,3,121878640,2441,22,18,PRECISE,883,PASS,1/1,P006
4,75526685,DUP00000031,DUP,75772033,4,75772033,245348,26,6,PRECISE,669,PASS,0/1,P006
22,4023784,DEL00000044,DEL,4085964,22,4085964,-62180,21,18,PRECISE,912,PASS,0/1,P006
X,82716813,INV00000016,INV,82782040,X,82782040,65227,20,10,PRECISE,621,PASS,0/1,P006
2,8430333,DEL00000001,DEL,12681927,2,12681927,-4251594,26,25,PRECISE,1111,PASS,1/1,P007
2,12681928,DUP00000001,DUP,49160301,2,49160301,36478373,17,5,PRECISE,476,PASS,0/1,P007
2,49160302,DUP00000002,DUP,50884729,2,50884729,1724427,0,16,PRECISE,421,PASS,1/1,P007
2,50884730,DEL00000002,DEL,59875923,2,59875923,-8991193,10,5,PRECISE,318,PASS,0/1,P007
2,59875924,DUP00000003,DUP,60626924,2,60626924,751000,5,14,PRECISE,406,PASS,0/1,P007
2,60626925,DEL00000003,DEL,89624963,2,89624963,-28998038,15,5,PRECISE,508,PASS,1/1,P007
2,89624964,DEL00000004,DEL,90971897,2,90971897,-1346933,28,7,PRECISE,853,PASS,0/1,P007
2,234933725,DUP00000004,DUP,238163200,2,238163200,3229475,27,15,PRECISE,1013,PASS,0/1,P007
2,238163201,DEL00000005,DEL,242193529,2,242193529,-4030328,17,21,PRECISE,817,PASS,0/1,P007
3,23819186,DUP00000005,DUP,30725608,3,30725608,6906422,31,15,PRECISE,1065,PASS,0/1,P007
3,186737719,DEL00000006,DEL,187352976,3,187352976,-615257,16,23,PRECISE,849,PASS,1/1,P007
3,187352977,DUP00000006,DUP,198295559,3,198295559,10942582,12,25,PRECISE,786,PASS,0/1,P007
4,10626182,DUP00000007,DUP,43036815,4,43036815,32410633,6,15,PRECISE,458,PASS,0/1,P007
4,105564107,DEL00000007,DEL,106319773,4,106319773,-755666,7,24,PRECISE,733,PASS,0/1,P007
4,106319774,DEL00000008,DEL,107973746,4,107973746,-1653972,19,6,PRECISE,512,PASS,1/1,P007
4,107973747,DUP00000008,DUP,109094249,4,109094249,1120502,25,6,PRECISE,680,PASS,1/1,P007
4,164304557,DEL00000009,DEL,165100217,4,165100217,-795660,7,11,PRECISE,428,PASS,0/1,P007
4,165100218,DUP00000009,DUP,190214555,4,190214555,25114337,18,0,IMPRECISE,480,PASS,0/1,P007
5,16042966,DEL00000010,DEL,34298661,5,34298661,-18255695,29,0,IMPRECISE,677,PASS,1/1,P007
5,34298662,DUP00000010,DUP,48800000,5,48800000,14501338,4,4,PRECISE,171,PASS,1/1,P007
5,48800001,DEL00000011,DEL,73102044,5,73102044,-24302043,22,8,PRECISE,697,PASS,0/1,P007
5,73102045,DEL00000012,DEL,74766240,5,74766240,-1664195,1,9,PRECISE,282,PASS,0/1,P007
5,74766241,DUP00000011,DUP,89251845,5,89251845,14485604,6,3,IMPRECISE,263,PASS,0/1,P007
5,89251846,DEL00000013,DEL,93140883,5,93140883,-3889037,36,1,IMPRECISE,774,PASS,0/1,P007
5,93140884,DUP00000012,DUP,132428920,5,132428920,39288036,15,20,PRECISE,863,PASS,1/1,P007
5,132428921,DEL00000014,DEL,135059105,5,135059105,-2630184,18,1,IMPRECISE,517,PASS,0/1,P007
5,135059106,DUP00000013,DUP,144808047,5,144808047,9748941,8,14,PRECISE,445,PASS,1/1,P007
5,144808048,DEL00000015,DEL,148712611,5,148712611,-3904563,28,9,PRECISE,863,PASS,1/1,P007
5,148712612,DUP00000014,DUP,181538259,5,181538259,32825647,9,0,IMPRECISE,190,PASS,0/1,P007
6,39355856,DUP00000015,DUP,49860851,6,49860851,10504995,18,10,PRECISE,705,PASS,1/1,P007
6,49860852,DEL00000016,DEL,86084007,6,86084007,-36223155,12,4,PRECISE,449,PASS,0/1,P007
6,86084008,DUP00000016,DUP,95373301,6,95373301,9289293,18,11,PRECISE,699,PASS,1/1,P007
6,95373302,DEL00000017,DEL,127585838,6,127585838,-32212536,6,22,PRECISE,578,PASS,0/1,P007
6,127585839,DEL00000018,DEL,160699424,6,160699424,-33113585,15,12,PRECISE,647,PASS,0/1,P007
6,160699425,DUP00000017,DUP,166034125,6,166034125,5334700,11,17,PRECISE,594,PASS,0/1,P007
6,166034126,DEL00000019,DEL,170805979,6,170805979,-4771853,32,13,PRECISE,1075,PASS,0/1,P007
7,63308256,DEL00000020,DEL,64116682,7,64116682,-808426,13,20,PRECISE,805,PASS,0/1,P007
7,153275572,DUP00000018,DUP,159345973,7,159345973,6070401,40,16,PRECISE,1252,PASS,0/1,P007
8,14548377,DUP00000019,DUP,17110756,8,17110756,2562379,2,22,PRECISE,508,PASS,0/1,P007
8,85529385,DEL00000021,DEL,87625842,8,87625842,-2096457,19,20,PRECISE,951,PASS,0/1,P007
8,87625843,DUP00000020,DUP,113445935,8,113445935,25820092,12,19,PRECISE,769,PASS,0/1,P007
8,113445936,DUP00000021,DUP,119349352,8,119349352,5903416,14,2,IMPRECISE,390,PASS,0/1,P007
8,119349353,DEL00000022,DEL,145138636,8,145138636,-25789283,37,16,PRECISE,1117,PASS,1/1,P007
9,27316536,DUP00000022,DUP,29699558,9,29699558,2383022,31,21,PRECISE,1166,PASS,1/1,P007
9,29699559,DEL00000023,DEL,43000000,9,43000000,-13300441,3,8,PRECISE,292,PASS,0/1,P007
9,43000001,DUP00000023,DUP,50659251,9,50659251,7659250,27,3,IMPRECISE,676,PASS,1/1,P007
9,50659252,DUP00000024,DUP,52350819,9,52350819,1691567,19,1,IMPRECISE,421,PASS,0/1,P007
9,52350820,DEL00000024,DEL,58632092,9,58632092,-6281272,22,8,PRECISE,664,PASS,0/1,P007
9,58632093,DUP00000025,DUP,58990869,9,58990869,358776,23,23,PRECISE,1021,PASS,0/1,P007
9,58990870,DEL00000025,DEL,64009965,9,64009965,-5019095,20,21,PRECISE,908,PASS,0/1,P007
9,64009966,DUP00000026,DUP,64371520,9,64371520,361554,38,14,PRECISE,1053,PASS,0/1,P007
9,64371521,DEL00000026,DEL,77656018,9,77656018,-13284497,3,19,PRECISE,567,PASS,0/1,P007
9,77656019,DEL00000027,DEL,79389619,9,79389619,-1733600,2,3,IMPRECISE,253,LowQual,0/1,P007
9,79389620,DUP00000027,DUP,107087301,9,107087301,27697681,15,8,PRECISE,627,PASS,0/1,P007
9,107087302,DUP00000028,DUP,111988919,9,111988919,4901617,36,0,IMPRECISE,814,PASS,1/1,P007
9,111988920,DEL00000028,DEL,138394717,9,138394717,-26405797,22,2,IMPRECISE,569,PASS,0/1,P007
10,5638178,DUP00000029,DUP,7274524,10,7274524,1636346,4,6,PRECISE,328,PASS,0/1,P007
10,66861175,DEL00000029,DEL,68273523,10,68273523,-1412348,16,8,PRECISE,655,PASS,1/1,P007
10,68273524,DEL00000030,DEL,68644825,10,68644825,-371301,16,15,PRECISE,815,PASS,0/1,P007
10,68644826,DUP00000030,DUP,78516524,10,78516524,9871698,2,20,PRECISE,634,PASS,0/1,P007
10,78516525,DUP00000031,DUP,86788784,10,86788784,8272259,8,19,PRECISE,694,PASS,1/1,P007
10,86788785,DEL00000031,DEL,95869522,10,95869522,-9080737,31,5,PRECISE,729,PASS,0/1,P007
10,95869523,DUP00000032,DUP,96103692,10,96103692,234169,6,23,PRECISE,600,PASS,0/1,P007
10,96103693,DEL00000032,DEL,107021858,10,107021858,-10918165,37,9,PRECISE,970,PASS,1/1,P007
10,107021859,DUP00000033,DUP,110359475,10,110359475,3337616,13,15,PRECISE,654,PASS,0/1,P007
10,110359476,DEL00000033,DEL,133797422,10,133797422,-23437946,29,0,IMPRECISE,752,PASS,0/1,P007
13,20143153,DEL00000034,DEL,20663769,13,20663769,-520616,38,14,PRECISE,1149,PASS,0/1,P007
13,72090927,DEL00000035,DEL,81233375,13,81233375,-9142448,1,1,IMPRECISE,47,LowQual,1/1,P007
13,81233376,DUP00000034,DUP,114364328,13,114364328,33130952,28,10,PRECISE,855,PASS,0/1,P007
14,15109616,DUP00000035,DUP,20117863,14,20117863,5008247,10,18,PRECISE,669,PASS,0/1,P007
14,20117864,DEL00000036,DEL,20265653,14,20265653,-147789,24,21,PRECISE,979,PASS,0/1,P007
14,20265654,DUP00000036,DUP,21623597,14,21623597,1357943,3,24,PRECISE,681,PASS,0/1,P007
14,21623598,DEL00000037,DEL,25395912,14,25395912,-3772314,17,15,PRECISE,798,PASS,0/1,P007
14,25395913,DEL00000038,DEL,28892787,14,28892787,-3496874,26,2,IMPRECISE,619,PASS,0/1,P007
14,28892788,DUP00000037,DUP,41462880,14,41462880,12570092,10,11,PRECISE,477,PASS,1/1,P007
14,41462881,DEL00000039,DEL,48414174,14,48414174,-6951293,12,12,PRECISE,640,PASS,0/1,P007
14,48414175,DUP00000038,DUP,51153674,14,51153674,2739499,21,13,PRECISE,767,PASS,0/1,P007
14,51153675,DUP00000039,DUP,52848412,14,52848412,1694737,14,22,PRECISE,747,PASS,0/1,P007
14,52848413,DEL00000040,DEL,84212223,14,84212223,-31363810,17,16,PRECISE,700,PASS,0/1,P007
14,84212224,DUP00000040,DUP,107043718,14,107043718,22831494,2,13,PRECISE,429,PASS,0/1,P007
16,20090844,DEL00000041,DEL,20997828,16,20997828,-906984,36,4,PRECISE,943,PASS,0/1,P007
16,20997829,DUP00000041,DUP,21649853,16,21649853,652024,19,17,PRECISE,815,PASS,0/1,P007
16,21649854,DUP00000042,DUP,24618592,16,24618592,2968738,24,10,PRECISE,755,PASS,1/1,P007
16,24618593,DEL00000042,DEL,28875996,16,28875996,-4257403,27,22,PRECISE,1015,PASS,1/1,P007
16,28875997,DUP00000043,DUP,33132777,16,33132777,4256780,35,9,PRECISE,909,PASS,1/1,P007
16,33132778,DEL00000043,DEL,66199191,16,66199191,-33066413,19,1,IMPRECISE,568,PASS,1/1,P007
16,66199192,DUP00000044,DUP,66556758,16,66556758,357566,32,23,PRECISE,1286,PASS,0/1,P007
16,66556759,DEL00000044,DEL,66957451,16,66957451,-400692,38,16,PRECISE,1198,PASS,0/1,P007
16,66957452,DUP00000045,DUP,74109076,16,74109076,7151624,18,12,PRECISE,640,PASS,0/1,P007
16,74109077,DEL00000045,DEL,90338345,16,90338345,-16229268,40,22,PRECISE,1317,PASS,0/1,P007
17,306843,DUP00000046,DUP,770024,17,770024,463181,17,18,PRECISE,719,PASS,1/1,P007
17,770025,DEL00000046,DEL,25100000,17,25100000,-24329975,31,20,PRECISE,1163,PASS,1/1,P007
17,25100001,DUP00000047,DUP,53211196,17,53211196,28111195,37,22,PRECISE,1319,PASS,0/1,P007
17,53211197,DUP00000048,DUP,55038563,17,55038563,1827366,21,5,PRECISE,664,PASS,1/1,P007
17,55038564,DEL00000047,DEL,67637206,17,67637206,-12598642,17,13,PRECISE,774,PASS,0/1,P007
17,67637207,DUP00000049,DUP,68976473,17,68976473,1339266,16,18,PRECISE,695,PASS,0/1,P007
17,68976474,DEL00000048,DEL,73082836,17,73082836,-4106362,27,14,PRECISE,964,PASS,1/1,P007
17,73082837,DEL00000049,DEL,80187027,17,80187027,-7104190,10,6,PRECISE,520,PASS,1/1,P007
17,80187028,DUP00000050,DUP,83257441,17,83257441,3070413,11,16,PRECISE,594,PASS,0/1,P007
20,13846470,DUP00000051,DUP,21925742,20,21925742,8079272,12,13,PRECISE,529,PASS,0/1,P007
20,21925743,DEL00000050,DEL,43946514,20,43946514,-22020771,15,25,PRECISE,950,PASS,0/1,P007
20,43946515,DUP00000052,DUP,44336265,20,44336265,389750,8,18,PRECISE,633,PASS,1/1,P007
20,44336266,DEL00000051,DEL,64444167,20,64444167,-20107901,24,5,PRECISE,735,PASS,0/1,P007
21,4447793,DEL00000052,DEL,5122561,21,5122561,-674768,35,11,PRECISE,1076,PASS,0/1,P007
21,5122562,DUP00000053,DUP,24635666,21,24635666,19513104,12,7,PRECISE,394,PASS,0/1,P007
21,24635667,DEL00000053,DEL,31884766,21,31884766,-7249099,8,17,PRECISE,582,PASS,0/1,P007
21,31884767,DUP00000054,DUP,35577465,21,35577465,3692698,22,24,PRECISE,1118,PASS,1/1,P007
21,35577466,DEL00000054,DEL,44602502,21,44602502,-9025036,15,10,PRECISE,568,PASS,0/1,P007
21,44602503,DUP00000055,DUP,46709983,21,46709983,2107480,30,3,IMPRECISE,786,PASS,1/1,P007
22,8691176,DUP00000056,DUP,17866962,22,17866962,9175786,28,24,PRECISE,1162,PASS,0/1,P007
22,17866963,DEL00000055,DEL,27627744,22,27627744,-9760781,40,12,PRECISE,1130,PASS,0/1,P007
22,27627745,DUP00000057,DUP,45183805,22,45183805,17556060,19,11,PRECISE,601,PASS,1/1,P007
22,45183806,DEL00000056,DEL,50818468,22,50818468,-5634662,10,13,PRECISE,604,PASS,0/1,P007
X,33701077,DUP00000058,DUP,46331305,X,46331305,12630228,3,5,PRECISE,218,PASS,0/1,P007
X,46331306,DEL00000057,DEL,48689297,X,48689297,-2357991,15,19,PRECISE,747,PASS,0/1,P007
X,48689298,DUP00000059,DUP,66650940,X,66650940,17961642,4,16,PRECISE,431,PASS,0/1,P007
X,66650941,DEL00000058,DEL,105844225,X,105844225,-39193284,6,25,PRECISE,803,PASS,0/1,P007
X,105844226,DUP00000060,DUP,109798565,X,109798565,3954339,27,0,IMPRECISE,656,PASS,0/1,P007
X,109798566,DEL00000059,DEL,120001631,X,120001631,-10203065,32,5,PRECISE,768,PASS,0/1,P007
X,120001632,DUP00000061,DUP,127090818,X,127090818,7089186,10,21,PRECISE,819,PASS,0/1,P007
X,127090819,DEL00000060,DEL,143177295,X,143177295,-16086476,2,12,PRECISE,477,PASS,0/1,P007
X,143177296,DUP00000062,DUP,156040895,X,156040895,12863599,28,21,PRECISE,1171,PASS,1/1,P007
6,115679634,BND00000001,BND,49919619,17,49919619,,0,7,PRECISE,310,PASS,0/1,P007
5,40456021,BND00000002,BND,81919889,X,81919889,,23,3,IMPRECISE,695,PASS,0/1,P007
14,19033957,INV00000001,INV,19040504,14,19040504,6547,33,18,PRECISE,1121,PASS,0/1,P007
22,26962136,DEL00000061,DEL,26964422,22,26964422,-2286,26,14,PRECISE,886,PASS,1/1,P007
10,88988882,DEL00000062,DEL,89010636,10,89010636,-21754,36,15,PRECISE,1119,PASS,0/1,P007
13,17825059,INV00000002,INV,18659678,13,18659678,834619,12,12,PRECISE,644,PASS,0/1,P007
14,16402752,DEL00000063,DEL,16412523,14,16412523,-9771,13,8,PRECISE,474,PASS,0/1,P007
8,60181507,BND00000003,BND,2636411,20,2636411,,32,4,PRECISE,789,PASS,1/1,P007
4,13611881,INV00000003,INV,13614021,4,13614021,2140,3,9,PRECISE,339,PASS,0/1,P007
16,42506354,DUP00000063,DUP,44161365,16,44161365,1655011,7,19,PRECISE,596,PASS,1/1,P007
19,22210181,BND00000004,BND,51596447,2,51596447,,4,4,PRECISE,248,PASS,0/1,P007
21,23810121,DUP00000064,DUP,24010585,21,24010585,200464,38,22,PRECISE,1356,PASS,0/1,P007
11,69671300,DEL00000064,DEL,69689857,11,69689857,-18557,26,21,PRECISE,981,PASS,1/1,P007
3,40484770,INS00000001,INS,40484771,3,40484771,2191,31,2,IMPRECISE,691,PASS,0/1,P007
6,116099285,INS00000002,INS,116099286,6,116099286,5327,16,10,PRECISE,720,PASS,0/1,P007
22,4536752,DEL00000065,DEL,4537939,22,4537939,-1187,28,12,PRECISE,922,PASS,0/1,P007
16,14596704,DEL00000066,DEL,14894614,16,14894614,-297910,33,10,PRECISE,959,PASS,0/1,P007
20,56447837,DEL00000067,DEL,56588427,20,56588427,-140590,10,1,IMPRECISE,278,PASS,1/1,P007
19,19157292,DUP00000065,DUP,19756375,19,19756375,599083,11,10,PRECISE,464,PASS,0/1,P007
16,68755439,DEL00000068,DEL,68756088,16,68756088,-649,10,3,IMPRECISE,433,PASS,0/1,P007
17,26036073,INS00000003,INS,26036074,17,26036074,3701,0,23,PRECISE,561,PASS,0/1,P007
3,118378282,INV00000004,INV,121112116,3,121112116,2733834,31,15,PRECISE,937,PASS,1/1,P007
17,26587380,INV00000005,INV,26590466,17,26590466,3086,38,17,PRECISE,1214,PASS,0/1,P007
6,57153345,DUP00000066,DUP,57171953,6,57171953,18608,27,8,PRECISE,877,PASS,0/1,P007
21,30122967,DEL00000069,DEL,30125641,21,30125641,-2674,27,6,PRECISE,661,PASS,1/1,P007
13,9636057,DEL00000070,DEL,10216671,13,10216671,-580614,12,24,PRECISE,722,PASS,1/1,P007
11,105108499,DEL00000071,DEL,105146478,11,105146478,-37979,10,4,PRECISE,466,PASS,0/1,P007
4,138407650,DEL00000072,DEL,138408562,4,138408562,-912,27,13,PRECISE,953,PASS,0/1,P007
6,137365370,DEL00000073,DEL,137743432,6,137743432,-378062,36,21,PRECISE,1194,PASS,0/1,P007
6,77306893,DEL00000074,DEL,77470646,6,77470646,-163753,36,11,PRECISE,989,PASS,1/1,P007
11,99898706,INS00000004,INS,99898707,11,99898707,1841,10,15,PRECISE,598,PASS,0/1,P007
10,49595994,INS00000005,INS,49595995,10,49595995,658,27,3,IMPRECISE,656,PASS,1/1,P007
5,79677834,DEL00000075,DEL,79718727,5,79718727,-40893,25,16,PRECISE,853,PASS,0/1,P007
13,2457747,INS00000006,INS,2457748,13,2457748,1323,32,5,PRECISE,862,PASS,0/1,P007
11,8841029,DEL00000076,DEL,8842177,11,8842177,-1148,11,7,PRECISE,427,PASS,1/1,P007
3,133363296,DUP00000067,DUP,134365405,3,134365405,1002109,13,9,PRECISE,589,PASS,0/1,P007
4,188807124,INS00000007,INS,188807125,4,188807125,4788,14,13,PRECISE,580,PASS,0/1,P007
15,51782492,INS00000008,INS,51782493,15,51782493,2506,24,24,PRECISE,1044,PASS,1/1,P007
17,54980590,DUP00000068,DUP,55154277,17,55154277,173687,36,1,IMPRECISE,912,PASS,0/1,P007
20,60597618,DEL00000077,DEL,62187625,20,62187625,-1590007,2,15,PRECISE,407,PASS,0/1,P007
12,101007390,INV00000006,INV,101016427,12,101016427,9037,11,17,PRECISE,696,PASS,0/1,P007
9,25141791,DUP00000069,DUP,26677028,9,26677028,1535237,4,10,PRECISE,338,PASS,0/1,P007
8,66812290,DUP00000070,DUP,66830553,8,66830553,18263,14,16,PRECISE,601,PASS,0/1,P007
13,77645614,DEL00000078,DEL,77649282,13,77649282,-3668,36,2,IMPRECISE,946,PASS,0/1,P007
13,64609809,INV00000007,INV,64806366,13,64806366,196557,29,5,PRECISE,727,PASS,1/1,P007
13,79833976,INS00000009,INS,79833977,13,79833977,1933,34,2,IMPRECISE,787,PASS,0/1,P007
9,43089290,DEL00000079,DEL,43095401,9,43095401,-6111,34,25,PRECISE,1284,PASS,1/1,P007
18,65208117,DUP00000071,DUP,65283580,18,65283580,75463,19,23,PRECISE,916,PASS,0/1,P007
4,180292881,DEL00000080,DEL,181040949,4,181040949,-748068,5,25,PRECISE,798,PASS,0/1,P007
15,61358232,BND00000005,BND,69208217,2,69208217,,22,25,PRECISE,1093,PASS,0/1,P007
7,126055870,DEL00000081,DEL,126152741,7,126152741,-96871,5,2,IMPRECISE,142,PASS,0/1,P007
10,103706727,DUP00000072,DUP,104135674,10,104135674,428947,18,6,PRECISE,512,PASS,0/1,P007
22,28197959,DUP00000073,DUP,29095097,22,29095097,897138,38,1,IMPRECISE,915,PASS,0/1,P007
17,52522611,DEL00000082,DEL,52561420,17,52561420,-38809,11,2,IMPRECISE,428,PASS,0/1,P007
11,90063516,DEL00000083,DEL,90659025,11,90659025,-595509,10,20,PRECISE,660,PASS,1/1,P007
10,23638885,INS00000010,INS,23638886,10,23638886,1239,17,25,PRECISE,968,PASS,0/1,P007
X,21921695,INV00000008,INV,21924004,X,21924004,2309,35,14,PRECISE,1082,PASS,1/1,P007
13,1114981,INV00000009,INV,2048327,13,2048327,933346,35,11,PRECISE,1104,PASS,0/1,P007
3,179148639,INS00000011,INS,179148640,3,179148640,3895,9,15,PRECISE,611,PASS,0/1,P007
4,36517356,INV00000010,INV,39796671,4,39796671,3279315,14,2,IMPRECISE,327,PASS,0/1,P007
22,19973313,INV00000011,INV,20079740,22,20079740,106427,26,14,PRECISE,926,PASS,0/1,P007
22,4721459,INS00000012,INS,4721460,22,4721460,5681,15,1,IMPRECISE,340,PASS,0/1,P007
20,36967826,DUP00000074,DUP,37018016,20,37018016,50190,16,5,PRECISE,527,PASS,1/1,P007
20,57177154,DEL00000084,DEL,57215454,20,57215454,-38300,9,4,PRECISE,310,PASS,0/1,P007
14,36039710,BND00000006,BND,2423527,14,2423527,,15,3,IMPRECISE,556,PASS,1/1,P007
1,12470879,DEL00000001,DEL,13719453,1,13719453,-1248574,16,12,PRECISE,688,PASS,0/1,P008
1,91721527,DUP00000001,DUP,92883857,1,92883857,1162330,0,3,IMPRECISE,79,LowQual,0/1,P008
1,92883858,DEL00000002,DEL,107082306,1,107082306,-14198448,29,22,PRECISE,1146,PASS,0/1,P008
1,107082307,DUP00000002,DUP,107857779,1,107857779,775472,19,2,IMPRECISE,605,PASS,1/1,P008
1,235197240,DUP00000003,DUP,248956422,1,248956422,13759182,38,9,PRECISE,949,PASS,0/1,P008
2,15896576,DUP00000004,DUP,16253565,2,16253565,356989,15,8,PRECISE,535,PASS,0/1,P008
2,16253566,DEL00000003,DEL,45876906,2,45876906,-29623340,15,8,PRECISE,636,PASS,0/1,P008
2,45876907,DUP00000005,DUP,57023313,2,57023313,11146406,0,18,PRECISE,462,PASS,0/1,P008
2,57023314,DEL00000004,DEL,57846537,2,57846537,-823223,6,24,PRECISE,752,PASS,0/1,P008
2,57846538,DUP00000006,DUP,96204803,2,96204803,38358265,31,15,PRECISE,988,PASS,0/1,P008
2,96204804,DEL00000005,DEL,120640173,2,120640173,-24435369,35,12,PRECISE,1031,PASS,0/1,P008
2,120640174,DUP00000007,DUP,143239469,2,143239469,22599295,13,8,PRECISE,467,PASS,1/1,P008
4,56017948,DEL00000006,DEL,62811104,4,62811104,-6793156,33,16,PRECISE,1100,PASS,0/1,P008
4,62811105,DUP00000008,DUP,64351171,4,64351171,1540066,13,22,PRECISE,893,PASS,0/1,P008
4,64351172,DUP00000009,DUP,64788835,4,64788835,437663,40,25,PRECISE,1392,PASS,0/1,P008
4,64788836,DEL00000007,DEL,68768766,4,68768766,-3979930,31,4,PRECISE,762,PASS,0/1,P008
4,68768767,DEL00000008,DEL,105487724,4,105487724,-36718957,33,1,IMPRECISE,747,PASS,0/1,P008
4,105487725,DUP00000010,DUP,118504710,4,118504710,13016985,11,6,PRECISE,447,PASS,0/1,P008
4,118504711,DEL00000009,DEL,118675134,4,118675134,-170423,17,10,PRECISE,652,PASS,0/1,P008
4,118675135,DUP00000011,DUP,142860697,4,142860697,24185562,39,1,IMPRECISE,824,PASS,0/1,P008
4,142860698,DUP00000012,DUP,146747579,4,146747579,3886881,38,15,PRECISE,1218,PASS,0/1,P008
4,146747580,DEL00000010,DEL,182998847,4,182998847,-36251267,11,9,PRECISE,444,PASS,0/1,P008
4,182998848,DUP00000013,DUP,190214555,4,190214555,7215707,19,5,PRECISE,632,PASS,0/1,P008
5,2968,DEL00000011,DEL,504960,5,504960,-501992,15,12,PRECISE,662,PASS,1/1,P008
5,504961,DUP00000014,DUP,29590795,5,29590795,29085834,23,10,PRECISE,804,PASS,1/1,P008
5,29590796,DEL00000012,DEL,38378683,5,38378683,-8787887,17,4,PRECISE,506,PASS,0/1,P008
5,159883828,DEL00000013,DEL,168316520,5,168316520,-8432692,24,20,PRECISE,939,PASS,1/1,P008
5,168316521,DUP00000015,DUP,181538259,5,181538259,13221738,36,10,PRECISE,950,PASS,0/1,P008
6,6989475,DUP00000016,DUP,14896436,6,14896436,7906961,14,20,PRECISE,680,PASS,0/1,P008
6,14896437,DEL00000014,DEL,27441360,6,27441360,-12544923,31,0,IMPRECISE,754,PASS,0/1,P008
6,27441361,DEL00000015,DEL,29288208,6,29288208,-1846847,35,13,PRECISE,996,PASS,0/1,P008
6,29288209,DUP00000017,DUP,68235349,6,68235349,38947140,30,0,IMPRECISE,799,PASS,0/1,P008
6,68235350,DUP00000018,DUP,70032434,6,70032434,1797084,27,8,PRECISE,833,PASS,0/1,P008
6,70032435,DEL00000016,DEL,71174135,6,71174135,-1141700,37,7,PRECISE,998,PASS,0/1,P008
6,71174136,DUP00000019,DUP,72044521,6,72044521,870385,2,5,PRECISE,301,PASS,0/1,P008
7,36759330,DUP00000020,DUP,37178124,7,37178124,418794,22,2,IMPRECISE,679,PASS,0/1,P008
7,92531353,DEL00000017,DEL,93050274,7,93050274,-518921,30,18,PRECISE,1137,PASS,0/1,P008
7,93050275,DUP00000021,DUP,116590033,7,116590033,23539758,2,22,PRECISE,511,PASS,0/1,P008
7,116590034,DUP00000022,DUP,122720912,7,122720912,6130878,17,24,PRECISE,901,PASS,0/1,P008
7,122720913,DEL00000018,DEL,145748144,7,145748144,-23027231,19,2,IMPRECISE,563,PASS,0/1,P008
7,145748145,DUP00000023,DUP,159345973,7,159345973,13597828,5,14,PRECISE,474,PASS,0/1,P008
8,21606731,DUP00000024,DUP,32375320,8,32375320,10768589,31,22,PRECISE,1090,PASS,0/1,P008
8,32375321,DEL00000019,DEL,45200000,8,45200000,-12824679,23,11,PRECISE,722,PASS,0/1,P008
8,45200001,DUP00000025,DUP,71340916,8,71340916,26140915,26,4,PRECISE,663,PASS,0/1,P008
8,71340917,DEL00000020,DEL,71662401,8,71662401,-321484,35,22,PRECISE,1180,PASS,0/1,P008
8,71662402,DUP00000026,DUP,77039724,8,77039724,5377322,2,20,PRECISE,508,PASS,0/1,P008
8,77039725,DEL00000021,DEL,85358439,8,85358439,-8318714,2,0,IMPRECISE,183,LowQual,1/1,P008
11,50525705,DEL00000022,DEL,53498415,11,53498415,-2972710,21,8,PRECISE,602,PASS,0/1,P008
11,53498416,DUP00000027,DUP,92507324,11,92507324,39008908,0,24,PRECISE,608,PASS,0/1,P008
11,92507325,DUP00000028,DUP,94217041,11,94217041,1709716,28,15,PRECISE,889,PASS,0/1,P008
11,94217042,DEL00000023,DEL,135086622,11,135086622,-40869580,7,8,PRECISE,332,PASS,0/1,P008
12,58871877,DUP00000029,DUP,80399075,12,80399075,21527198,28,1,IMPRECISE,639,PASS,0/1,P008
12,80399076,DEL00000024,DEL,98883192,12,98883192,-18484116,40,4,PRECISE,1040,PASS,0/1,P008
12,98883193,DEL00000025,DEL,101643551,12,101643551,-2760358,4,18,PRECISE,482,PASS,0/1,P008
12,101643552,DUP00000030,DUP,133275309,12,133275309,31631757,22,21,PRECISE,980,PASS,0/1,P008
13,1645117,DEL00000026,DEL,5620629,13,5620629,-3975512,18,4,PRECISE,580,PASS,0/1,P008
13,5620630,DUP00000031,DUP,42714604,13,42714604,37093974,10,16,PRECISE,674,PASS,0/1,P008
13,42714605,DEL00000027,DEL,43342445,13,43342445,-627840,17,9,PRECISE,654,PASS,0/1,P008
13,43342446,DUP00000032,DUP,67659092,13,67659092,24316646,11,0,IMPRECISE,284,PASS,0/1,P008
13,67659093,DUP00000033,DUP,101231995,13,101231995,33572902,2,23,PRECISE,570,PASS,0/1,P008
13,101231996,DEL00000028,DEL,114364328,13,114364328,-13132332,8,13,PRECISE,589,PASS,0/1,P008
14,9118423,DUP00000034,DUP,12783012,14,12783012,3664589,37,24,PRECISE,1414,PASS,0/1,P008
14,12783013,DEL00000029,DEL,29064528,14,29064528,-16281515,25,1,IMPRECISE,618,PASS,0/1,P008
14,29064529,DUP00000035,DUP,33600857,14,33600857,4536328,1,9,PRECISE,291,PASS,0/1,P008
14,84812744,DUP00000036,DUP,85664793,14,85664793,852049,32,22,PRECISE,1165,PASS,0/1,P008
14,85664794,DEL00000030,DEL,107043718,14,107043718,-21378924,8,16,PRECISE,503,PASS,0/1,P008
15,69657565,DEL00000031,DEL,70599479,15,70599479,-941914,27,21,PRECISE,968,PASS,0/1,P008
15,70599480,DUP00000037,DUP,101991189,15,101991189,31391709,7,0,IMPRECISE,277,PASS,0/1,P008
17,30483094,DEL00000032,DEL,33565912,17,33565912,-3082818,12,16,PRECISE,564,PASS,0/1,P008
17,33565913,DUP00000038,DUP,35480939,17,35480939,1915026,17,3,IMPRECISE,423,PASS,0/1,P008
17,35480940,DUP00000039,DUP,48177069,17,48177069,12696129,25,17,PRECISE,999,PASS,0/1,P008
17,48177070,DEL00000033,DEL,70980573,17,70980573,-22803503,20,25,PRECISE,945,PASS,0/1,P008
17,70980574,DUP00000040,DUP,73280788,17,73280788,2300214,35,7,PRECISE,1025,PASS,1/1,P008
17,73280789,DEL00000034,DEL,83257441,17,83257441,-9976652,37,11,PRECISE,1063,PASS,1/1,P008
19,23870824,DEL00000035,DEL,24665258,19,24665258,-794434,18,17,PRECISE,872,PASS,0/1,P008
19,24665259,DUP00000041,DUP,38917139,19,38917139,14251880,35,13,PRECISE,1155,PASS,0/1,P008
19,38917140,DEL00000036,DEL,44240368,19,44240368,-5323228,31,14,PRECISE,1066,PASS,0/1,P008
19,44240369,DUP00000042,DUP,47796468,19,47796468,3556099,32,7,PRECISE,805,PASS,0/1,P008
19,47796469,DEL00000037,DEL,49115524,19,49115524,-1319055,1,14,PRECISE,300,PASS,0/1,P008
19,49115525,DUP00000043,DUP,52131326,19,52131326,3015801,26,13,PRECISE,908,PASS,0/1,P008
19,52131327,DEL00000038,DEL,58617616,19,58617616,-6486289,14,23,PRECISE,766,PASS,1/1,P008
20,3815142,DUP00000044,DUP,5144657,20,5144657,1329515,32,19,PRECISE,1189,PASS,0/1,P008
20,5144658,DEL00000039,DEL,28100000,20,28100000,-22955342,34,6,PRECISE,817,PASS,1/1,P008
20,28100001,DUP00000045,DUP,64444167,20,64444167,36344166,17,5,PRECISE,509,PASS,0/1,P008
21,31009789,DEL00000040,DEL,46709983,21,46709983,-15700194,24,21,PRECISE,936,PASS,1/1,P008
22,4297065,DUP00000046,DUP,7610412,22,7610412,3313347,28,7,PRECISE,839,PASS,0/1,P008
22,7610413,DEL00000041,DEL,27717854,22,27717854,-20107441,19,24,PRECISE,1008,PASS,0/1,P008
22,27717855,DEL00000042,DEL,45747220,22,45747220,-18029365,18,18,PRECISE,753,PASS,0/1,P008
22,45747221,DUP00000047,DUP,48201463,22,48201463,2454242,33,7,PRECISE,980,PASS,0/1,P008
22,48201464,DEL00000043,DEL,50818468,22,50818468,-2617004,13,12,PRECISE,614,PASS,0/1,P008
15,93889833,BND00000001,BND,59537683,18,59537683,,28,4,PRECISE,665,PASS,0/1,P008
6,116890465,BND00000002,BND,107107361,7,107107361,,38,13,PRECISE,1027,PASS,0/1,P008
12,87331660,DEL00000044,DEL,87338559,12,87338559,-6899,37,14,PRECISE,1105,PASS,1/1,P008
5,54424965,DEL00000045,DEL,54425961,5,54425961,-996,5,2,IMPRECISE,317,PASS,0/1,P008
8,8677041,INV00000001,INV,8715238,8,8715238,38197,15,12,PRECISE,678,PASS,0/1,P008
12,5016821,DEL00000046,DEL,5042868,12,5042868,-26047,36,23,PRECISE,1377,PASS,1/1,P008
20,4118135,DEL00000047,DEL,4122902,20,4122902,-4767,11,24,PRECISE,702,PASS,0/1,P008
6,49641433,DUP00000048,DUP,49642882,6,49642882,1449,7,22,PRECISE,690,PASS,0/1,P008
11,93918228,INV00000002,INV,93919548,11,93919548,1320,24,22,PRECISE,1033,PASS,1/1,P008
1,224502546,INV00000003,INV,224741172,1,224741172,238626,19,21,PRECISE,925,PASS,0/1,P008
19,42585299,DEL00000048,DEL,43622043,19,43622043,-1036744,36,21,PRECISE,1217,PASS,0/1,P008
1,130652306,INS00000001,INS,130652307,1,130652307,3361,17,17,PRECISE,740,PASS,0/1,P008
2,117471359,INV00000004,INV,122412649,2,122412649,4941290,24,24,PRECISE,1109,PASS,0/1,P008
17,72735304,DEL00000049,DEL,72832355,17,72832355,-97051,31,21,PRECISE,1041,PASS,0/1,P008
13,11537173,INV00000005,INV,11601557,13,11601557,64384,3,24,PRECISE,668,PASS,0/1,P008
10,77795694,DEL00000050,DEL,77911556,10,77911556,-115862,26,4,PRECISE,663,PASS,1/1,P008
X,90453512,INS00000002,INS,90453513,X,90453513,391,29,21,PRECISE,1072,PASS,1/1,P008
3,100493117,DEL00000051,DEL,100493861,3,100493861,-744,13,7,PRECISE,460,PASS,1/1,P008
16,7676418,DUP00000049,DUP,7684389,16,7684389,7971,31,0,IMPRECISE,681,PASS,1/1,P008
9,110419875,DUP00000050,DUP,110425812,9,110425812,5937,6,5,PRECISE,419,PASS,1/1,P008
16,87295903,INS00000003,INS,87295904,16,87295904,2098,31,24,PRECISE,1238,PASS,0/1,P008
4,104400621,INS00000004,INS,104400622,4,104400622,4288,39,10,PRECISE,1054,PASS,0/1,P008
3,23612365,DEL00000052,DEL,23612763,3,23612763,-398,33,6,PRECISE,802,PASS,0/1,P008
7,9213247,INV00000006,INV,9588352,7,9588352,375105,40,22,PRECISE,1355,PASS,0/1,P008
3,158544485,INV00000007,INV,158732362,3,158732362,187877,9,6,PRECISE,378,PASS,0/1,P008
2,205504403,BND00000003,BND,38078275,21,38078275,,28,14,PRECISE,967,PASS,1/1,P008
10,5529890,DEL00000053,DEL,6841105,10,6841105,-1311215,17,21,PRECISE,863,PASS,0/1,P008
10,127515784,DUP00000051,DUP,127783853,10,127783853,268069,25,22,PRECISE,1107,PASS,1/1,P008
11,82523400,DEL00000054,DEL,83051419,11,83051419,-528019,11,12,PRECISE,621,PASS,0/1,P008
1,41360078,DEL00000055,DEL,41500562,1,41500562,-140484,31,22,PRECISE,1067,PASS,0/1,P008
9,110352183,INV00000008,INV,110905645,9,110905645,553462,3,15,PRECISE,491,PASS,0/1,P008
3,20775923,INV00000009,INV,20790763,3,20790763,14840,32,15,PRECISE,946,PASS,0/1,P008
15,63088033,DEL00000056,DEL,63361423,15,63361423,-273390,13,14,PRECISE,656,PASS,0/1,P008
8,36394632,INV00000010,INV,37077931,8,37077931,683299,30,21,PRECISE,1106,PASS,0/1,P008
7,111490999,BND00000004,BND,29930439,11,29930439,,25,8,PRECISE,846,PASS,0/1,P008
15,24455159,INV00000011,INV,24999657,15,24999657,544498,11,23,PRECISE,879,PASS,0/1,P008
22,5129391,INV00000012,INV,5607208,22,5607208,477817,19,18,PRECISE,790,PASS,1/1,P008
8,105122738,DUP00000052,DUP,106033605,8,106033605,910867,16,12,PRECISE,710,PASS,0/1,P008
7,154556096,BND00000005,BND,28335048,20,28335048,,17,25,PRECISE,878,PASS,0/1,P008
11,60129067,INV00000013,INV,60143093,11,60143093,14026,15,8,PRECISE,638,PASS,1/1,P008
11,52785458,BND00000006,BND,2951092,2,2951092,,21,9,PRECISE,675,PASS,0/1,P008
4,119552817,INV00000014,INV,119557615,4,119557615,4798,23,6,PRECISE,618,PASS,1/1,P008
9,113752840,INS00000005,INS,113752841,9,113752841,5323,11,15,PRECISE,662,PASS,0/1,P008
X,31788599,BND00000007,BND,47360742,15,47360742,,28,14,PRECISE,888,PASS,0/1,P008
5,59720102,DEL00000057,DEL,59780534,5,59780534,-60432,27,0,IMPRECISE,568,PASS,0/1,P008
5,57396039,DEL00000058,DEL,57474042,5,57474042,-78003,5,21,PRECISE,627,PASS,0/1,P008
11,70708355,BND00000008,BND,33966830,9,33966830,,29,18,PRECISE,978,PASS,0/1,P008
17,39274937,BND00000009,BND,27920137,10,27920137,,28,2,IMPRECISE,610,PASS,0/1,P008
14,69575255,BND00000010,BND,63353786,16,63353786,,24,11,PRECISE,770,PASS,1/1,P008
18,72571563,INV00000015,INV,72645615,18,72645615,74052,34,18,PRECISE,1209,PASS,0/1,P008
13,10879114,BND00000011,BND,33479548,20,33479548,,17,11,PRECISE,613,PASS,0/1,P008
21,24859481,BND00000012,BND,196353053,2,196353053,,39,15,PRECISE,1157,PASS,0/1,P008
15,33031853,INS00000006,INS,33031854,15,33031854,111,30,11,PRECISE,916,PASS,1/1,P008
3,81962508,BND00000013,BND,147184231,2,147184231,,30,19,PRECISE,1083,PASS,0/1,P008
8,72016633,BND00000014,BND,73606001,12,73606001,,7,14,PRECISE,490,PASS,1/1,P008
X,73553657,INV00000016,INV,73586664,X,73586664,33007,7,4,PRECISE,403,PASS,0/1,P008
14,87408987,INV00000017,INV,89419953,14,89419953,2010966,23,24,PRECISE,947,PASS,0/1,P008
4,135852307,DUP00000053,DUP,135904928,4,135904928,52621,17,3,IMPRECISE,564,PASS,1/1,P008
4,6127030,DEL00000059,DEL,6147162,4,6147162,-20132,7,14,PRECISE,610,PASS,0/1,P008
8,104493553,INV00000018,INV,106354464,8,106354464,1860911,7,16,PRECISE,484,PASS,1/1,P008
1,121408253,DUP00000054,DUP,121446370,1,121446370,38117,30,2,IMPRECISE,745,PASS,0/1,P008
7,133284674,DUP00000055,DUP,133316990,7,133316990,32316,20,14,PRECISE,802,PASS,0/1,P008
20,53095433,INV00000019,INV,55436970,20,55436970,2341537,31,23,PRECISE,1100,PASS,0/1,P008
9,33819481,BND00000015,BND,31614743,3,31614743,,28,15,PRECISE,950,PASS,1/1,P008
14,8735080,INV00000020,INV,12626966,14,12626966,3891886,19,7,PRECISE,570,PASS,0/1,P008
1,181269766,DEL00000060,DEL,181295163,1,181295163,-25397,1,12,PRECISE,265,PASS,0/1,P008
16,81630846,BND00000016,BND,161145880,1,161145880,,20,6,PRECISE,603,PASS,0/1,P008
5,48211153,INS00000007,INS,48211154,5,48211154,5723,33,15,PRECISE,1104,PASS,0/1,P008
16,42109279,DEL00000061,DEL,42188364,16,42188364,-79085,12,13,PRECISE,596,PASS,0/1,P008
3,147618551,INV00000021,INV,147904184,3,147904184,285633,22,25,PRECISE,1013,PASS,0/1,P008
3,89457468,DEL00000062,DEL,90464032,3,90464032,-1006564,14,15,PRECISE,596,PASS,0/1,P008
8,119635819,DUP00000056,DUP,119655821,8,119655821,20002,31,11,PRECISE,857,PASS,0/1,P008
10,39455952,INS00000008,INS,39455953,10,39455953,1950,8,7,PRECISE,406,PASS,0/1,P008
11,34783599,BND00000017,BND,37486894,9,37486894,,8,25,PRECISE,853,PASS,0/1,P008
5,172613577,INV00000022,INV,173033363,5,173033363,419786,34,6,PRECISE,905,PASS,0/1,P008
21,8143276,DEL00000063,DEL,8151528,21,8151528,-8252,11,19,PRECISE,636,PASS,1/1,P008
1,174042230,DEL00000064,DEL,174047151,1,174047151,-4921,29,11,PRECISE,949,PASS,0/1,P008
2,70470425,DUP00000001,DUP,105130587,2,105130587,34660162,22,5,PRECISE,728,PASS,0/1,P009
3,21951197,DUP00000002,DUP,22442680,3,22442680,491483,36,2,IMPRECISE,860,PASS,1/1,P009
3,138550348,DUP00000003,DUP,166904291,3,166904291,28353943,22,12,PRECISE,769,PASS,0/1,P009
3,166904292,DEL00000001,DEL,189001885,3,189001885,-22097593,3,2,IMPRECISE,133,LowQual,0/1,P009
3,189001886,DEL00000002,DEL,194327524,3,194327524,-5325638,20,24,PRECISE,1069,PASS,1/1,P009
3,194327525,DUP00000004,DUP,198295559,3,198295559,3968034,6,7,PRECISE,413,PASS,0/1,P009
5,39651068,DUP00000005,DUP,44112292,5,44112292,4461224,19,24,PRECISE,979,PASS,0/1,P009
5,44112293,DEL00000003,DEL,93320389,5,93320389,-49208096,25,21,PRECISE,1026,PASS,0/1,P009
5,93320390,DEL00000004,DEL,98557457,5,98557457,-5237067,20,19,PRECISE,817,PASS,1/1,P009
5,98557458,DUP00000006,DUP,148012074,5,148012074,49454616,11,23,PRECISE,692,PASS,0/1,P009
5,148012075,DEL00000005,DEL,148155307,5,148155307,-143232,5,1,IMPRECISE,172,PASS,0/1,P009
5,148155308,DUP00000007,DUP,181538259,5,181538259,33382951,3,24,PRECISE,647,PASS,0/1,P009
6,37141972,DEL00000006,DEL,37526762,6,37526762,-384790,36,8,PRECISE,1035,PASS,0/1,P009
6,37526763,DUP00000008,DUP,63718666,6,63718666,26191903,30,2,IMPRECISE,708,PASS,0/1,P009
6,63718667,DEL00000007,DEL,86378527,6,86378527,-22659860,32,24,PRECISE,1244,PASS,0/1,P009
6,86378528,DUP00000009,DUP,115522110,6,115522110,29143582,18,10,PRECISE,604,PASS,1/1,P009
6,115522111,DUP00000010,DUP,127038464,6,127038464,11516353,13,20,PRECISE,786,PASS,1/1,P009
6,127038465,DEL00000008,DEL,170805979,6,170805979,-43767514,32,0,IMPRECISE,772,PASS,0/1,P009
7,16867346,DEL00000009,DEL,32037465,7,32037465,-15170119,27,22,PRECISE,1147,PASS,0/1,P009
8,14477171,DEL00000010,DEL,30506926,8,30506926,-16029755,17,12,PRECISE,617,PASS,0/1,P009
8,30506927,DUP00000011,DUP,45200000,8,45200000,14693073,32,4,PRECISE,722,PASS,0/1,P009
8,45200001,DUP00000012,DUP,47030927,8,47030927,1830926,22,21,PRECISE,1024,PASS,0/1,P009
8,47030928,DEL00000011,DEL,49607225,8,49607225,-2576297,6,8,PRECISE,351,PASS,0/1,P009
8,49607226,DUP00000013,DUP,95647840,8,95647840,46040614,33,19,PRECISE,1201,PASS,0/1,P009
8,95647841,DEL00000012,DEL,97649737,8,97649737,-2001896,13,6,PRECISE,411,PASS,0/1,P009
8,97649738,DUP00000014,DUP,145138636,8,145138636,47488898,35,5,PRECISE,823,PASS,1/1,P009
9,43000001,DUP00000015,DUP,81475332,9,81475332,38475331,38,0,IMPRECISE,950,PASS,0/1,P009
9,81475333,DEL00000013,DEL,115448472,9,115448472,-33973139,17,19,PRECISE,782,PASS,1/1,P009
9,115448473,DUP00000016,DUP,126073957,9,126073957,10625484,35,25,PRECISE,1315,PASS,1/1,P009
9,126073958,DUP00000017,DUP,138394717,9,138394717,12320759,17,24,PRECISE,854,PASS,0/1,P009
13,17700001,DEL00000014,DEL,34294024,13,34294024,-16594023,21,9,PRECISE,787,PASS,0/1,P009
13,34294025,DUP00000018,DUP,43638594,13,43638594,9344569,38,23,PRECISE,1293,PASS,0/1,P009
13,43638595,DEL00000015,DEL,49610873,13,49610873,-5972278,36,8,PRECISE,904,PASS,0/1,P009
13,49610874,DUP00000019,DUP,50710515,13,50710515,1099641,13,24,PRECISE,868,PASS,0/1,P009
14,62218076,DEL00000016,DEL,99895627,14,99895627,-37677551,39,5,PRECISE,1079,PASS,0/1,P009
14,99895628,DUP00000020,DUP,107043718,14,107043718,7148090,12,17,PRECISE,581,PASS,0/1,P009
15,80710476,DEL00000017,DEL,93630752,15,93630752,-12920276,37,20,PRECISE,1241,PASS,0/1,P009
15,93630753,DUP00000021,DUP,101991189,15,101991189,8360436,18,0,IMPRECISE,405,PASS,0/1,P009
18,18500001,DEL00000018,DEL,47056810,18,47056810,-28556809,3,18,PRECISE,500,PASS,0/1,P009
18,47056811,DUP00000022,DUP,47476181,18,47476181,419370,9,0,IMPRECISE,223,PASS,1/1,P009
18,47476182,DEL00000019,DEL,72709905,18,72709905,-25233723,26,12,PRECISE,804,PASS,1/1,P009
18,72709906,DUP00000023,DUP,73037521,18,73037521,327615,3,17,PRECISE,405,PASS,0/1,P009
18,73037522,DEL00000020,DEL,80373285,18,80373285,-7335763,29,21,PRECISE,1167,PASS,0/1,P009
20,11335815,DUP00000024,DUP,43606797,20,43606797,32270982,3,8,PRECISE,370,PASS,0/1,P009
20,43606798,DEL00000021,DEL,62251649,20,62251649,-18644851,6,16,PRECISE,530,PASS,1/1,P009
20,62251650,DEL00000022,DEL,62582721,20,62582721,-331071,24,3,IMPRECISE,645,PASS,0/1,P009
20,62582722,DUP00000025,DUP,64444167,20,64444167,1861445,21,1,IMPRECISE,628,PASS,0/1,P009
21,9674889,DUP00000026,DUP,25824056,21,25824056,16149167,11,2,IMPRECISE,297,PASS,0/1,P009
21,25824057,DEL00000023,DEL,46709983,21,46709983,-20885926,25,14,PRECISE,868,PASS,0/1,P009
22,6618402,DUP00000027,DUP,18778242,22,18778242,12159840,24,11,PRECISE,807,PASS,0/1,P009
22,18778243,DEL00000024,DEL,50818468,22,50818468,-32040225,8,13,PRECISE,619,PASS,1/1,P009
22,6464192,INS00000001,INS,6464193,22,6464193,2895,7,12,PRECISE,454,PASS,1/1,P009
17,4760638,BND00000001,BND,88776578,12,88776578,,25,9,PRECISE,808,PASS,0/1,P009
1,106782965,DEL00000025,DEL,106812803,1,106812803,-29838,18,20,PRECISE,913,PASS,1/1,P009
1,11085117,INS00000002,INS,11085118,1,11085118,428,33,2,IMPRECISE,834,PASS,0/1,P009
12,101267525,INS00000003,INS,101267526,12,101267526,1523,14,24,PRECISE,908,PASS,0/1,P009
14,47689024,DEL00000026,DEL,48018557,14,48018557,-329533,25,21,PRECISE,1029,PASS,1/1,P009
17,1552900,DEL00000027,DEL,2426448,17,2426448,-873548,19,15,PRECISE,737,PASS,1/1,P009
3,152592048,INS00000004,INS,152592049,3,152592049,2205,22,18,PRECISE,913,PASS,0/1,P009
3,166950036,DEL00000028,DEL,166952114,3,166952114,-2078,29,18,PRECISE,1137,PASS,0/1,P009
13,50011334,INV00000001,INV,50081032,13,50081032,69698,18,25,PRECISE,1049,PASS,0/1,P009
21,34959899,INS00000005,INS,34959900,21,34959900,3963,27,23,PRECISE,1119,PASS,1/1,P009
1,84372387,DEL00000029,DEL,84736809,1,84736809,-364422,8,23,PRECISE,788,PASS,1/1,P009
1,99893280,INV00000002,INV,99957742,1,99957742,64462,9,16,PRECISE,524,PASS,0/1,P009
1,44007325,INV00000003,INV,44031976,1,44031976,24651,3,19,PRECISE,616,PASS,0/1,P009
22,30019616,DEL00000030,DEL,31549721,22,31549721,-1530105,3,11,PRECISE,337,PASS,0/1,P009
12,67455633,BND00000002,BND,15297911,15,15297911,,24,15,PRECISE,855,PASS,0/1,P009
12,1397463,INV00000004,INV,1961265,12,1961265,563802,40,2,IMPRECISE,844,PASS,0/1,P009
21,31239077,INV00000005,INV,31660467,21,31660467,421390,2,1,IMPRECISE,78,LowQual,0/1,P009
19,49411002,INV00000006,INV,49670244,19,49670244,259242,35,12,PRECISE,1043,PASS,0/1,P009
20,26274652,INS00000006,INS,26274653,20,26274653,5424,37,19,PRECISE,1130,PASS,0/1,P009
13,105063832,INV00000007,INV,107436208,13,107436208,2372376,13,24,PRECISE,838,PASS,0/1,P009
6,127153691,INV00000008,INV,127157256,6,127157256,3565,33,18,PRECISE,1082,PASS,0/1,P009
18,69508339,INS00000007,INS,69508340,18,69508340,1519,0,11,PRECISE,388,PASS,1/1,P009
6,162071732,INV00000009,INV,162545300,6,162545300,473568,21,13,PRECISE,852,PASS,0/1,P009
1,89122022,DEL00000001,DEL,92580889,1,92580889,-3458867,40,3,IMPRECISE,959,PASS,0/1,P010
1,92580890,DEL00000002,DEL,103659980,1,103659980,-11079090,13,11,PRECISE,672,PASS,0/1,P010
1,159131681,DUP00000001,DUP,160205791,1,160205791,1074110,30,10,PRECISE,893,PASS,1/1,P010
1,220397616,DEL00000003,DEL,228978345,1,228978345,-8580729,31,1,IMPRECISE,708,PASS,0/1,P010
1,228978346,DUP00000002,DUP,230050676,1,230050676,1072330,13,11,PRECISE,603,PASS,0/1,P010
1,230050677,DEL00000004,DEL,230933317,1,230933317,-882640,24,12,PRECISE,898,PASS,0/1,P010
1,230933318,DUP00000003,DUP,248956422,1,248956422,18023104,2,19,PRECISE,473,PASS,0/1,P010
2,4517761,DUP00000004,DUP,4937995,2,4937995,420234,28,17,PRECISE,915,PASS,1/1,P010
2,4937996,DEL00000005,DEL,54024290,2,54024290,-49086294,20,23,PRECISE,942,PASS,0/1,P010
2,54024291,DEL00000006,DEL,86554040,2,86554040,-32529749,35,11,PRECISE,987,PASS,1/1,P010
2,86554041,DUP00000005,DUP,104601132,2,104601132,18047091,39,6,PRECISE,1004,PASS,0/1,P010
2,104601133,DUP00000006,DUP,105442436,2,105442436,841303,27,13,PRECISE,888,PASS,0/1,P010
2,105442437,DEL00000007,DEL,127353971,2,127353971,-21911534,3,8,PRECISE,260,PASS,0/1,P010
2,127353972,DEL00000008,DEL,127839533,2,127839533,-485561,36,24,PRECISE,1332,PASS,0/1,P010
2,220974247,DUP00000007,DUP,242193529,2,242193529,21219282,31,11,PRECISE,993,PASS,0/1,P010
3,63153055,DEL00000009,DEL,64335945,3,64335945,-1182890,3,4,PRECISE,331,PASS,0/1,P010
3,64335946,DUP00000008,DUP,90900000,3,90900000,26564054,22,4,PRECISE,645,PASS,0/1,P010
4,115354484,DUP00000009,DUP,116372424,4,116372424,1017940,33,8,PRECISE,912,PASS,0/1,P010
4,116372425,DEL00000010,DEL,166011326,4,166011326,-49638901,36,16,PRECISE,1140,PASS,1/1,P010
4,166011327,DUP00000010,DUP,167641866,4,167641866,1630539,0,1,IMPRECISE,119,LowQual,0/1,P010
4,167641867,DEL00000011,DEL,190214555,4,190214555,-22572688,32,22,PRECISE,1228,PASS,0/1,P010
5,11853334,DEL00000012,DEL,13763680,5,13763680,-1910346,3,6,PRECISE,202,PASS,0/1,P010
5,69928452,DUP00000011,DUP,74408414,5,74408414,4479962,23,4,PRECISE,691,PASS,1/1,P010
6,62222836,DUP00000012,DUP,88629336,6,88629336,26406500,15,18,PRECISE,726,PASS,0/1,P010
6,88629337,DEL00000013,DEL,102736682,6,102736682,-14107345,7,14,PRECISE,526,PASS,0/1,P010
6,102736683,DEL00000014,DEL,103092047,6,103092047,-355364,4,22,PRECISE,651,PASS,0/1,P010
6,103092048,DUP00000013,DUP,137350132,6,137350132,34258084,38,22,PRECISE,1271,PASS,0/1,P010
6,137350133,DEL00000015,DEL,143461627,6,143461627,-6111494,18,21,PRECISE,889,PASS,0/1,P010
6,143461628,DUP00000014,DUP,151851023,6,151851023,8389395,13,9,PRECISE,625,PASS,0/1,P010
6,151851024,DUP00000015,DUP,153840792,6,153840792,1989768,14,8,PRECISE,509,PASS,0/1,P010
6,153840793,DEL00000016,DEL,170805979,6,170805979,-16965186,0,20,PRECISE,448,PASS,0/1,P010
7,12745276,DEL00000017,DEL,16321974,7,16321974,-3576698,25,6,PRECISE,645,PASS,1/1,P010
7,16321975,DEL00000018,DEL,24984148,7,24984148,-8662173,9,13,PRECISE,591,PASS,0/1,P010
7,24984149,DUP00000016,DUP,29475515,7,29475515,4491366,39,1,IMPRECISE,938,PASS,1/1,P010
7,29475516,DUP00000017,DUP,55442274,7,55442274,25966758,39,15,PRECISE,1114,PASS,0/1,P010
7,55442275,DEL00000019,DEL,55960741,7,55960741,-518466,18,17,PRECISE,896,PASS,0/1,P010
7,55960742,DUP00000018,DUP,58205956,7,58205956,2245214,4,6,PRECISE,249,PASS,0/1,P010
7,58205957,DEL00000020,DEL,59125591,7,59125591,-919634,20,1,IMPRECISE,556,PASS,0/1,P010
7,59125592,DUP00000019,DUP,60100000,7,60100000,974408,3,5,PRECISE,222,PASS,1/1,P010
7,129912329,DEL00000021,DEL,130016855,7,130016855,-104526,27,5,PRECISE,824,PASS,0/1,P010
7,130016856,DUP00000020,DUP,159345973,7,159345973,29329117,31,5,PRECISE,888,PASS,0/1,P010
8,82189293,DUP00000021,DUP,102104887,8,102104887,19915594,16,25,PRECISE,922,PASS,0/1,P010
8,102104888,DEL00000022,DEL,145138636,8,145138636,-43033748,37,17,PRECISE,1183,PASS,0/1,P010
9,3289597,DEL00000023,DEL,20459347,9,20459347,-17169750,30,7,PRECISE,750,PASS,0/1,P010
9,20459348,DUP00000022,DUP,45124580,9,45124580,24665232,19,8,PRECISE,561,PASS,1/1,P010
9,45124581,DUP00000023,DUP,69663062,9,69663062,24538481,14,5,PRECISE,485,PASS,0/1,P010
9,69663063,DEL00000024,DEL,72065089,9,72065089,-2402026,23,1,IMPRECISE,614,PASS,1/1,P010
9,72065090,DUP00000024,DUP,82448581,9,82448581,10383491,15,9,PRECISE,596,PASS,1/1,P010
10,14289717,DUP00000025,DUP,20737918,10,20737918,6448201,19,9,PRECISE,730,PASS,0/1,P010
10,20737919,DEL00000025,DEL,21565152,10,21565152,-827233,40,21,PRECISE,1318,PASS,0/1,P010
10,21565153,DUP00000026,DUP,41649727,10,41649727,20084574,16,7,PRECISE,584,PASS,0/1,P010
10,91748402,DEL00000026,DEL,93627488,10,93627488,-1879086,22,2,IMPRECISE,596,PASS,0/1,P010
10,93627489,DUP00000027,DUP,104878113,10,104878113,11250624,0,22,PRECISE,623,PASS,0/1,P010
10,104878114,DEL00000027,DEL,105445544,10,105445544,-567430,15,2,IMPRECISE,393,PASS,0/1,P010
10,105445545,DUP00000028,DUP,108157176,10,108157176,2711631,10,14,PRECISE,586,PASS,0/1,P010
10,108157177,DEL00000028,DEL,133797422,10,133797422,-25640245,20,21,PRECISE,1014,PASS,0/1,P010
11,13327490,DUP00000029,DUP,15929661,11,15929661,2602171,4,4,PRECISE,285,PASS,0/1,P010
11,15929662,DEL00000029,DEL,20240083,11,20240083,-4310421,25,4,PRECISE,651,PASS,1/1,P010
11,20240084,DEL00000030,DEL,21980445,11,21980445,-1740361,13,8,PRECISE,550,PASS,0/1,P010
11,21980446,DUP00000030,DUP,58016507,11,58016507,36036061,6,25,PRECISE,647,PASS,0/1,P010
11,58016508,DEL00000031,DEL,58668477,11,58668477,-651969,22,9,PRECISE,774,PASS,0/1,P010
11,58668478,DUP00000031,DUP,66703609,11,66703609,8035131,32,10,PRECISE,988,PASS,1/1,P010
11,66703610,DUP00000032,DUP,67137871,11,67137871,434261,30,21,PRECISE,1177,PASS,0/1,P010
12,15940129,DUP00000033,DUP,46154349,12,46154349,30214220,1,16,PRECISE,474,PASS,0/1,P010
13,18027323,DEL00000032,DEL,19519113,13,19519113,-1491790,40,11,PRECISE,1154,PASS,0/1,P010
13,19519114,DUP00000034,DUP,42501996,13,42501996,22982882,33,8,PRECISE,872,PASS,0/1,P010
13,42501997,DUP00000035,DUP,43192836,13,43192836,690839,16,25,PRECISE,926,PASS,1/1,P010
13,43192837,DEL00000033,DEL,76276524,13,76276524,-33083687,5,17,PRECISE,628,PASS,1/1,P010
13,76276525,DEL00000034,DEL,77765175,13,77765175,-1488650,1,14,PRECISE,472,PASS,0/1,P010
13,77765176,DUP00000036,DUP,114364328,13,114364328,36599152,4,2,IMPRECISE,162,PASS,0/1,P010
15,13745256,DUP00000037,DUP,16283799,15,16283799,2538543,26,15,PRECISE,1015,PASS,0/1,P010
15,16283800,DEL00000035,DEL,19450031,15,19450031,-3166231,39,12,PRECISE,1074,PASS,0/1,P010
15,19450032,DUP00000038,DUP,46353479,15,46353479,26903447,24,16,PRECISE,991,PASS,0/1,P010
15,46353480,DEL00000036,DEL,64247778,15,64247778,-17894298,8,22,PRECISE,776,PASS,1/1,P010
15,64247779,DUP00000039,DUP,71154204,15,71154204,6906425,24,7,PRECISE,626,PASS,0/1,P010
15,71154205,DUP00000040,DUP,81562634,15,81562634,10408429,6,14,PRECISE,565,PASS,0/1,P010
15,81562635,DEL00000037,DEL,101991189,15,101991189,-20428554,22,9,PRECISE,793,PASS,0/1,P010
16,437396,DUP00000041,DUP,1071589,16,1071589,634193,15,4,PRECISE,408,PASS,1/1,P010
16,1071590,DEL00000038,DEL,48000936,16,48000936,-46929346,11,9,PRECISE,451,PASS,0/1,P010
16,48000937,DUP00000042,DUP,52794313,16,52794313,4793376,11,16,PRECISE,732,PASS,1/1,P010
16,52794314,DEL00000039,DEL,77911865,16,77911865,-25117551,14,5,PRECISE,383,PASS,0/1,P010
16,77911866,DEL00000040,DEL,78562493,16,78562493,-650627,28,17,PRECISE,971,PASS,0/1,P010
16,78562494,DUP00000043,DUP,87853227,16,87853227,9290733,24,13,PRECISE,914,PASS,1/1,P010
16,87853228,DUP00000044,DUP,90338345,16,90338345,2485117,27,11,PRECISE,828,PASS,0/1,P010
18,18500001,DEL00000041,DEL,24039039,18,24039039,-5539038,22,10,PRECISE,674,PASS,0/1,P010
18,24039040,DUP00000045,DUP,27940872,18,27940872,3901832,2,22,PRECISE,548,PASS,0/1,P010
18,27940873,DEL00000042,DEL,44882153,18,44882153,-16941280,5,6,PRECISE,357,PASS,1/1,P010
18,44882154,DUP00000046,DUP,55322930,18,55322930,10440776,19,6,PRECISE,570,PASS,0/1,P010
18,55322931,DEL00000043,DEL,71537922,18,71537922,-16214991,19,8,PRECISE,562,PASS,0/1,P010
18,71537923,DUP00000047,DUP,80373285,18,80373285,8835362,22,23,PRECISE,1012,PASS,0/1,P010
19,5215821,DEL00000044,DEL,6408065,19,6408065,-1192244,13,16,PRECISE,581,PASS,0/1,P010
19,6408066,DUP00000048,DUP,13890071,19,13890071,7482005,2,4,PRECISE,147,PASS,0/1,P010
19,13890072,DUP00000049,DUP,14648897,19,14648897,758825,9,2,IMPRECISE,321,PASS,0/1,P010
19,14648898,DEL00000045,DEL,20543843,19,20543843,-5894945,16,22,PRECISE,943,PASS,1/1,P010
19,20543844,DEL00000046,DEL,20704965,19,20704965,-161121,4,7,PRECISE,299,PASS,0/1,P010
19,20704966,DUP00000050,DUP,54860831,19,54860831,34155865,17,2,IMPRECISE,382,PASS,0/1,P010
19,54860832,DUP00000051,DUP,58617616,19,58617616,3756784,8,21,PRECISE,606,PASS,0/1,P010
20,1005826,DUP00000052,DUP,1667597,20,1667597,661771,36,17,PRECISE,1132,PASS,0/1,P010
20,1667598,DEL00000047,DEL,6541760,20,6541760,-4874162,2,3,IMPRECISE,226,LowQual,0/1,P010
20,6541761,DUP00000053,DUP,15930135,20,15930135,9388374,19,2,IMPRECISE,535,PASS,0/1,P010
20,15930136,DEL00000048,DEL,17505059,20,17505059,-1574923,1,1,IMPRECISE,64,LowQual,1/1,P010
20,17505060,DUP00000054,DUP,21624489,20,21624489,4119429,8,3,IMPRECISE,254,PASS,0/1,P010
20,21624490,DEL00000049,DEL,57961190,20,57961190,-36336700,19,10,PRECISE,695,PASS,0/1,P010
20,57961191,DEL00000050,DEL,64444167,20,64444167,-6482976,3,17,PRECISE,478,PASS,0/1,P010
21,16459332,DEL00000051,DEL,46709983,21,46709983,-30250651,0,1,IMPRECISE,107,LowQual,0/1,P010
22,6518275,DEL00000052,DEL,9205693,22,9205693,-2687418,40,3,IMPRECISE,862,PASS,0/1,P010
22,9205694,DUP00000055,DUP,11565690,22,11565690,2359996,16,19,PRECISE,730,PASS,1/1,P010
22,11565691,DUP00000056,DUP,24576866,22,24576866,13011175,37,8,PRECISE,917,PASS,0/1,P010
22,24576867,DEL00000053,DEL,50818468,22,50818468,-26241601,13,17,PRECISE,781,PASS,0/1,P010
11,123271441,INV00000001,INV,123491138,11,123491138,219697,12,8,PRECISE,411,PASS,0/1,P010
19,28211382,DEL00000054,DEL,30133402,19,30133402,-1922020,20,4,PRECISE,488,PASS,0/1,P010
18,77979420,INV00000002,INV,78983122,18,78983122,1003702,18,14,PRECISE,675,PASS,0/1,P010
22,15460210,DEL00000055,DEL,15463830,22,15463830,-3620,2,5,PRECISE,193,PASS,0/1,P010
7,28398269,INV00000003,INV,28411419,7,28411419,13150,6,8,PRECISE,320,PASS,0/1,P010
5,53574218,DEL00000056,DEL,53576584,5,53576584,-2366,7,18,PRECISE,642,PASS,0/1,P010
5,99684456,DEL00000057,DEL,100252413,5,100252413,-567957,39,2,IMPRECISE,947,PASS,1/1,P010
8,63912594,INV00000004,INV,63915735,8,63915735,3141,26,25,PRECISE,1024,PASS,0/1,P010
20,55573119,BND00000001,BND,62595340,20,62595340,,29,3,IMPRECISE,661,PASS,0/1,P010
10,104130907,DUP00000057,DUP,104136031,10,104136031,5124,40,0,IMPRECISE,918,PASS,1/1,P010
6,4442538,DEL00000058,DEL,4444051,6,4444051,-1513,27,1,IMPRECISE,613,PASS,0/1,P010
5,123797037,DEL00000059,DEL,123802837,5,123802837,-5800,30,4,PRECISE,840,PASS,0/1,P010
15,17657670,INV00000005,INV,17660301,15,17660301,2631,20,11,PRECISE,639,PASS,0/1,P010
6,157189406,INS00000001,INS,157189407,6,157189407,4942,38,13,PRECISE,1211,PASS,1/1,P010
22,8561348,BND00000002,BND,52749594,13,52749594,,26,16,PRECISE,1005,PASS,0/1,P010
9,131258809,DEL00000060,DEL,133598263,9,133598263,-2339454,36,21,PRECISE,1266,PASS,0/1,P010
15,90392494,DEL00000061,DEL,90392952,15,90392952,-458,15,9,PRECISE,594,PASS,0/1,P010
1,49952880,DUP00000001,DUP,50280244,1,50280244,327364,38,21,PRECISE,1256,PASS,1/1,P011
1,184795000,DUP00000002,DUP,185183835,1,185183835,388835,8,3,IMPRECISE,351,PASS,1/1,P011
2,19874255,DEL00000001,DEL,25999804,2,25999804,-6125549,24,24,PRECISE,1061,PASS,0/1,P011
2,149664616,DUP00000003,DUP,165145802,2,165145802,15481186,28,18,PRECISE,1076,PASS,1/1,P011
3,59701332,DUP00000004,DUP,60490908,3,60490908,789576,33,8,PRECISE,912,PASS,1/1,P011
3,60490909,DEL00000002,DEL,87719038,3,87719038,-27228129,40,23,PRECISE,1307,PASS,1/1,P011
3,87719039,DUP00000005,DUP,89148265,3,89148265,1429226,37,10,PRECISE,1083,PASS,1/1,P011
4,45917117,DEL00000003,DEL,46063129,4,46063129,-146012,11,17,PRECISE,704,PASS,0/1,P011
4,46063130,DUP00000006,DUP,85391898,4,85391898,39328768,13,11,PRECISE,616,PASS,0/1,P011
4,85391899,DEL00000004,DEL,86694311,4,86694311,-1302412,29,19,PRECISE,969,PASS,0/1,P011
4,179355109,DEL00000005,DEL,180591045,4,180591045,-1235936,27,12,PRECISE,878,PASS,0/1,P011
4,180591046,DUP00000007,DUP,190214555,4,190214555,9623509,14,8,PRECISE,568,PASS,0/1,P011
5,33761324,DUP00000008,DUP,35793752,5,35793752,2032428,36,20,PRECISE,1241,PASS,0/1,P011
5,35793753,DEL00000006,DEL,51714987,5,51714987,-15921234,36,4,PRECISE,975,PASS,1/1,P011
5,51714988,DEL00000007,DEL,53086569,5,53086569,-1371581,38,20,PRECISE,1334,PASS,0/1,P011
5,139615938,DUP00000009,DUP,139946512,5,139946512,330574,4,5,PRECISE,252,PASS,0/1,P011
5,139946513,DEL00000008,DEL,181538259,5,181538259,-41591746,33,15,PRECISE,1056,PASS,0/1,P011
8,5672280,DUP00000010,DUP,6980748,8,6980748,1308468,39,15,PRECISE,1272,PASS,0/1,P011
8,131937763,DEL00000009,DEL,137848695,8,137848695,-5910932,22,5,PRECISE,604,PASS,0/1,P011
8,137848696,DUP00000011,DUP,145138636,8,145138636,7289940,13,2,IMPRECISE,351,PASS,0/1,P011
10,101848485,DUP00000012,DUP,102768383,10,102768383,919898,8,8,PRECISE,520,PASS,0/1,P011
10,102768384,DEL00000010,DEL,107210890,10,107210890,-4442506,20,16,PRECISE,817,PASS,0/1,P011
10,107210891,DEL00000011,DEL,118335450,10,118335450,-11124559,29,4,PRECISE,755,PASS,0/1,P011
10,118335451,DUP00000013,DUP,133797422,10,133797422,15461971,24,14,PRECISE,843,PASS,0/1,P011
11,1607335,DEL00000012,DEL,2002874,11,2002874,-395539,13,18,PRECISE,776,PASS,0/1,P011
11,2002875,DUP00000014,DUP,42286810,11,42286810,40283935,2,16,PRECISE,544,PASS,0/1,P011
11,42286811,DEL00000013,DEL,59688101,11,59688101,-17401290,26,1,IMPRECISE,604,PASS,0/1,P011
11,59688102,DUP00000015,DUP,74601206,11,74601206,14913104,2,16,PRECISE,362,PASS,0/1,P011
11,74601207,DEL00000014,DEL,74935037,11,74935037,-333830,40,5,PRECISE,1031,PASS,0/1,P011
12,86643499,DUP00000016,DUP,90382502,12,90382502,3739003,22,3,IMPRECISE,558,PASS,0/1,P011
12,90382503,DEL00000015,DEL,91331718,12,91331718,-949215,30,18,PRECISE,1092,PASS,0/1,P011
12,91331719,DUP00000017,DUP,92864437,12,92864437,1532718,31,3,IMPRECISE,700,PASS,0/1,P011
12,92864438,DEL00000016,DEL,133275309,12,133275309,-40410871,8,10,PRECISE,497,PASS,0/1,P011
13,61515343,DEL00000017,DEL,62030397,13,62030397,-515054,15,2,IMPRECISE,450,PASS,0/1,P011
14,99057675,DEL00000018,DEL,107043718,14,107043718,-7986043,38,3,IMPRECISE,877,PASS,0/1,P011
15,16612693,DEL00000019,DEL,33040567,15,33040567,-16427874,34,22,PRECISE,1296,PASS,0/1,P011
15,33040568,DUP00000018,DUP,62412081,15,62412081,29371513,22,14,PRECISE,725,PASS,1/1,P011
15,62412082,DEL00000020,DEL,69626613,15,69626613,-7214531,15,24,PRECISE,781,PASS,0/1,P011
15,69626614,DUP00000019,DUP,90516295,15,90516295,20889681,6,23,PRECISE,692,PASS,0/1,P011
15,90516296,DUP00000020,DUP,91109386,15,91109386,593090,4,5,PRECISE,251,PASS,0/1,P011
15,91109387,DEL00000021,DEL,101991189,15,101991189,-10881802,13,19,PRECISE,744,PASS,0/1,P011
17,40643336,DEL00000022,DEL,45240773,17,45240773,-4597437,28,12,PRECISE,912,PASS,1/1,P011
17,45240774,DUP00000021,DUP,48702100,17,48702100,3461326,33,2,IMPRECISE,719,PASS,0/1,P011
17,48702101,DEL00000023,DEL,49358748,17,49358748,-656647,19,2,IMPRECISE,555,PASS,0/1,P011
17,49358749,DUP00000022,DUP,83257441,17,83257441,33898692,22,9,PRECISE,670,PASS,1/1,P011
18,22136957,DUP00000023,DUP,33796572,18,33796572,11659615,2,9,PRECISE,304,PASS,0/1,P011
18,33796573,DEL00000024,DEL,52993280,18,52993280,-19196707,20,4,PRECISE,496,PASS,0/1,P011
18,52993281,DEL00000025,DEL,54790381,18,54790381,-1797100,39,20,PRECISE,1189,PASS,1/1,P011
18,54790382,DUP00000024,DUP,80373285,18,80373285,25582903,32,10,PRECISE,976,PASS,1/1,P011
19,6129061,DUP00000025,DUP,9728901,19,9728901,3599840,39,3,IMPRECISE,887,PASS,0/1,P011
19,9728902,DEL00000026,DEL,55401418,19,55401418,-45672516,38,3,IMPRECISE,845,PASS,0/1,P011
19,55401419,DUP00000026,DUP,58617616,19,58617616,3216197,0,18,PRECISE,516,PASS,0/1,P011
20,27641079,DUP00000027,DUP,61499468,20,61499468,33858389,35,10,PRECISE,1038,PASS,1/1,P011
20,61499469,DUP00000028,DUP,61611433,20,61611433,111964,12,0,IMPRECISE,366,PASS,0/1,P011
20,61611434,DEL00000027,DEL,64444167,20,64444167,-2832733,28,25,PRECISE,1088,PASS,0/1,P011
21,7799021,DEL00000028,DEL,9717435,21,9717435,-1918414,17,13,PRECISE,735,PASS,0/1,P011
21,9717436,DUP00000029,DUP,27615171,21,27615171,17897735,24,21,PRECISE,1053,PASS,0/1,P011
21,27615172,DUP00000030,DUP,29665078,21,29665078,2049906,18,14,PRECISE,839,PASS,0/1,P011
21,29665079,DEL00000029,DEL,44032871,21,44032871,-14367792,0,10,PRECISE,268,PASS,0/1,P011
21,44032872,DEL00000030,DEL,44243534,21,44243534,-210662,40,6,PRECISE,1016,PASS,0/1,P011
21,44243535,DUP00000031,DUP,46709983,21,46709983,2466448,35,6,PRECISE,828,PASS,0/1,P011
17,4495060,BND00000001,BND,92263244,11,92263244,,4,8,PRECISE,284,PASS,0/1,P011
10,41075686,INS00000001,INS,41075687,10,41075687,5962,3,12,PRECISE,366,PASS,0/1,P011
14,34314152,DEL00000031,DEL,34369575,14,34369575,-55423,30,1,IMPRECISE,705,PASS,0/1,P011
1,131634569,DEL00000032,DEL,132344755,1,132344755,-710186,6,8,PRECISE,395,PASS,1/1,P011
7,6961906,INS00000002,INS,6961907,7,6961907,2686,18,15,PRECISE,758,PASS,1/1,P011
3,76546341,BND00000002,BND,11120676,19,11120676,,36,8,PRECISE,885,PASS,0/1,P011
2,200286321,DEL00000033,DEL,202277851,2,202277851,-1991530,3,2,IMPRECISE,226,LowQual,0/1,P011
2,91223949,DUP00000032,DUP,91248531,2,91248531,24582,19,22,PRECISE,844,PASS,0/1,P011
20,63154070,DUP00000033,DUP,63158780,20,63158780,4710,35,24,PRECISE,1349,PASS,1/1,P011
9,55228630,DUP00000034,DUP,55258645,9,55258645,30015,7,0,IMPRECISE,180,PASS,0/1,P011
4,128888192,DUP00000035,DUP,128891719,4,128891719,3527,39,10,PRECISE,1151,PASS,0/1,P011
15,90668407,BND00000003,BND,40134642,1,40134642,,26,11,PRECISE,765,PASS,0/1,P011
6,111330678,DEL00000034,DEL,111331767,6,111331767,-1089,14,11,PRECISE,693,PASS,0/1,P011
10,6125344,DUP00000036,DUP,6734753,10,6734753,609409,15,12,PRECISE,728,PASS,0/1,P011
3,105547312,DUP00000037,DUP,105575896,3,105575896,28584,8,1,IMPRECISE,342,PASS,0/1,P011
12,82640847,DEL00000035,DEL,82708413,12,82708413,-67566,4,16,PRECISE,418,PASS,0/1,P011
3,181631212,DEL00000036,DEL,181652627,3,181652627,-21415,32,8,PRECISE,931,PASS,1/1,P011
13,65092587,INS00000003,INS,65092588,13,65092588,3240,26,21,PRECISE,1091,PASS,0/1,P011
13,77153782,DUP00000038,DUP,78488943,13,78488943,1335161,8,5,PRECISE,323,PASS,1/1,P011
X,111086681,DUP00000039,DUP,111105440,X,111105440,18759,27,15,PRECISE,973,PASS,0/1,P011
4,106191067,DEL00000037,DEL,106871821,4,106871821,-680754,11,21,PRECISE,677,PASS,1/1,P011
10,122904821,INV00000001,INV,122933628,10,122933628,28807,40,18,PRECISE,1330,PASS,1/1,P011
8,11109864,INS00000004,INS,11109865,8,11109865,2417,14,20,PRECISE,820,PASS,0/1,P011
20,17106989,DUP00000040,DUP,17116334,20,17116334,9345,23,18,PRECISE,963,PASS,0/1,P011
12,48802850,DUP00000041,DUP,48860229,12,48860229,57379,3,19,PRECISE,495,PASS,0/1,P011
21,32618202,INS00000005,INS,32618203,21,32618203,1714,34,9,PRECISE,1030,PASS,0/1,P011
16,75555154,DEL00000038,DEL,75562307,16,75562307,-7153,28,23,PRECISE,1053,PASS,0/1,P011
9,12458169,DEL00000039,DEL,12468964,9,12468964,-10795,27,18,PRECISE,1009,PASS,0/1,P011
6,129828474,DUP00000042,DUP,132662426,6,132662426,2833952,20,22,PRECISE,879,PASS,0/1,P011
21,40606409,INS00000006,INS,40606410,21,40606410,5728,28,16,PRECISE,910,PASS,0/1,P011
3,54368262,INV00000002,INV,54483825,3,54483825,115563,8,10,PRECISE,440,PASS,0/1,P011
11,129108543,DUP00000043,DUP,130295952,11,130295952,1187409,21,20,PRECISE,935,PASS,0/1,P011
12,11049664,BND00000004,BND,25112580,5,25112580,,39,8,PRECISE,951,PASS,0/1,P011
6,79575886,DEL00000040,DEL,79926532,6,79926532,-350646,35,24,PRECISE,1315,PASS,1/1,P011
16,55208243,DUP00000044,DUP,56379326,16,56379326,1171083,2,25,PRECISE,650,PASS,0/1,P011
18,41239938,INS00000007,INS,41239939,18,41239939,564,17,2,IMPRECISE,557,PASS,0/1,P011
17,25920901,INV00000003,INV,27303527,17,27303527,1382626,23,22,PRECISE,917,PASS,0/1,P011
19,56917255,INS00000008,INS,56917256,19,56917256,2814,6,9,PRECISE,366,PASS,0/1,P011
4,186409528,BND00000005,BND,43669656,19,43669656,,11,0,IMPRECISE,415,PASS,0/1,P011
4,13297043,INV00000004,INV,17325925,4,17325925,4028882,11,25,PRECISE,729,PASS,0/1,P011
X,61911268,DEL00000041,DEL,62429863,X,62429863,-518595,9,0,IMPRECISE,200,PASS,0/1,P011
18,10384860,DEL00000042,DEL,10402520,18,10402520,-17660,40,5,PRECISE,967,PASS,0/1,P011
20,18197607,BND00000006,BND,142182555,6,142182555,,10,17,PRECISE,679,PASS,0/1,P011
12,99964495,DUP00000045,DUP,102787392,12,102787392,2822897,24,10,PRECISE,873,PASS,0/1,P011
14,18359768,DEL00000043,DEL,18362177,14,18362177,-2409,36,2,IMPRECISE,916,PASS,1/1,P011
8,118895173,DEL00000044,DEL,118898090,8,118898090,-2917,5,0,IMPRECISE,172,LowQual,0/1,P011
9,50659116,DEL00000045,DEL,50922974,9,50922974,-263858,29,6,PRECISE,795,PASS,1/1,P011
17,29425011,DUP00000046,DUP,29427155,17,29427155,2144,22,22,PRECISE,996,PASS,0/1,P011
2,139848484,DEL00000046,DEL,139859993,2,139859993,-11509,34,14,PRECISE,1002,PASS,0/1,P011
4,161897587,INV00000005,INV,161900786,4,161900786,3199,23,8,PRECISE,666,PASS,1/1,P011
15,76397272,DEL00000047,DEL,78006104,15,78006104,-1608832,18,9,PRECISE,618,PASS,0/1,P011
16,15612253,BND00000007,BND,99645638,11,99645638,,7,3,IMPRECISE,323,PASS,0/1,P011
11,113861091,DUP00000047,DUP,113865460,11,113865460,4369,18,22,PRECISE,823,PASS,0/1,P011
3,32506090,BND00000008,BND,35000167,12,35000167,,6,9,PRECISE,353,PASS,0/1,P011
11,3302773,INV00000006,INV,3307089,11,3307089,4316,12,10,PRECISE,563,PASS,0/1,P011
1,182430248,INV00000007,INV,182666875,1,182666875,236627,25,10,PRECISE,854,PASS,0/1,P011
6,167063119,DEL00000048,DEL,167083321,6,167083321,-20202,8,21,PRECISE,639,PASS,0/1,P011
10,63690164,INS00000009,INS,63690165,10,63690165,4393,30,18,PRECISE,1124,PASS,0/1,P011
16,54880964,DEL00000049,DEL,55718829,16,55718829,-837865,39,4,PRECISE,914,PASS,0/1,P011
21,34615835,DEL00000050,DEL,34651422,21,34651422,-35587,16,11,PRECISE,611,PASS,0/1,P011
4,159999096,INV00000008,INV,160003183,4,160003183,4087,19,18,PRECISE,758,PASS,0/1,P011
13,113347078,INV00000009,INV,114364327,13,114364327,1017249,12,1,IMPRECISE,318,PASS,1/1,P011
20,3276089,INS00000010,INS,3276090,20,3276090,4689,36,5,PRECISE,842,PASS,0/1,P011
6,152599982,DEL00000051,DEL,152611772,6,152611772,-11790,32,13,PRECISE,942,PASS,0/1,P011
21,26675446,DUP00000048,DUP,26689087,21,26689087,13641,36,7,PRECISE,1002,PASS,1/1,P011
12,64752506,BND00000009,BND,24577477,22,24577477,,18,12,PRECISE,691,PASS,0/1,P011
8,35978702,DEL00000052,DEL,36360039,8,36360039,-381337,38,18,PRECISE,1257,PASS,0/1,P011
10,109415243,DEL00000053,DEL,109461675,10,109461675,-46432,13,12,PRECISE,641,PASS,0/1,P011
19,4448179,DEL00000054,DEL,4588249,19,4588249,-140070,15,18,PRECISE,849,PASS,1/1,P011
20,34923524,INS00000011,INS,34923525,20,34923525,1248,5,13,PRECISE,537,PASS,1/1,P011
12,62278522,INS00000012,INS,62278523,12,62278523,429,29,19,PRECISE,1084,PASS,0/1,P011
10,108031927,BND00000010,BND,172683150,3,172683150,,13,14,PRECISE,661,PASS,0/1,P011
2,75795142,DEL00000055,DEL,77739658,2,77739658,-1944516,38,13,PRECISE,1201,PASS,0/1,P011
2,11853095,DEL00000056,DEL,11855845,2,11855845,-2750,29,2,IMPRECISE,804,PASS,0/1,P011
16,32516561,DUP00000049,DUP,32543028,16,32543028,26467,32,18,PRECISE,1001,PASS,1/1,P011
X,114829642,INV00000010,INV,118758906,X,118758906,3929264,31,6,PRECISE,796,PASS,1/1,P011
1,211456484,INV00000011,INV,211538815,1,211538815,82331,4,8,PRECISE,374,PASS,0/1,P011
16,77535125,BND00000011,BND,59594644,15,59594644,,5,7,PRECISE,274,PASS,0/1,P011
8,70777032,INS00000013,INS,70777033,8,70777033,740,27,22,PRECISE,1021,PASS,0/1,P011
X,58138428,INS00000014,INS,58138429,X,58138429,2231,18,3,IMPRECISE,442,PASS,1/1,P011
12,74940830,DEL00000057,DEL,74950019,12,74950019,-9189,15,14,PRECISE,659,PASS,0/1,P011
13,99088185,DEL00000058,DEL,99088898,13,99088898,-713,38,5,PRECISE,972,PASS,0/1,P011
10,107285767,INS00000015,INS,107285768,10,107285768,1738,39,7,PRECISE,1037,PASS,0/1,P011
12,115646516,DUP00000050,DUP,115663147,12,115663147,16631,16,13,PRECISE,780,PASS,0/1,P011
2,104875007,INV00000012,INV,104878630,2,104878630,3623,3,14,PRECISE,402,PASS,0/1,P011
6,157271494,DUP00000051,DUP,157392078,6,157392078,120584,4,25,PRECISE,591,PASS,0/1,P011
1,127480590,DEL00000001,DEL,130293873,1,130293873,-2813283,34,12,PRECISE,972,PASS,0/1,P012
1,130293874,DUP00000001,DUP,145585488,1,145585488,15291614,33,22,PRECISE,1162,PASS,0/1,P012
1,145585489,DEL00000002,DEL,146436290,1,146436290,-850801,27,16,PRECISE,1020,PASS,1/1,P012
2,56119538,DUP00000002,DUP,58576635,2,58576635,2457097,29,0,IMPRECISE,776,PASS,0/1,P012
2,58576636,DEL00000003,DEL,88800429,2,88800429,-30223793,14,13,PRECISE,655,PASS,0/1,P012
2,88800430,DUP00000003,DUP,111986266,2,111986266,23185836,23,3,IMPRECISE,661,PASS,1/1,P012
3,13636360,DEL00000004,DEL,17316284,3,17316284,-3679924,38,20,PRECISE,1279,PASS,0/1,P012
3,99477226,DEL00000005,DEL,101192891,3,101192891,-1715665,35,2,IMPRECISE,910,PASS,1/1,P012
4,52967215,DEL00000006,DEL,53952894,4,53952894,-985679,40,10,PRECISE,1134,PASS,1/1,P012
4,53952895,DUP00000004,DUP,74333546,4,74333546,20380651,39,12,PRECISE,1152,PASS,0/1,P012
4,74333547,DUP00000005,DUP,74789056,4,74789056,455509,32,12,PRECISE,938,PASS,0/1,P012
4,74789057,DEL00000007,DEL,113481800,4,113481800,-38692743,7,5,PRECISE,408,PASS,0/1,P012
4,113481801,DUP00000006,DUP,116678277,4,116678277,3196476,19,11,PRECISE,689,PASS,1/1,P012
4,116678278,DEL00000008,DEL,129194577,4,129194577,-12516299,18,9,PRECISE,669,PASS,1/1,P012
4,129194578,DEL00000009,DEL,131544287,4,131544287,-2349709,9,22,PRECISE,792,PASS,1/1,P012
4,131544288,DUP00000007,DUP,134596199,4,134596199,3051911,6,11,PRECISE,353,PASS,0/1,P012
4,134596200,DUP00000008,DUP,135049119,4,135049119,452919,31,0,IMPRECISE,686,PASS,0/1,P012
4,135049120,DEL00000010,DEL,139466081,4,139466081,-4416961,30,15,PRECISE,947,PASS,0/1,P012
4,139466082,DUP00000009,DUP,146879047,4,146879047,7412965,19,17,PRECISE,788,PASS,1/1,P012
4,146879048,DEL00000011,DEL,190214555,4,190214555,-43335507,29,18,PRECISE,1102,PASS,0/1,P012
5,75319984,DEL00000012,DEL,82900188,5,82900188,-7580204,9,8,PRECISE,369,PASS,1/1,P012
5,141381893,DUP00000010,DUP,145745351,5,145745351,4363458,39,19,PRECISE,1309,PASS,0/1,P012
5,145745352,DEL00000013,DEL,181538259,5,181538259,-35792907,35,13,PRECISE,973,PASS,1/1,P012
6,83128509,DEL00000014,DEL,83941656,6,83941656,-813147,6,14,PRECISE,448,PASS,1/1,P012
7,32874094,DUP00000011,DUP,36734636,7,36734636,3860542,32,14,PRECISE,1051,PASS,0/1,P012
7,36734637,DEL00000015,DEL,40855003,7,40855003,-4120366,11,14,PRECISE,685,PASS,0/1,P012
7,40855004,DUP00000012,DUP,42620923,7,42620923,1765919,8,18,PRECISE,550,PASS,0/1,P012
7,42620924,DEL00000016,DEL,79136391,7,79136391,-36515467,33,15,PRECISE,1042,PASS,0/1,P012
7,79136392,DUP00000013,DUP,79220889,7,79220889,84497,4,22,PRECISE,577,PASS,0/1,P012
7,79220890,DEL00000017,DEL,80540872,7,80540872,-1319982,1,11,PRECISE,355,PASS,1/1,P012
7,80540873,DUP00000014,DUP,81962456,7,81962456,1421583,16,10,PRECISE,629,PASS,0/1,P012
7,81962457,DEL00000018,DEL,120122396,7,120122396,-38159939,22,3,IMPRECISE,653,PASS,0/1,P012
7,120122397,DUP00000015,DUP,122817239,7,122817239,2694842,28,11,PRECISE,858,PASS,0/1,P012
7,122817240,DEL00000019,DEL,141518756,7,141518756,-18701516,39,12,PRECISE,1091,PASS,0/1,P012
7,141518757,DUP00000016,DUP,144410272,7,144410272,2891515,26,23,PRECISE,1053,PASS,1/1,P012
7,144410273,DEL00000020,DEL,159345973,7,159345973,-14935700,24,4,PRECISE,640,PASS,0/1,P012
8,70814343,DUP00000017,DUP,73162349,8,73162349,2348006,4,18,PRECISE,577,PASS,0/1,P012
8,73162350,DEL00000021,DEL,89277078,8,89277078,-16114728,18,17,PRECISE,879,PASS,1/1,P012
8,89277079,DUP00000018,DUP,103620942,8,103620942,14343863,25,6,PRECISE,695,PASS,0/1,P012
8,103620943,DEL00000022,DEL,122949788,8,122949788,-19328845,37,12,PRECISE,1016,PASS,0/1,P012
8,122949789,DUP00000019,DUP,144551529,8,144551529,21601740,2,3,IMPRECISE,294,LowQual,0/1,P012
8,144551530,DEL00000023,DEL,145138636,8,145138636,-587106,22,19,PRECISE,870,PASS,0/1,P012
9,6478118,DUP00000020,DUP,26285772,9,26285772,19807654,35,17,PRECISE,1098,PASS,0/1,P012
9,99134111,DEL00000024,DEL,99699094,9,99699094,-564983,12,18,PRECISE,796,PASS,0/1,P012
9,99699095,DUP00000021,DUP,124792005,9,124792005,25092910,33,0,IMPRECISE,799,PASS,1/1,P012
9,124792006,DEL00000025,DEL,138394717,9,138394717,-13602711,8,6,PRECISE,347,PASS,0/1,P012
10,68549928,DUP00000022,DUP,89070736,10,89070736,20520808,36,23,PRECISE,1246,PASS,0/1,P012
10,89070737,DEL00000026,DEL,133797422,10,133797422,-44726685,18,0,IMPRECISE,388,PASS,0/1,P012
11,11960350,DEL00000027,DEL,17423850,11,17423850,-5463500,37,18,PRECISE,1183,PASS,0/1,P012
11,17423851,DUP00000023,DUP,24443433,11,24443433,7019582,34,2,IMPRECISE,788,PASS,1/1,P012
11,24443434,DUP00000024,DUP,26581395,11,26581395,2137961,28,8,PRECISE,886,PASS,1/1,P012
11,89991405,DEL00000028,DEL,90380093,11,90380093,-388688,13,5,PRECISE,474,PASS,1/1,P012
11,90380094,DUP00000025,DUP,104941585,11,104941585,14561491,24,16,PRECISE,933,PASS,1/1,P012
11,104941586,DEL00000029,DEL,105779469,11,105779469,-837883,40,25,PRECISE,1470,PASS,0/1,P012
11,105779470,DUP00000026,DUP,135086622,11,135086622,29307152,18,11,PRECISE,702,PASS,0/1,P012
12,121998338,DUP00000027,DUP,122644531,12,122644531,646193,23,14,PRECISE,811,PASS,0/1,P012
12,122644532,DEL00000030,DEL,133275309,12,133275309,-10630777,9,22,PRECISE,622,PASS,0/1,P012
14,1730207,DUP00000028,DUP,29712778,14,29712778,27982571,18,16,PRECISE,795,PASS,0/1,P012
14,29712779,DEL00000031,DEL,46544200,14,46544200,-16831421,31,25,PRECISE,1250,PASS,0/1,P012
14,46544201,DEL00000032,DEL,47104064,14,47104064,-559863,0,15,PRECISE,347,PASS,1/1,P012
14,47104065,DUP00000029,DUP,89775952,14,89775952,42671887,40,12,PRECISE,1059,PASS,0/1,P012
14,89775953,DUP00000030,DUP,99922720,14,99922720,10146767,4,5,PRECISE,257,PASS,0/1,P012
14,99922721,DEL00000033,DEL,107043718,14,107043718,-7120997,33,12,PRECISE,1097,PASS,0/1,P012
15,34599405,DEL00000034,DEL,36181946,15,36181946,-1582541,20,5,PRECISE,656,PASS,0/1,P012
15,36181947,DUP00000031,DUP,50611463,15,50611463,14429516,20,22,PRECISE,853,PASS,0/1,P012
15,50611464,DEL00000035,DEL,73539232,15,73539232,-22927768,24,9,PRECISE,807,PASS,0/1,P012
15,73539233,DUP00000032,DUP,101991189,15,101991189,28451956,27,16,PRECISE,959,PASS,1/1,P012
16,28684420,DUP00000033,DUP,30305427,16,30305427,1621007,27,7,PRECISE,871,PASS,0/1,P012
16,30305428,DEL00000036,DEL,34110991,16,34110991,-3805563,13,24,PRECISE,806,PASS,0/1,P012
16,34110992,DUP00000034,DUP,37406356,16,37406356,3295364,31,21,PRECISE,1114,PASS,0/1,P012
16,37406357,DEL00000037,DEL,73904468,16,73904468,-36498111,12,24,PRECISE,774,PASS,0/1,P012
16,73904469,DUP00000035,DUP,81517234,16,81517234,7612765,34,16,PRECISE,1143,PASS,0/1,P012
16,81517235,DEL00000038,DEL,82013922,16,82013922,-496687,1,16,PRECISE,530,PASS,0/1,P012
16,82013923,DEL00000039,DEL,82588512,16,82588512,-574589,31,3,IMPRECISE,707,PASS,0/1,P012
16,82588513,DUP00000036,DUP,90338345,16,90338345,7749832,11,12,PRECISE,631,PASS,0/1,P012
18,29562951,DUP00000037,DUP,38029327,18,38029327,8466376,30,6,PRECISE,843,PASS,1/1,P012
18,38029328,DEL00000040,DEL,80373285,18,80373285,-42343957,10,15,PRECISE,583,PASS,0/1,P012
19,5531849,DUP00000038,DUP,8328550,19,8328550,2796701,19,5,PRECISE,600,PASS,0/1,P012
19,8328551,DEL00000041,DEL,22326507,19,22326507,-13997956,28,1,IMPRECISE,635,PASS,1/1,P012
19,22326508,DUP00000039,DUP,30367772,19,30367772,8041264,35,22,PRECISE,1184,PASS,1/1,P012
19,30367773,DEL00000042,DEL,58617616,19,58617616,-28249843,5,20,PRECISE,503,PASS,0/1,P012
20,10882630,DEL00000043,DEL,13293073,20,13293073,-2410443,19,18,PRECISE,826,PASS,1/1,P012
20,13293074,DUP00000040,DUP,28426876,20,28426876,15133802,2,7,PRECISE,353,PASS,1/1,P012
20,28426877,DUP00000041,DUP,64444167,20,64444167,36017290,36,12,PRECISE,991,PASS,0/1,P012
21,16844627,DEL00000044,DEL,29702690,21,29702690,-12858063,34,11,PRECISE,1000,PASS,0/1,P012
21,29702691,DEL00000045,DEL,30994441,21,30994441,-1291750,40,14,PRECISE,1223,PASS,0/1,P012
21,30994442,DUP00000042,DUP,42535894,21,42535894,11541452,37,4,PRECISE,968,PASS,0/1,P012
21,42535895,DUP00000043,DUP,46709983,21,46709983,4174088,37,17,PRECISE,1264,PASS,0/1,P012
22,799566,DUP00000044,DUP,9885492,22,9885492,9085926,5,10,PRECISE,348,PASS,0/1,P012
22,9885493,DEL00000046,DEL,17832906,22,17832906,-7947413,3,1,IMPRECISE,235,LowQual,0/1,P012
22,17832907,DEL00000047,DEL,18647157,22,18647157,-814250,33,4,PRECISE,770,PASS,0/1,P012
22,18647158,DUP00000045,DUP,21433469,22,21433469,2786311,20,0,IMPRECISE,552,PASS,0/1,P012
22,21433470,DUP00000046,DUP,40225221,22,40225221,18791751,0,9,PRECISE,237,PASS,0/1,P012
22,40225222,DEL00000048,DEL,40584884,22,40584884,-359662,6,2,IMPRECISE,300,PASS,1/1,P012
22,40584885,DEL00000049,DEL,48644522,22,48644522,-8059637,21,5,PRECISE,648,PASS,0/1,P012
22,48644523,DUP00000047,DUP,50818468,22,50818468,2173945,31,23,PRECISE,1263,PASS,0/1,P012
16,1645395,INV00000001,INV,1671341,16,1671341,25946,33,13,PRECISE,987,PASS,0/1,P012
14,48121047,INS00000001,INS,48121048,14,48121048,2274,8,15,PRECISE,621,PASS,1/1,P012
7,76503796,INV00000002,INV,76533579,7,76533579,29783,30,4,PRECISE,797,PASS,0/1,P012
15,92121304,BND00000001,BND,89348796,11,89348796,,5,6,PRECISE,258,PASS,0/1,P012
13,62403064,DEL00000050,DEL,62477650,13,62477650,-74586,40,8,PRECISE,974,PASS,0/1,P012
10,66283487,INS00000002,INS,66283488,10,66283488,2208,7,3,IMPRECISE,395,PASS,1/1,P012
20,33857219,DUP00000048,DUP,34069138,20,34069138,211919,27,8,PRECISE,753,PASS,0/1,P012
17,20348130,DEL00000051,DEL,23218614,17,23218614,-2870484,37,5,PRECISE,1020,PASS,0/1,P012
10,67913714,INV00000003,INV,70659278,10,70659278,2745564,11,15,PRECISE,538,PASS,1/1,P012
21,21419434,DUP00000049,DUP,21972635,21,21972635,553201,25,13,PRECISE,940,PASS,0/1,P012
12,28939751,INS00000003,INS,28939752,12,28939752,1679,28,1,IMPRECISE,642,PASS,0/1,P012
19,32288923,DEL00000052,DEL,34236217,19,34236217,-1947294,13,14,PRECISE,733,PASS,1/1,P012
8,29762273,DEL00000053,DEL,29763037,8,29763037,-764,10,1,IMPRECISE,344,PASS,0/1,P012
17,62308235,DEL00000054,DEL,62313417,17,62313417,-5182,10,11,PRECISE,440,PASS,0/1,P012
7,57823364,BND00000002,BND,69907500,14,69907500,,23,18,PRECISE,961,PASS,0/1,P012
14,47247737,BND00000003,BND,103223197,5,103223197,,12,24,PRECISE,735,PASS,1/1,P012
20,9015900,DEL00000055,DEL,10502699,20,10502699,-1486799,27,25,PRECISE,1151,PASS,1/1,P012
8,46287620,BND00000004,BND,40903014,19,40903014,,38,16,PRECISE,1234,PASS,0/1,P012
16,24277165,DEL00000056,DEL,24281951,16,24281951,-4786,31,7,PRECISE,882,PASS,0/1,P012
17,25051460,DEL00000057,DEL,25107343,17,25107343,-55883,34,9,PRECISE,930,PASS,1/1,P012
9,96090595,INS00000004,INS,96090596,9,96090596,4314,19,10,PRECISE,662,PASS,0/1,P012
1,96147707,DUP00000001,DUP,96901325,1,96901325,753618,17,21,PRECISE,909,PASS,0/1,P013
1,96901326,DEL00000001,DEL,119920952,1,119920952,-23019626,40,13,PRECISE,1126,PASS,0/1,P013
1,119920953,DUP00000002,DUP,120963722,1,120963722,1042769,11,0,IMPRECISE,279,PASS,0/1,P013
2,132949842,DUP00000003,DUP,136805513,2,136805513,3855671,33,12,PRECISE,1012,PASS,1/1,P013
2,136805514,DEL00000002,DEL,162546510,2,162546510,-25740996,39,12,PRECISE,1060,PASS,0/1,P013
2,162546511,DEL00000003,DEL,167348985,2,167348985,-4802474,28,9,PRECISE,868,PASS,0/1,P013
2,167348986,DUP00000004,DUP,201418314,2,201418314,34069328,21,22,PRECISE,1030,PASS,1/1,P013
2,201418315,DUP00000005,DUP,202590196,2,202590196,1171881,10,3,IMPRECISE,424,PASS,0/1,P013
2,202590197,DEL00000004,DEL,242193529,2,242193529,-39603332,6,6,PRECISE,428,PASS,0/1,P013
3,33072665,DUP00000006,DUP,33578610,3,33578610,505945,2,22,PRECISE,575,PASS,0/1,P013
3,90900001,DUP00000007,DUP,98457832,3,98457832,7557831,13,3,IMPRECISE,422,PASS,0/1,P013
3,98457833,DUP00000008,DUP,100466119,3,100466119,2008286,29,17,PRECISE,1098,PASS,0/1,P013
3,100466120,DEL00000005,DEL,118277004,3,118277004,-17810884,29,7,PRECISE,750,PASS,0/1,P013
3,118277005,DUP00000009,DUP,120677046,3,120677046,2400041,28,10,PRECISE,825,PASS,0/1,P013
4,118352097,DEL00000006,DEL,145656063,4,145656063,-27303966,15,22,PRECISE,939,PASS,0/1,P013
4,145656064,DUP00000010,DUP,190214555,4,190214555,44558491,32,2,IMPRECISE,834,PASS,0/1,P013
5,102461589,DUP00000011,DUP,103003185,5,103003185,541596,35,17,PRECISE,1102,PASS,0/1,P013
5,103003186,DEL00000007,DEL,118775470,5,118775470,-15772284,16,24,PRECISE,873,PASS,0/1,P013
5,118775471,DUP00000012,DUP,119791672,5,119791672,1016201,35,6,PRECISE,855,PASS,0/1,P013
5,119791673,DEL00000008,DEL,165256683,5,165256683,-45465010,12,22,PRECISE,682,PASS,0/1,P013
5,165256684,DUP00000013,DUP,166819565,5,166819565,1562881,4,22,PRECISE,564,PASS,0/1,P013
5,166819566,DEL00000009,DEL,171184070,5,171184070,-4364504,24,23,PRECISE,947,PASS,0/1,P013
5,171184071,DUP00000014,DUP,181538259,5,181538259,10354188,29,17,PRECISE,1069,PASS,0/1,P013
6,4081819,DUP00000015,DUP,4413742,6,4413742,331923,24,6,PRECISE,761,PASS,1/1,P013
6,4413743,DEL00000010,DEL,18127042,6,18127042,-13713299,20,1,IMPRECISE,602,PASS,0/1,P013
6,18127043,DUP00000016,DUP,19357414,6,19357414,1230371,35,5,PRECISE,906,PASS,1/1,P013
6,19357415,DEL00000011,DEL,23591465,6,23591465,-4234050,33,22,PRECISE,1204,PASS,0/1,P013
6,23591466,DUP00000017,DUP,56030211,6,56030211,32438745,3,21,PRECISE,575,PASS,1/1,P013
6,56030212,DUP00000018,DUP,70227564,6,70227564,14197352,28,18,PRECISE,1118,PASS,1/1,P013
6,70227565,DEL00000012,DEL,82719879,6,82719879,-12492314,22,7,PRECISE,686,PASS,0/1,P013
6,82719880,DEL00000013,DEL,84292023,6,84292023,-1572143,36,9,PRECISE,977,PASS,0/1,P013
6,84292024,DUP00000019,DUP,124549674,6,124549674,40257650,6,9,PRECISE,344,PASS,1/1,P013
6,124549675,DEL00000014,DEL,155537038,6,155537038,-30987363,27,12,PRECISE,921,PASS,0/1,P013
6,155537039,DUP00000020,DUP,170805979,6,170805979,15268940,8,20,PRECISE,574,PASS,0/1,P013
7,44627751,DUP00000021,DUP,75163223,7,75163223,30535472,9,21,PRECISE,770,PASS,0/1,P013
7,75163224,DEL00000015,DEL,80194470,7,80194470,-5031246,19,21,PRECISE,934,PASS,1/1,P013
7,80194471,DEL00000016,DEL,106471767,7,106471767,-26277296,25,14,PRECISE,780,PASS,0/1,P013
8,21396372,DEL00000017,DEL,21921324,8,21921324,-524952,30,12,PRECISE,972,PASS,0/1,P013
8,21921325,DUP00000022,DUP,45200000,8,45200000,23278675,32,2,IMPRECISE,730,PASS,1/1,P013
8,131176130,DEL00000018,DEL,133732954,8,133732954,-2556824,29,12,PRECISE,1011,PASS,0/1,P013
8,133732955,DUP00000023,DUP,145138636,8,145138636,11405681,1,17,PRECISE,493,PASS,0/1,P013
9,5262314,DUP00000024,DUP,44914429,9,44914429,39652115,7,1,IMPRECISE,322,PASS,0/1,P013
9,121910215,DUP00000025,DUP,124162761,9,124162761,2252546,37,24,PRECISE,1279,PASS,1/1,P013
9,124162762,DEL00000019,DEL,138394717,9,138394717,-14231955,36,6,PRECISE,964,PASS,1/1,P013
10,21347381,DUP00000026,DUP,22553831,10,22553831,1206450,24,9,PRECISE,751,PASS,1/1,P013
10,22553832,DEL00000020,DEL,29611281,10,29611281,-7057449,28,17,PRECISE,1003,PASS,0/1,P013
10,29611282,DUP00000027,DUP,30801762,10,30801762,1190480,35,14,PRECISE,988,PASS,0/1,P013
10,30801763,DEL00000021,DEL,72730470,10,72730470,-41928707,0,9,PRECISE,345,PASS,0/1,P013
10,72730471,DUP00000028,DUP,73700586,10,73700586,970115,33,5,PRECISE,891,PASS,1/1,P013
10,73700587,DEL00000022,DEL,96248753,10,96248753,-22548166,29,22,PRECISE,1098,PASS,0/1,P013
10,96248754,DEL00000023,DEL,97103792,10,97103792,-855038,26,24,PRECISE,1028,PASS,1/1,P013
10,97103793,DUP00000029,DUP,107174293,10,107174293,10070500,6,19,PRECISE,554,PASS,0/1,P013
10,107174294,DEL00000024,DEL,108968130,10,108968130,-1793836,28,9,PRECISE,904,PASS,0/1,P013
10,108968131,DUP00000030,DUP,115755764,10,115755764,6787633,0,18,PRECISE,504,PASS,0/1,P013
10,115755765,DUP00000031,DUP,133797422,10,133797422,18041657,38,13,PRECISE,1166,PASS,1/1,P013
11,12595544,DEL00000025,DEL,18376435,11,18376435,-5780891,7,8,PRECISE,447,PASS,0/1,P013
11,18376436,DUP00000032,DUP,62770113,11,62770113,44393677,12,6,PRECISE,373,PASS,1/1,P013
11,62770114,DEL00000026,DEL,63350576,11,63350576,-580462,12,6,PRECISE,501,PASS,1/1,P013
12,50454189,DEL00000027,DEL,59221678,12,59221678,-8767489,22,3,IMPRECISE,613,PASS,1/1,P013
12,111323472,DEL00000028,DEL,112486936,12,112486936,-1163464,19,20,PRECISE,841,PASS,1/1,P013
12,112486937,DUP00000033,DUP,133275309,12,133275309,20788372,32,20,PRECISE,1094,PASS,0/1,P013
13,11333553,DUP00000034,DUP,28417257,13,28417257,17083704,12,25,PRECISE,915,PASS,0/1,P013
13,28417258,DEL00000029,DEL,42026012,13,42026012,-13608754,13,1,IMPRECISE,325,PASS,0/1,P013
13,42026013,DEL00000030,DEL,43702292,13,43702292,-1676279,40,4,PRECISE,928,PASS,0/1,P013
13,43702293,DUP00000035,DUP,46997469,13,46997469,3295176,24,5,PRECISE,780,PASS,0/1,P013
13,46997470,DUP00000036,DUP,57577585,13,57577585,10580115,37,7,PRECISE,907,PASS,0/1,P013
13,57577586,DEL00000031,DEL,86553874,13,86553874,-28976288,15,2,IMPRECISE,377,PASS,0/1,P013
13,86553875,DEL00000032,DEL,87739648,13,87739648,-1185773,18,15,PRECISE,728,PASS,0/1,P013
13,87739649,DUP00000037,DUP,108563443,13,108563443,20823794,25,3,IMPRECISE,668,PASS,1/1,P013
13,108563444,DUP00000038,DUP,114364328,13,114364328,5800884,25,22,PRECISE,1098,PASS,0/1,P013
14,56197071,DUP00000039,DUP,58831303,14,58831303,2634232,16,12,PRECISE,596,PASS,1/1,P013
14,58831304,DEL00000033,DEL,72758160,14,72758160,-13926856,3,1,IMPRECISE,247,LowQual,1/1,P013
14,72758161,DEL00000034,DEL,78210598,14,78210598,-5452437,6,10,PRECISE,439,PASS,0/1,P013
14,78210599,DUP00000040,DUP,79035033,14,79035033,824434,16,3,IMPRECISE,428,PASS,0/1,P013
14,79035034,DEL00000035,DEL,79870636,14,79870636,-835602,10,20,PRECISE,684,PASS,0/1,P013
14,79870637,DUP00000041,DUP,80094012,14,80094012,223375,18,6,PRECISE,538,PASS,0/1,P013
14,80094013,DUP00000042,DUP,81781214,14,81781214,1687201,9,7,PRECISE,354,PASS,0/1,P013
14,81781215,DEL00000036,DEL,91195355,14,91195355,-9414140,34,13,PRECISE,1090,PASS,0/1,P013
14,91195356,DUP00000043,DUP,92109830,14,92109830,914474,24,19,PRECISE,1016,PASS,1/1,P013
14,92109831,DEL00000037,DEL,107043718,14,107043718,-14933887,7,20,PRECISE,661,PASS,0/1,P013
15,79136977,DUP00000044,DUP,79553669,15,79553669,416692,15,11,PRECISE,719,PASS,1/1,P013
15,79553670,DEL00000038,DEL,83266806,15,83266806,-3713136,34,5,PRECISE,958,PASS,0/1,P013
15,83266807,DEL00000039,DEL,83662634,15,83662634,-395827,20,13,PRECISE,690,PASS,0/1,P013
15,83662635,DUP00000045,DUP,96511650,15,96511650,12849015,39,0,IMPRECISE,881,PASS,0/1,P013
15,96511651,DEL00000040,DEL,97749587,15,97749587,-1237936,16,9,PRECISE,641,PASS,0/1,P013
15,97749588,DUP00000046,DUP,101991189,15,101991189,4241601,5,17,PRECISE,493,PASS,0/1,P013
16,40414155,DUP00000047,DUP,45004595,16,45004595,4590440,35,16,PRECISE,1141,PASS,0/1,P013
16,45004596,DEL00000041,DEL,78682963,16,78682963,-33678367,2,6,PRECISE,276,PASS,0/1,P013
16,78682964,DEL00000042,DEL,81567269,16,81567269,-2884305,33,0,IMPRECISE,786,PASS,0/1,P013
16,81567270,DUP00000048,DUP,90338345,16,90338345,8771075,9,10,PRECISE,385,PASS,0/1,P013
17,63308901,DUP00000049,DUP,73242908,17,73242908,9934007,39,18,PRECISE,1173,PASS,1/1,P013
17,73242909,DEL00000043,DEL,76315197,17,76315197,-3072288,10,0,IMPRECISE,302,PASS,0/1,P013
17,76315198,DEL00000044,DEL,76900360,17,76900360,-585162,20,10,PRECISE,711,PASS,0/1,P013
17,76900361,DUP00000050,DUP,83257441,17,83257441,6357080,34,8,PRECISE,935,PASS,1/1,P013
18,17406935,DUP00000051,DUP,37379965,18,37379965,19973030,6,8,PRECISE,331,PASS,1/1,P013
18,37379966,DEL00000045,DEL,80373285,18,80373285,-42993319,9,2,IMPRECISE,401,PASS,0/1,P013
19,1808321,DEL00000046,DEL,17736680,19,17736680,-15928359,20,3,IMPRECISE,491,PASS,1/1,P013
19,17736681,DEL00000047,DEL,22222831,19,22222831,-4486150,27,23,PRECISE,1125,PASS,1/1,P013
19,22222832,DUP00000052,DUP,58617616,19,58617616,36394784,4,18,PRECISE,511,PASS,1/1,P013
20,28100001,DUP00000053,DUP,64444167,20,64444167,36344166,37,16,PRECISE,1210,PASS,1/1,P013
21,7501378,DUP00000054,DUP,9014244,21,9014244,1512866,20,19,PRECISE,806,PASS,0/1,P013
21,9014245,DEL00000048,DEL,31062802,21,31062802,-22048557,31,3,IMPRECISE,803,PASS,1/1,P013
21,31062803,DEL00000049,DEL,31451850,21,31451850,-389047,14,8,PRECISE,600,PASS,0/1,P013
21,31451851,DUP00000055,DUP,31489842,21,31489842,37991,34,2,IMPRECISE,784,PASS,0/1,P013
21,31489843,DUP00000056,DUP,32027492,21,32027492,537649,12,4,PRECISE,396,PASS,0/1,P013
21,32027493,DEL00000050,DEL,36008397,21,36008397,-3980904,40,11,PRECISE,1095,PASS,0/1,P013
21,36008398,DUP00000057,DUP,36734963,21,36734963,726565,9,16,PRECISE,546,PASS,0/1,P013
21,36734964,DEL00000051,DEL,37469966,21,37469966,-735002,38,22,PRECISE,1214,PASS,0/1,P013
21,37469967,DUP00000058,DUP,37539438,21,37539438,69471,38,7,PRECISE,1075,PASS,0/1,P013
21,37539439,DEL00000052,DEL,46709983,21,46709983,-9170544,11,8,PRECISE,501,PASS,0/1,P013
22,2854444,DUP00000059,DUP,12163237,22,12163237,9308793,37,25,PRECISE,1355,PASS,0/1,P013
22,12163238,DEL00000053,DEL,35266959,22,35266959,-23103721,5,3,IMPRECISE,323,PASS,0/1,P013
22,35266960,DEL00000054,DEL,36500810,22,36500810,-1233850,12,21,PRECISE,744,PASS,1/1,P013
22,36500811,DUP00000060,DUP,41025971,22,41025971,4525160,37,14,PRECISE,1180,PASS,1/1,P013
22,41025972,DEL00000055,DEL,50818468,22,50818468,-9792496,21,19,PRECISE,955,PASS,0/1,P013
X,7006284,DUP00000061,DUP,20310810,X,20310810,13304526,8,22,PRECISE,650,PASS,0/1,P013
X,20310811,DEL00000056,DEL,50089952,X,50089952,-29779141,32,5,PRECISE,803,PASS,1/1,P013
X,50089953,DUP00000062,DUP,53253533,X,53253533,3163580,13,13,PRECISE,679,PASS,0/1,P013
X,53253534,DEL00000057,DEL,77895132,X,77895132,-24641598,34,4,PRECISE,884,PASS,0/1,P013
X,77895133,DEL00000058,DEL,78521739,X,78521739,-626606,8,17,PRECISE,652,PASS,0/1,P013
X,78521740,DUP00000063,DUP,88987092,X,88987092,10465352,39,5,PRECISE,1033,PASS,1/1,P013
X,88987093,DUP00000064,DUP,91528003,X,91528003,2540910,11,21,PRECISE,673,PASS,0/1,P013
X,91528004,DUP00000065,DUP,116376985,X,116376985,24848981,26,1,IMPRECISE,639,PASS,1/1,P013
X,116376986,DEL00000059,DEL,116792161,X,116792161,-415175,12,21,PRECISE,679,PASS,0/1,P013
X,116792162,DEL00000060,DEL,156040895,X,156040895,-39248733,26,4,PRECISE,759,PASS,1/1,P013
16,4398384,BND00000001,BND,33071398,16,33071398,,40,11,PRECISE,1067,PASS,0/1,P013
5,108121579,DUP00000066,DUP,108124268,5,108124268,2689,0,22,PRECISE,609,PASS,0/1,P013
21,8099157,DEL00000061,DEL,8133578,21,8133578,-34421,26,22,PRECISE,1006,PASS,0/1,P013
9,76752480,DEL00000062,DEL,76758056,9,76758056,-5576,2,25,PRECISE,683,PASS,0/1,P013
14,40210433,DUP00000067,DUP,40257919,14,40257919,47486,16,3,IMPRECISE,579,PASS,1/1,P013
6,68634542,INS00000001,INS,68634543,6,68634543,4444,25,6,PRECISE,640,PASS,0/1,P013
13,50899454,DUP00000068,DUP,50914660,13,50914660,15206,26,15,PRECISE,1019,PASS,0/1,P013
7,12826289,INS00000002,INS,12826290,7,12826290,1519,22,7,PRECISE,660,PASS,0/1,P013
21,32854242,INS00000003,INS,32854243,21,32854243,1283,20,3,IMPRECISE,606,PASS,1/1,P013
21,23691012,INS00000004,INS,23691013,21,23691013,518,3,0,IMPRECISE,188,LowQual,0/1,P013
11,70602867,BND00000002,BND,143030384,5,143030384,,17,10,PRECISE,609,PASS,0/1,P013
11,113716347,DEL00000063,DEL,113716761,11,113716761,-414,33,6,PRECISE,917,PASS,1/1,P013
19,22533166,INV00000001,INV,22535084,19,22535084,1918,30,12,PRECISE,876,PASS,0/1,P013
9,95648740,DEL00000064,DEL,95762933,9,95762933,-114193,32,23,PRECISE,1226,PASS,0/1,P013
9,137044915,DEL00000065,DEL,138394716,9,138394716,-1349801,3,25,PRECISE,688,PASS,0/1,P013
10,54146358,BND00000003,BND,150887421,6,150887421,,4,14,PRECISE,558,PASS,0/1,P013
17,31924586,BND00000004,BND,39833109,X,39833109,,40,7,PRECISE,957,PASS,1/1,P013
22,26610289,INV00000002,INV,26613665,22,26613665,3376,14,5,PRECISE,539,PASS,0/1,P013
18,72312666,INS00000005,INS,72312667,18,72312667,3692,13,3,IMPRECISE,482,PASS,0/1,P013
16,45931164,INV00000003,INV,45945019,16,45945019,13855,31,8,PRECISE,969,PASS,0/1,P013
20,26589458,INS00000006,INS,26589459,20,26589459,91,16,1,IMPRECISE,393,PASS,1/1,P013
13,84830774,DUP00000069,DUP,84855035,13,84855035,24261,21,2,IMPRECISE,551,PASS,0/1,P013
X,108033294,INS00000007,INS,108033295,X,108033295,3976,31,19,PRECISE,1182,PASS,0/1,P013
15,24404247,DEL00000066,DEL,24587073,15,24587073,-182826,20,1,IMPRECISE,540,PASS,0/1,P013
1,11160680,DEL00000067,DEL,11274741,1,11274741,-114061,7,21,PRECISE,625,PASS,0/1,P013
20,12380458,DEL00000068,DEL,12698836,20,12698836,-318378,13,22,PRECISE,897,PASS,0/1,P013
9,50175981,DEL00000069,DEL,50282261,9,50282261,-106280,36,4,PRECISE,834,PASS,0/1,P013
19,34888243,DEL00000070,DEL,35095375,19,35095375,-207132,10,1,IMPRECISE,407,PASS,0/1,P013
X,38603114,INS00000008,INS,38603115,X,38603115,4533,10,10,PRECISE,485,PASS,1/1,P013
5,76603630,INS00000009,INS,76603631,5,76603631,67,27,20,PRECISE,1088,PASS,0/1,P013
22,25238697,INV00000004,INV,26304189,22,26304189,1065492,14,16,PRECISE,667,PASS,0/1,P013
18,7788462,INS00000010,INS,7788463,18,7788463,5461,4,8,PRECISE,258,PASS,1/1,P013
10,27701172,DEL00000071,DEL,27702089,10,27702089,-917,6,18,PRECISE,557,PASS,1/1,P013
9,28935346,DEL00000072,DEL,28954628,9,28954628,-19282,2,9,PRECISE,389,PASS,0/1,P013
20,4165851,DUP00000070,DUP,4168466,20,4168466,2615,9,13,PRECISE,566,PASS,0/1,P013
16,62506634,DEL00000073,DEL,62512234,16,62512234,-5600,34,25,PRECISE,1323,PASS,0/1,P013
9,51873395,INV00000005,INV,52355377,9,52355377,481982,27,11,PRECISE,879,PASS,1/1,P013
8,1592968,INV00000006,INV,3612241,8,3612241,2019273,0,10,PRECISE,352,PASS,0/1,P013
5,71932351,DEL00000074,DEL,71979359,5,71979359,-47008,5,14,PRECISE,428,PASS,0/1,P013
4,62680926,DEL00000075,DEL,62682335,4,62682335,-1409,31,14,PRECISE,975,PASS,1/1,P013
18,12713684,INV00000007,INV,14076504,18,14076504,1362820,8,22,PRECISE,655,PASS,1/1,P013
13,5143724,DUP00000071,DUP,5147474,13,5147474,3750,5,12,PRECISE,417,PASS,1/1,P013
16,40026677,INS00000011,INS,40026678,16,40026678,3696,0,10,PRECISE,397,PASS,0/1,P013
16,28083606,INV00000008,INV,28085060,16,28085060,1454,12,13,PRECISE,526,PASS,0/1,P013
16,27660468,INS00000012,INS,27660469,16,27660469,444,26,6,PRECISE,817,PASS,1/1,P013
20,38885718,INV00000009,INV,38887664,20,38887664,1946,20,12,PRECISE,651,PASS,0/1,P013
X,64943471,BND00000005,BND,31746322,9,31746322,,18,3,IMPRECISE,584,PASS,0/1,P013
5,154023612,BND00000006,BND,61022370,2,61022370,,5,3,IMPRECISE,221,PASS,1/1,P013
11,104959504,DUP00000072,DUP,104991871,11,104991871,32367,36,8,PRECISE,1028,PASS,0/1,P013
22,16600416,BND00000007,BND,115400430,9,115400430,,10,3,IMPRECISE,287,PASS,1/1,P013
4,20632823,BND00000008,BND,209905496,2,209905496,,9,1,IMPRECISE,371,PASS,0/1,P013
4,164687096,BND00000009,BND,78350380,1,78350380,,14,0,IMPRECISE,326,PASS,0/1,P013
1,229151683,DEL00000076,DEL,229158679,1,229158679,-6996,34,12,PRECISE,927,PASS,1/1,P013
1,100839833,BND00000010,BND,52117657,9,52117657,,3,3,IMPRECISE,181,PASS,0/1,P013
15,94870012,INS00000013,INS,94870013,15,94870013,3574,5,11,PRECISE,337,PASS,0/1,P013
19,15899812,BND00000011,BND,37319729,11,37319729,,40,15,PRECISE,1252,PASS,1/1,P013
12,62752431,DUP00000073,DUP,62806841,12,62806841,54410,4,8,PRECISE,276,PASS,0/1,P013
11,60171371,DEL00000077,DEL,60175184,11,60175184,-3813,23,8,PRECISE,662,PASS,1/1,P013
1,142786780,DUP00000074,DUP,143387305,1,143387305,600525,18,2,IMPRECISE,450,PASS,0/1,P013
2,44796350,DEL00000078,DEL,44802820,2,44802820,-6470,9,9,PRECISE,447,PASS,0/1,P013
13,66552558,DEL00000079,DEL,67311130,13,67311130,-758572,18,14,PRECISE,818,PASS,0/1,P013
15,2520327,BND00000012,BND,24730221,2,24730221,,7,14,PRECISE,530,PASS,0/1,P013
10,73817377,BND00000013,BND,167626059,3,167626059,,12,4,PRECISE,363,PASS,0/1,P013
8,26574782,INS00000014,INS,26574783,8,26574783,1732,16,16,PRECISE,727,PASS,0/1,P013
21,32623695,DEL00000080,DEL,32624035,21,32624035,-340,12,21,PRECISE,832,PASS,0/1,P013
21,15906172,INV00000010,INV,15907348,21,15907348,1176,21,25,PRECISE,925,PASS,0/1,P013
6,139105133,INV00000011,INV,139109739,6,139109739,4606,4,22,PRECISE,529,PASS,0/1,P013
10,49829823,INV00000012,INV,49889645,10,49889645,59822,22,21,PRECISE,1022,PASS,1/1,P013
7,19212971,DEL00000081,DEL,19220467,7,19220467,-7496,25,19,PRECISE,1018,PASS,0/1,P013
22,20855840,DEL00000082,DEL,20902162,22,20902162,-46322,17,7,PRECISE,521,PASS,1/1,P013
10,45549741,INV00000013,INV,46191955,10,46191955,642214,18,18,PRECISE,850,PASS,0/1,P013
8,37792613,DEL00000083,DEL,37795185,8,37795185,-2572,31,4,PRECISE,756,PASS,0/1,P013
7,145469339,BND00000014,BND,162671087,2,162671087,,10,12,PRECISE,451,PASS,0/1,P013
2,237678638,DUP00000075,DUP,237689287,2,237689287,10649,10,20,PRECISE,744,PASS,0/1,P013
17,77894219,DEL00000084,DEL,77894542,17,77894542,-323,33,0,IMPRECISE,736,PASS,0/1,P013
3,77648803,DEL00000085,DEL,77649250,3,77649250,-447,38,19,PRECISE,1216,PASS,0/1,P013
1,70473380,DUP00000001,DUP,73011869,1,73011869,2538489,14,23,PRECISE,775,PASS,0/1,P014
1,73011870,DEL00000001,DEL,79815986,1,79815986,-6804116,39,20,PRECISE,1194,PASS,1/1,P014
1,79815987,DEL00000002,DEL,92042344,1,92042344,-12226357,5,18,PRECISE,510,PASS,0/1,P014
1,92042345,DUP00000002,DUP,122841999,1,122841999,30799654,30,13,PRECISE,992,PASS,0/1,P014
1,122842000,DUP00000003,DUP,134286828,1,134286828,11444828,20,1,IMPRECISE,429,PASS,1/1,P014
3,15785344,DEL00000003,DEL,24334081,3,24334081,-8548737,18,9,PRECISE,736,PASS,1/1,P014
3,150049111,DUP00000004,DUP,162292781,3,162292781,12243670,2,22,PRECISE,619,PASS,0/1,P014
3,162292782,DEL00000004,DEL,184459051,3,184459051,-22166269,32,18,PRECISE,1132,PASS,1/1,P014
3,184459052,DUP00000005,DUP,192950003,3,192950003,8490951,17,20,PRECISE,805,PASS,1/1,P014
3,192950004,DEL00000005,DEL,198295559,3,198295559,-5345555,36,8,PRECISE,940,PASS,0/1,P014
4,14720636,DUP00000006,DUP,45758286,4,45758286,31037650,6,16,PRECISE,515,PASS,0/1,P014
4,45758287,DEL00000006,DEL,47725490,4,47725490,-1967203,9,17,PRECISE,591,PASS,0/1,P014
4,47725491,DUP00000007,DUP,59087567,4,59087567,11362076,11,21,PRECISE,830,PASS,0/1,P014
4,59087568,DEL00000007,DEL,59859884,4,59859884,-772316,15,10,PRECISE,659,PASS,0/1,P014
5,142768038,DUP00000008,DUP,143271138,5,143271138,503100,21,3,IMPRECISE,622,PASS,0/1,P014
5,143271139,DEL00000008,DEL,181538259,5,181538259,-38267120,21,23,PRECISE,980,PASS,0/1,P014
6,47587863,DEL00000009,DEL,53326377,6,53326377,-5738514,12,13,PRECISE,571,PASS,0/1,P014
8,51138468,DEL00000010,DEL,51355662,8,51355662,-217194,22,9,PRECISE,762,PASS,1/1,P014
8,51355663,DUP00000009,DUP,58400481,8,58400481,7044818,32,2,IMPRECISE,869,PASS,0/1,P014
8,58400482,DEL00000011,DEL,84034140,8,84034140,-25633658,20,12,PRECISE,686,PASS,0/1,P014
9,92792061,DEL00000012,DEL,93700483,9,93700483,-908422,8,12,PRECISE,445,PASS,1/1,P014
9,93700484,DUP00000010,DUP,96615143,9,96615143,2914659,33,12,PRECISE,1037,PASS,1/1,P014
9,96615144,DUP00000011,DUP,98875457,9,98875457,2260313,38,0,IMPRECISE,890,PASS,1/1,P014
9,98875458,DEL00000013,DEL,112517896,9,112517896,-13642438,18,18,PRECISE,822,PASS,1/1,P014
9,112517897,DUP00000012,DUP,116867170,9,116867170,4349273,23,2,IMPRECISE,625,PASS,1/1,P014
9,116867171,DEL00000014,DEL,138394717,9,138394717,-21527546,11,12,PRECISE,631,PASS,0/1,P014
10,32765711,DEL00000015,DEL,33035881,10,33035881,-270170,4,9,PRECISE,383,PASS,0/1,P014
10,109172038,DUP00000013,DUP,117985867,10,117985867,8813829,34,15,PRECISE,1137,PASS,0/1,P014
10,117985868,DEL00000016,DEL,133797422,10,133797422,-15811554,37,15,PRECISE,1167,PASS,0/1,P014
11,75091718,DEL00000017,DEL,78555084,11,78555084,-3463366,5,15,PRECISE,522,PASS,0/1,P014
11,78555085,DUP00000014,DUP,108075875,11,108075875,29520790,27,3,IMPRECISE,638,PASS,0/1,P014
11,108075876,DUP00000015,DUP,111806589,11,111806589,3730713,36,2,IMPRECISE,945,PASS,0/1,P014
11,111806590,DEL00000018,DEL,135086622,11,135086622,-23280032,5,11,PRECISE,516,PASS,0/1,P014
12,87710838,DUP00000016,DUP,100506026,12,100506026,12795188,0,7,PRECISE,143,PASS,0/1,P014
12,100506027,DEL00000019,DEL,133275309,12,133275309,-32769282,36,19,PRECISE,1121,PASS,0/1,P014
13,24157524,DEL00000020,DEL,24730068,13,24730068,-572544,9,8,PRECISE,413,PASS,0/1,P014
13,24730069,DUP00000017,DUP,41797648,13,41797648,17067579,0,19,PRECISE,476,PASS,0/1,P014
13,41797649,DEL00000021,DEL,80736513,13,80736513,-38938864,14,13,PRECISE,559,PASS,0/1,P014
13,80736514,DUP00000018,DUP,114364328,13,114364328,33627814,21,1,IMPRECISE,639,PASS,0/1,P014
15,32489712,DEL00000022,DEL,43528645,15,43528645,-11038933,27,9,PRECISE,806,PASS,1/1,P014
17,23437977,DUP00000019,DUP,25239593,17,25239593,1801616,17,9,PRECISE,528,PASS,0/1,P014
17,25239594,DEL00000023,DEL,56529544,17,56529544,-31289950,16,25,PRECISE,952,PASS,0/1,P014
17,56529545,DUP00000020,DUP,69682942,17,69682942,13153397,21,22,PRECISE,872,PASS,0/1,P014
17,69682943,DEL00000024,DEL,83257441,17,83257441,-13574498,7,10,PRECISE,404,PASS,0/1,P014
18,64451512,DEL00000025,DEL,67466101,18,67466101,-3014589,0,17,PRECISE,417,PASS,0/1,P014
18,67466102,DUP00000021,DUP,70180648,18,70180648,2714546,10,15,PRECISE,563,PASS,1/1,P014
18,70180649,DEL00000026,DEL,74785370,18,74785370,-4604721,26,1,IMPRECISE,724,PASS,0/1,P014
18,74785371,DUP00000022,DUP,80373285,18,80373285,5587914,8,12,PRECISE,557,PASS,0/1,P014
19,10003825,DUP00000023,DUP,11786601,19,11786601,1782776,26,15,PRECISE,1007,PASS,0/1,P014
19,11786602,DEL00000027,DEL,41613691,19,41613691,-29827089,39,5,PRECISE,937,PASS,0/1,P014
19,41613692,DUP00000024,DUP,43531148,19,43531148,1917456,2,12,PRECISE,363,PASS,0/1,P014
19,43531149,DEL00000028,DEL,58617616,19,58617616,-15086467,33,25,PRECISE,1349,PASS,1/1,P014
20,28100001,DUP00000025,DUP,31300246,20,31300246,3200245,37,5,PRECISE,1025,PASS,0/1,P014
20,31300247,DEL00000029,DEL,31405322,20,31405322,-105075,14,0,IMPRECISE,329,PASS,0/1,P014
20,31405323,DUP00000026,DUP,64444167,20,64444167,33038844,21,16,PRECISE,798,PASS,0/1,P014
21,10442226,DUP00000027,DUP,10827427,21,10827427,385201,15,20,PRECISE,849,PASS,1/1,P014
21,10827428,DEL00000030,DEL,32607347,21,32607347,-21779919,13,23,PRECISE,898,PASS,0/1,P014
21,32607348,DUP00000028,DUP,46709983,21,46709983,14102635,22,13,PRECISE,860,PASS,0/1,P014
16,53913510,INV00000001,INV,54110617,16,54110617,197107,0,2,IMPRECISE,61,LowQual,0/1,P014
11,104308296,INV00000002,INV,110340989,11,110340989,6032693,27,17,PRECISE,1029,PASS,0/1,P014
7,27064579,DEL00000031,DEL,28456836,7,28456836,-1392257,2,25,PRECISE,603,PASS,0/1,P014
5,149951150,INV00000003,INV,150090388,5,150090388,139238,20,21,PRECISE,874,PASS,0/1,P014
5,22211599,DEL00000032,DEL,22212166,5,22212166,-567,8,8,PRECISE,490,PASS,0/1,P014
16,20479377,INS00000001,INS,20479378,16,20479378,2980,38,12,PRECISE,1070,PASS,0/1,P014
17,5419940,INV00000004,INV,5438812,17,5438812,18872,25,19,PRECISE,1072,PASS,0/1,P014
10,111273516,DEL00000033,DEL,111475598,10,111475598,-202082,29,3,IMPRECISE,786,PASS,0/1,P014
12,125950117,BND00000001,BND,3547190,2,3547190,,30,19,PRECISE,986,PASS,0/1,P014
12,98879684,INV00000005,INV,99176427,12,99176427,296743,17,24,PRECISE,833,PASS,0/1,P014
20,2705306,DUP00000029,DUP,5365800,20,5365800,2660494,11,13,PRECISE,662,PASS,1/1,P014
13,103060721,DEL00000034,DEL,103062740,13,103062740,-2019,19,11,PRECISE,797,PASS,0/1,P014
6,95233378,DEL00000035,DEL,95237008,6,95237008,-3630,17,18,PRECISE,760,PASS,1/1,P014
15,80874760,DUP00000030,DUP,80883836,15,80883836,9076,21,2,IMPRECISE,501,PASS,0/1,P014
15,18599211,INV00000006,INV,18602275,15,18602275,3064,14,10,PRECISE,566,PASS,0/1,P014
11,8725292,INS00000002,INS,8725293,11,8725293,4837,13,13,PRECISE,546,PASS,0/1,P014
15,73094551,INV00000007,INV,73118330,15,73118330,23779,0,22,PRECISE,453,PASS,1/1,P014
16,34303838,DEL00000036,DEL,34305254,16,34305254,-1416,4,2,IMPRECISE,255,PASS,0/1,P014
3,92880391,DEL00000037,DEL,92902743,3,92902743,-22352,5,10,PRECISE,428,PASS,1/1,P014
16,1435479,DUP00000031,DUP,1599405,16,1599405,163926,27,11,PRECISE,864,PASS,0/1,P014
10,38256854,INS00000003,INS,38256855,10,38256855,401,17,16,PRECISE,856,PASS,1/1,P014
19,14118176,DUP00000032,DUP,15569692,19,15569692,1451516,40,18,PRECISE,1281,PASS,0/1,P014
1,223690376,DEL00000038,DEL,223823246,1,223823246,-132870,11,13,PRECISE,527,PASS,0/1,P014
11,82432019,INV00000008,INV,82448443,11,82448443,16424,7,11,PRECISE,376,PASS,0/1,P014
15,43721162,INS00000004,INS,43721163,15,43721163,1502,14,0,IMPRECISE,330,PASS,0/1,P014
11,3351178,DEL00000039,DEL,3382743,11,3382743,-31565,3,0,IMPRECISE,89,LowQual,0/1,P014
4,119659458,DEL00000040,DEL,119895514,4,119895514,-236056,22,15,PRECISE,818,PASS,1/1,P014
21,22223365,BND00000002,BND,96730378,4,96730378,,7,5,PRECISE,264,PASS,0/1,P014
13,70680397,DEL00000041,DEL,70714900,13,70714900,-34503,24,20,PRECISE,964,PASS,1/1,P014
10,74290010,BND00000003,BND,49304606,16,49304606,,5,10,PRECISE,421,PASS,0/1,P014
6,41284220,DEL00000042,DEL,41284624,6,41284624,-404,16,2,IMPRECISE,524,PASS,0/1,P014
12,10188500,DUP00000033,DUP,10190261,12,10190261,1761,25,15,PRECISE,976,PASS,0/1,P014
X,137578102,BND00000004,BND,11329780,7,11329780,,30,12,PRECISE,858,PASS,1/1,P014
7,90719626,DEL00000043,DEL,90729552,7,90729552,-9926,14,24,PRECISE,818,PASS,0/1,P014
20,14944060,DEL00000044,DEL,15011715,20,15011715,-67655,23,24,PRECISE,982,PASS,0/1,P014
7,51307444,INV00000009,INV,51327581,7,51327581,20137,13,22,PRECISE,757,PASS,0/1,P014
21,14370666,DEL00000045,DEL,14372279,21,14372279,-1613,36,22,PRECISE,1251,PASS,0/1,P014
21,9140471,DUP00000034,DUP,9571507,21,9571507,431036,29,7,PRECISE,748,PASS,0/1,P014
4,67515714,DEL00000046,DEL,67519704,4,67519704,-3990,12,6,PRECISE,500,PASS,1/1,P014
13,28004391,BND00000005,BND,20589054,17,20589054,,21,18,PRECISE,968,PASS,0/1,P014
8,63010710,INS00000005,INS,63010711,8,63010711,4866,36,11,PRECISE,980,PASS,0/1,P014
7,37047009,DEL00000047,DEL,37047419,7,37047419,-410,5,22,PRECISE,649,PASS,0/1,P014
1,91813759,BND00000006,BND,62574691,20,62574691,,26,7,PRECISE,754,PASS,0/1,P014
1,83457717,DEL00000048,DEL,83539588,1,83539588,-81871,11,15,PRECISE,527,PASS,1/1,P014
20,23895919,INV00000010,INV,23906204,20,23906204,10285,19,15,PRECISE,716,PASS,1/1,P014
22,45066887,DUP00000035,DUP,45127045,22,45127045,60158,19,6,PRECISE,567,PASS,1/1,P014
3,58723933,DEL00000049,DEL,58774923,3,58774923,-50990,12,10,PRECISE,585,PASS,0/1,P014
12,102478785,DUP00000036,DUP,102494403,12,102494403,15618,0,20,PRECISE,537,PASS,0/1,P014
19,30365911,BND00000007,BND,7511046,X,7511046,,11,14,PRECISE,509,PASS,0/1,P014
15,89997501,DEL00000050,DEL,90000761,15,90000761,-3260,7,1,IMPRECISE,240,PASS,0/1,P014
17,70440003,DEL00000051,DEL,70627376,17,70627376,-187373,35,5,PRECISE,813,PASS,0/1,P014
11,4304334,DEL00000052,DEL,4327854,11,4327854,-23520,0,11,PRECISE,307,PASS,0/1,P014
7,32697425,DUP00000037,DUP,32698453,7,32698453,1028,11,5,PRECISE,465,PASS,0/1,P014
9,21516230,DEL00000053,DEL,21837871,9,21837871,-321641,28,12,PRECISE,887,PASS,0/1,P014
9,59253789,DEL00000054,DEL,61965132,9,61965132,-2711343,31,1,IMPRECISE,794,PASS,0/1,P014
11,36227753,INS00000006,INS,36227754,11,36227754,4423,38,9,PRECISE,1020,PASS,0/1,P014
9,64086588,INV00000011,INV,64586979,9,64586979,500391,7,1,IMPRECISE,209,PASS,0/1,P014
17,41106153,DEL00000055,DEL,41165360,17,41165360,-59207,27,18,PRECISE,1050,PASS,0/1,P014
8,90654507,DEL00000056,DEL,90654844,8,90654844,-337,30,2,IMPRECISE,826,PASS,1/1,P014
1,203179359,DEL00000057,DEL,203335210,1,203335210,-155851,23,22,PRECISE,987,PASS,0/1,P014
2,58831589,BND00000008,BND,55740961,8,55740961,,3,19,PRECISE,560,PASS,0/1,P014
X,42943235,BND00000009,BND,23141503,21,23141503,,26,10,PRECISE,866,PASS,1/1,P014
9,59785313,DEL00000058,DEL,60246206,9,60246206,-460893,9,9,PRECISE,413,PASS,0/1,P014
3,88071179,DEL00000059,DEL,89177689,3,89177689,-1106510,1,25,PRECISE,680,PASS,0/1,P014
4,187073673,DUP00000038,DUP,189775236,4,189775236,2701563,30,0,IMPRECISE,686,PASS,0/1,P014
21,19168284,DEL00000060,DEL,19546724,21,19546724,-378440,35,10,PRECISE,996,PASS,0/1,P014
2,60076468,DEL00000061,DEL,60223713,2,60223713,-147245,8,24,PRECISE,708,PASS,1/1,P014
17,13732986,DEL00000062,DEL,13744487,17,13744487,-11501,22,2,IMPRECISE,637,PASS,0/1,P014
22,41887970,INV00000012,INV,41889149,22,41889149,1179,20,2,IMPRECISE,527,PASS,0/1,P014
14,69988835,BND00000010,BND,73980814,12,73980814,,33,0,IMPRECISE,818,PASS,0/1,P014
14,85902052,DEL00000063,DEL,86106335,14,86106335,-204283,22,12,PRECISE,862,PASS,0/1,P014
9,104691531,INS00000007,INS,104691532,9,104691532,314,40,4,PRECISE,1000,PASS,0/1,P014
21,45222813,BND00000011,BND,29445019,4,29445019,,18,7,PRECISE,513,PASS,0/1,P014
3,43805441,DUP00000039,DUP,46447902,3,46447902,2642461,25,1,IMPRECISE,663,PASS,0/1,P014
20,40185033,BND00000012,BND,156152313,2,156152313,,36,0,IMPRECISE,864,PASS,0/1,P014
8,15113208,INV00000013,INV,15182088,8,15182088,68880,12,16,PRECISE,632,PASS,1/1,P014
20,3700131,INV00000014,INV,3714003,20,3714003,13872,18,21,PRECISE,972,PASS,1/1,P014
6,164602216,BND00000013,BND,46344327,19,46344327,,4,11,PRECISE,465,PASS,1/1,P014
8,118511548,DEL00000064,DEL,118524115,8,118524115,-12567,33,17,PRECISE,1139,PASS,0/1,P014
11,103889778,BND00000014,BND,81555835,16,81555835,,16,6,PRECISE,529,PASS,0/1,P014
4,140104744,DUP00000040,DUP,140120991,4,140120991,16247,33,11,PRECISE,1008,PASS,1/1,P014
3,115569654,DUP00000041,DUP,117129126,3,117129126,1559472,2,5,PRECISE,204,PASS,0/1,P014
8,22264581,INV00000015,INV,22343748,8,22343748,79167,35,14,PRECISE,1116,PASS,1/1,P014
18,28529841,INV00000016,INV,28550471,18,28550471,20630,28,3,IMPRECISE,700,PASS,0/1,P014
11,92396853,DEL00000065,DEL,92399848,11,92399848,-2995,13,4,PRECISE,442,PASS,0/1,P014
11,10302536,DEL00000066,DEL,12952357,11,12952357,-2649821,27,13,PRECISE,953,PASS,1/1,P014
4,110687275,DUP00000042,DUP,110720987,4,110720987,33712,29,11,PRECISE,885,PASS,0/1,P014
2,170108614,INS00000008,INS,170108615,2,170108615,945,30,19,PRECISE,984,PASS,1/1,P014
14,48930732,DEL00000067,DEL,49081005,14,49081005,-150273,19,22,PRECISE,957,PASS,0/1,P014
1,109955449,DEL00000001,DEL,112029764,1,112029764,-2074315,25,4,PRECISE,704,PASS,0/1,P015
1,112029765,DUP00000001,DUP,126439853,1,126439853,14410088,13,20,PRECISE,710,PASS,0/1,P015
1,126439854,DEL00000002,DEL,130916619,1,130916619,-4476765,19,15,PRECISE,703,PASS,0/1,P015
1,223775393,DUP00000002,DUP,224526483,1,224526483,751090,18,23,PRECISE,989,PASS,0/1,P015
1,224526484,DEL00000003,DEL,248956422,1,248956422,-24429938,2,9,PRECISE,300,PASS,0/1,P015
2,14212218,DUP00000003,DUP,15707493,2,15707493,1495275,17,16,PRECISE,838,PASS,0/1,P015
2,15707494,DEL00000004,DEL,48264653,2,48264653,-32557159,1,23,PRECISE,680,PASS,0/1,P015
2,48264654,DUP00000004,DUP,48714688,2,48714688,450034,17,20,PRECISE,895,PASS,0/1,P015
2,48714689,DEL00000005,DEL,64423339,2,64423339,-15708650,14,8,PRECISE,480,PASS,0/1,P015
2,64423340,DEL00000006,DEL,75966425,2,75966425,-11543085,2,0,IMPRECISE,112,LowQual,1/1,P015
2,135030093,DUP00000005,DUP,142944091,2,142944091,7913998,14,24,PRECISE,950,PASS,0/1,P015
2,218626522,DEL00000007,DEL,227860360,2,227860360,-9233838,19,10,PRECISE,682,PASS,1/1,P015
2,227860361,DUP00000006,DUP,242193529,2,242193529,14333168,16,5,PRECISE,591,PASS,0/1,P015
4,776541,DEL00000008,DEL,4090591,4,4090591,-3314050,20,4,PRECISE,667,PASS,0/1,P015
4,4090592,DUP00000007,DUP,44326655,4,44326655,40236063,33,17,PRECISE,1174,PASS,1/1,P015
4,44326656,DEL00000009,DEL,44829953,4,44829953,-503297,25,19,PRECISE,1073,PASS,0/1,P015
4,152475371,DUP00000008,DUP,152894839,4,152894839,419468,12,25,PRECISE,929,PASS,0/1,P015
4,152894840,DEL00000010,DEL,190214555,4,190214555,-37319715,2,2,IMPRECISE,128,LowQual,1/1,P015
6,92943502,DUP00000009,DUP,95679697,6,95679697,2736195,36,11,PRECISE,1087,PASS,0/1,P015
6,95679698,DEL00000011,DEL,102313551,6,102313551,-6633853,13,18,PRECISE,727,PASS,0/1,P015
6,102313552,DEL00000012,DEL,116989030,6,116989030,-14675478,1,11,PRECISE,328,PASS,0/1,P015
6,116989031,DUP00000010,DUP,128168946,6,128168946,11179915,31,10,PRECISE,852,PASS,1/1,P015
6,128168947,DUP00000011,DUP,130209198,6,130209198,2040251,34,19,PRECISE,1066,PASS,1/1,P015
6,130209199,DEL00000013,DEL,170805979,6,170805979,-40596780,18,5,PRECISE,573,PASS,1/1,P015
7,62533900,DEL00000014,DEL,77210191,7,77210191,-14676291,1,7,PRECISE,353,PASS,0/1,P015
8,5318258,DEL00000015,DEL,10434793,8,10434793,-5116535,16,17,PRECISE,825,PASS,0/1,P015
8,70127036,DEL00000016,DEL,83436908,8,83436908,-13309872,25,22,PRECISE,960,PASS,1/1,P015
8,83436909,DUP00000012,DUP,88132044,8,88132044,4695135,16,18,PRECISE,700,PASS,1/1,P015
8,88132045,DUP00000013,DUP,126348220,8,126348220,38216175,38,2,IMPRECISE,955,PASS,0/1,P015
8,126348221,DEL00000017,DEL,145138636,8,145138636,-18790415,6,18,PRECISE,675,PASS,0/1,P015
10,13191812,DEL00000018,DEL,16292192,10,16292192,-3100380,23,22,PRECISE,924,PASS,0/1,P015
10,16292193,DUP00000014,DUP,25332096,10,25332096,9039903,39,5,PRECISE,1074,PASS,0/1,P015
10,25332097,DUP00000015,DUP,26301254,10,26301254,969157,3,22,PRECISE,658,PASS,0/1,P015
10,26301255,DUP00000016,DUP,26631155,10,26631155,329900,16,24,PRECISE,967,PASS,0/1,P015
10,26631156,DEL00000019,DEL,36130231,10,36130231,-9499075,26,25,PRECISE,1071,PASS,1/1,P015
10,36130232,DEL00000020,DEL,59553062,10,59553062,-23422830,30,9,PRECISE,827,PASS,1/1,P015
10,59553063,DUP00000017,DUP,60144992,10,60144992,591929,39,14,PRECISE,1155,PASS,0/1,P015
10,60144993,DEL00000021,DEL,92018311,10,92018311,-31873318,27,6,PRECISE,689,PASS,0/1,P015
10,92018312,DUP00000018,DUP,109692730,10,109692730,17674418,38,22,PRECISE,1379,PASS,0/1,P015
10,109692731,DEL00000022,DEL,121418795,10,121418795,-11726064,5,15,PRECISE,550,PASS,0/1,P015
10,121418796,DEL00000023,DEL,122450109,10,122450109,-1031313,14,20,PRECISE,706,PASS,0/1,P015
10,122450110,DUP00000019,DUP,133797422,10,133797422,11347312,8,6,PRECISE,356,PASS,1/1,P015
11,38399697,DEL00000024,DEL,53003260,11,53003260,-14603563,28,24,PRECISE,1239,PASS,0/1,P015
11,53003261,DUP00000020,DUP,66239647,11,66239647,13236386,31,11,PRECISE,892,PASS,0/1,P015
11,66239648,DEL00000025,DEL,69154450,11,69154450,-2914802,30,16,PRECISE,942,PASS,0/1,P015
11,69154451,DUP00000021,DUP,69269539,11,69269539,115088,37,6,PRECISE,970,PASS,0/1,P015
11,69269540,DUP00000022,DUP,72456428,11,72456428,3186888,35,25,PRECISE,1360,PASS,0/1,P015
11,72456429,DEL00000026,DEL,93816705,11,93816705,-21360276,3,18,PRECISE,602,PASS,0/1,P015
11,93816706,DUP00000023,DUP,95326059,11,95326059,1509353,27,4,PRECISE,658,PASS,0/1,P015
11,95326060,DEL00000027,DEL,128936322,11,128936322,-33610262,37,20,PRECISE,1191,PASS,1/1,P015
11,128936323,DUP00000024,DUP,135086622,11,135086622,6150299,35,7,PRECISE,894,PASS,1/1,P015
12,20464566,DEL00000028,DEL,24205696,12,24205696,-3741130,30,23,PRECISE,1079,PASS,0/1,P015
12,24205697,DUP00000025,DUP,26465852,12,26465852,2260155,8,16,PRECISE,604,PASS,0/1,P015
12,26465853,DUP00000026,DUP,27345751,12,27345751,879898,18,22,PRECISE,816,PASS,0/1,P015
12,27345752,DEL00000029,DEL,30706404,12,30706404,-3360652,15,13,PRECISE,628,PASS,0/1,P015
12,30706405,DUP00000027,DUP,36691894,12,36691894,5985489,34,20,PRECISE,1119,PASS,0/1,P015
12,36691895,DEL00000030,DEL,55246234,12,55246234,-18554339,16,1,IMPRECISE,426,PASS,1/1,P015
12,55246235,DEL00000031,DEL,66077669,12,66077669,-10831434,13,20,PRECISE,686,PASS,0/1,P015
12,66077670,DUP00000028,DUP,88947239,12,88947239,22869569,29,17,PRECISE,954,PASS,0/1,P015
12,88947240,DEL00000032,DEL,89958946,12,89958946,-1011706,16,1,IMPRECISE,465,PASS,0/1,P015
12,89958947,DUP00000029,DUP,133275309,12,133275309,43316362,6,25,PRECISE,801,PASS,0/1,P015
14,102402140,DEL00000033,DEL,102444183,14,102444183,-42043,25,3,IMPRECISE,641,PASS,0/1,P015
14,102444184,DEL00000034,DEL,103120024,14,103120024,-675840,39,9,PRECISE,1141,PASS,0/1,P015
14,103120025,DUP00000030,DUP,107043718,14,107043718,3923693,33,10,PRECISE,936,PASS,1/1,P015
15,9317610,DEL00000035,DEL,9762865,15,9762865,-445255,3,9,PRECISE,417,PASS,1/1,P015
15,64445035,DEL00000036,DEL,71228132,15,71228132,-6783097,9,5,PRECISE,351,PASS,0/1,P015
15,71228133,DUP00000031,DUP,73307294,15,73307294,2079161,12,1,IMPRECISE,266,PASS,0/1,P015
15,73307295,DEL00000037,DEL,75172814,15,75172814,-1865519,3,11,PRECISE,309,PASS,1/1,P015
15,75172815,DUP00000032,DUP,95574507,15,95574507,20401692,11,9,PRECISE,500,PASS,1/1,P015
15,95574508,DUP00000033,DUP,99134790,15,99134790,3560282,40,24,PRECISE,1298,PASS,1/1,P015
15,99134791,DEL00000038,DEL,101991189,15,101991189,-2856398,20,25,PRECISE,1088,PASS,0/1,P015
16,24559432,DUP00000034,DUP,31976683,16,31976683,7417251,8,11,PRECISE,553,PASS,0/1,P015
16,84056533,DUP00000035,DUP,90338345,16,90338345,6281812,14,18,PRECISE,812,PASS,0/1,P015
17,26318649,DUP00000036,DUP,50567374,17,50567374,24248725,6,2,IMPRECISE,193,PASS,0/1,P015
17,50567375,DEL00000039,DEL,53911717,17,53911717,-3344342,28,10,PRECISE,891,PASS,0/1,P015
17,53911718,DUP00000037,DUP,61382677,17,61382677,7470959,9,8,PRECISE,502,PASS,1/1,P015
17,61382678,DEL00000040,DEL,64045197,17,64045197,-2662519,6,21,PRECISE,735,PASS,0/1,P015
17,64045198,DUP00000038,DUP,64370306,17,64370306,325108,12,5,PRECISE,447,PASS,0/1,P015
17,64370307,DEL00000041,DEL,83257441,17,83257441,-18887134,35,5,PRECISE,861,PASS,0/1,P015
18,9294355,DEL00000042,DEL,9881435,18,9881435,-587080,40,5,PRECISE,1046,PASS,0/1,P015
18,9881436,DUP00000039,DUP,28826563,18,28826563,18945127,37,17,PRECISE,1211,PASS,0/1,P015
18,28826564,DEL00000043,DEL,29434722,18,29434722,-608158,18,16,PRECISE,795,PASS,0/1,P015
18,29434723,DUP00000040,DUP,32855128,18,32855128,3420405,38,17,PRECISE,1145,PASS,1/1,P015
18,32855129,DEL00000044,DEL,51325167,18,51325167,-18470038,21,0,IMPRECISE,608,PASS,0/1,P015
18,51325168,DUP00000041,DUP,80373285,18,80373285,29048117,20,11,PRECISE,791,PASS,1/1,P015
19,9488384,DEL00000045,DEL,10423580,19,10423580,-935196,10,22,PRECISE,712,PASS,0/1,P015
19,10423581,DUP00000042,DUP,24648911,19,24648911,14225330,12,2,IMPRECISE,317,PASS,1/1,P015
19,24648912,DUP00000043,DUP,25570550,19,25570550,921638,5,3,IMPRECISE,331,PASS,1/1,P015
19,25570551,DEL00000046,DEL,30023370,19,30023370,-4452819,39,23,PRECISE,1308,PASS,0/1,P015
19,30023371,DUP00000044,DUP,39536727,19,39536727,9513356,27,19,PRECISE,1038,PASS,0/1,P015
19,39536728,DEL00000047,DEL,58617616,19,58617616,-19080888,6,15,PRECISE,527,PASS,0/1,P015
20,839801,DUP00000045,DUP,5790623,20,5790623,4950822,33,6,PRECISE,854,PASS,0/1,P015
20,5790624,DEL00000048,DEL,26194865,20,26194865,-20404241,27,8,PRECISE,771,PASS,1/1,P015
20,26194866,DEL00000049,DEL,35784717,20,35784717,-9589851,36,16,PRECISE,1062,PASS,1/1,P015
20,35784718,DUP00000046,DUP,45972779,20,45972779,10188061,0,16,PRECISE,435,PASS,0/1,P015
20,45972780,DUP00000047,DUP,46376121,20,46376121,403341,11,21,PRECISE,655,PASS,0/1,P015
20,46376122,DEL00000050,DEL,56507487,20,56507487,-10131365,34,14,PRECISE,1091,PASS,0/1,P015
20,56507488,DEL00000051,DEL,64444167,20,64444167,-7936679,0,21,PRECISE,445,PASS,0/1,P015
21,25569206,DUP00000048,DUP,27380847,21,27380847,1811641,22,2,IMPRECISE,575,PASS,0/1,P015
21,27380848,DEL00000052,DEL,40558878,21,40558878,-13178030,36,21,PRECISE,1296,PASS,0/1,P015
21,40558879,DUP00000049,DUP,46709983,21,46709983,6151104,12,12,PRECISE,637,PASS,0/1,P015
12,16360502,INV00000001,INV,16466565,12,16466565,106063,6,2,IMPRECISE,237,PASS,1/1,P015
6,99390506,DEL00000053,DEL,99391439,6,99391439,-933,23,3,IMPRECISE,593,PASS,0/1,P015
12,12074778,DEL00000054,DEL,13039398,12,13039398,-964620,21,21,PRECISE,946,PASS,0/1,P015
9,42696980,INS00000001,INS,42696981,9,42696981,563,26,4,PRECISE,658,PASS,1/1,P015
1,79907926,INS00000002,INS,79907927,1,79907927,5972,26,9,PRECISE,735,PASS,1/1,P015
X,52377955,INV00000002,INV,52447688,X,52447688,69733,28,1,IMPRECISE,661,PASS,1/1,P015
1,165865690,INS00000003,INS,165865691,1,165865691,4525,0,9,PRECISE,257,PASS,1/1,P015
8,108688168,INS00000004,INS,108688169,8,108688169,297,19,12,PRECISE,788,PASS,0/1,P015
6,44710027,DUP00000050,DUP,44712428,6,44712428,2401,33,20,PRECISE,1216,PASS,0/1,P015
10,122906959,INV00000003,INV,123255422,10,123255422,348463,4,8,PRECISE,245,PASS,0/1,P015
14,9325782,DEL00000055,DEL,10231324,14,10231324,-905542,16,15,PRECISE,690,PASS,0/1,P015
15,88166532,DUP00000051,DUP,88297257,15,88297257,130725,19,23,PRECISE,986,PASS,0/1,P015
4,26972257,DEL00000056,DEL,27195366,4,27195366,-223109,15,17,PRECISE,670,PASS,0/1,P015
14,81362344,BND00000001,BND,61227994,16,61227994,,33,8,PRECISE,862,PASS,0/1,P015
7,39294844,INS00000005,INS,39294845,7,39294845,1508,32,0,IMPRECISE,679,PASS,0/1,P015
13,111385711,DEL00000057,DEL,111785341,13,111785341,-399630,6,18,PRECISE,606,PASS,1/1,P015
14,94525750,BND00000002,BND,18714078,3,18714078,,8,18,PRECISE,649,PASS,0/1,P015
15,11932173,INS00000006,INS,11932174,15,11932174,2885,7,17,PRECISE,645,PASS,0/1,P015
6,110310603,INV00000004,INV,110340953,6,110340953,30350,23,19,PRECISE,1039,PASS,0/1,P015
15,67915480,INV00000005,INV,70006653,15,70006653,2091173,33,11,PRECISE,982,PASS,1/1,P015
9,39921671,DEL00000058,DEL,40281476,9,40281476,-359805,39,12,PRECISE,1210,PASS,1/1,P015
16,53926462,DEL00000059,DEL,55702143,16,55702143,-1775681,37,10,PRECISE,1010,PASS,0/1,P015
7,102441645,INV00000006,INV,102481980,7,102481980,40335,28,7,PRECISE,856,PASS,0/1,P015
13,76528814,BND00000003,BND,175677996,5,175677996,,0,3,IMPRECISE,243,LowQual,0/1,P015
7,145916199,INV00000007,INV,146030196,7,146030196,113997,4,24,PRECISE,709,PASS,0/1,P015
2,98408399,INV00000008,INV,98410489,2,98410489,2090,16,7,PRECISE,504,PASS,1/1,P015
17,71471746,DEL00000060,DEL,71480447,17,71480447,-8701,37,3,IMPRECISE,854,PASS,0/1,P015
15,85070017,INV00000009,INV,85447389,15,85447389,377372,8,12,PRECISE,584,PASS,0/1,P015
19,47610429,INS00000007,INS,47610430,19,47610430,1863,27,19,PRECISE,1069,PASS,0/1,P015
3,22674424,INS00000008,INS,22674425,3,22674425,2541,11,10,PRECISE,548,PASS,0/1,P015
21,23020955,INS00000009,INS,23020956,21,23020956,4239,5,10,PRECISE,347,PASS,0/1,P015
11,93609173,DEL00000061,DEL,93609579,11,93609579,-406,26,12,PRECISE,892,PASS,0/1,P015
19,53996852,DEL00000062,DEL,53998457,19,53998457,-1605,12,9,PRECISE,446,PASS,0/1,P015
21,24173096,INV00000010,INV,24951507,21,24951507,778411,24,5,PRECISE,668,PASS,1/1,P015
20,55894947,INV00000011,INV,56162289,20,56162289,267342,20,5,PRECISE,564,PASS,0/1,P015
22,39479052,DEL00000063,DEL,39513713,22,39513713,-34661,13,15,PRECISE,738,PASS,0/1,P015
21,40096812,INV00000012,INV,40098870,21,40098870,2058,18,24,PRECISE,868,PASS,0/1,P015
2,32610151,DUP00000052,DUP,32650965,2,32650965,40814,9,13,PRECISE,506,PASS,0/1,P015
22,33533924,INS00000010,INS,33533925,22,33533925,3345,9,18,PRECISE,649,PASS,0/1,P015
X,67284625,DEL00000064,DEL,67553368,X,67553368,-268743,27,24,PRECISE,1103,PASS,0/1,P015
X,141222904,DUP00000053,DUP,141272143,X,141272143,49239,5,18,PRECISE,541,PASS,0/1,P015
10,48288879,DUP00000054,DUP,48312395,10,48312395,23516,33,0,IMPRECISE,731,PASS,0/1,P015
11,113873915,BND00000004,BND,10567834,14,10567834,,18,7,PRECISE,508,PASS,0/1,P015
11,120560309,BND00000005,BND,6234954,20,6234954,,0,24,PRECISE,508,PASS,0/1,P015
4,127258517,DEL00000065,DEL,127262310,4,127262310,-3793,21,22,PRECISE,903,PASS,0/1,P015
8,11492202,BND00000006,BND,43654000,20,43654000,,6,0,IMPRECISE,167,PASS,1/1,P015
19,55448408,INV00000013,INV,55450856,19,55450856,2448,35,25,PRECISE,1347,PASS,0/1,P015
13,112799119,DEL00000066,DEL,112891802,13,112891802,-92683,39,7,PRECISE,983,PASS,0/1,P015
14,13529390,DEL00000067,DEL,13539771,14,13539771,-10381,25,16,PRECISE,982,PASS,1/1,P015
15,80496276,INS00000011,INS,80496277,15,80496277,4849,12,2,IMPRECISE,286,PASS,0/1,P015
1,63892901,INV00000014,INV,64403849,1,64403849,510948,39,23,PRECISE,1424,PASS,0/1,P015
8,4263112,INV00000015,INV,4305274,8,4305274,42162,5,0,IMPRECISE,243,LowQual,0/1,P015
9,107255402,DEL00000068,DEL,107261291,9,107261291,-5889,1,21,PRECISE,464,PASS,1/1,P015
22,17826777,DEL00000069,DEL,17946847,22,17946847,-120070,3,21,PRECISE,517,PASS,0/1,P015
11,127496785,BND00000007,BND,140967413,7,140967413,,22,19,PRECISE,926,PASS,0/1,P015
8,117709744,DUP00000055,DUP,117912461,8,117912461,202717,21,14,PRECISE,710,PASS,0/1,P015
18,45712302,DUP00000056,DUP,45724678,18,45724678,12376,37,23,PRECISE,1385,PASS,0/1,P015
1,35653722,INV00000016,INV,36013743,1,36013743,360021,28,0,IMPRECISE,668,PASS,0/1,P015
1,222631804,INV00000017,INV,223026332,1,223026332,394528,33,13,PRECISE,937,PASS,0/1,P015
16,18819484,INS00000012,INS,18819485,16,18819485,2716,21,5,PRECISE,544,PASS,0/1,P015
6,45678168,INV00000018,INV,45730957,6,45730957,52789,29,1,IMPRECISE,637,PASS,0/1,P015
18,65050328,DEL00000070,DEL,65144753,18,65144753,-94425,37,6,PRECISE,963,PASS,0/1,P015
18,13745688,DUP00000057,DUP,13747209,18,13747209,1521,29,21,PRECISE,1005,PASS,1/1,P015
6,129354861,INS00000013,INS,129354862,6,129354862,1749,2,24,PRECISE,650,PASS,0/1,P015
17,42972427,DEL00000071,DEL,42982099,17,42982099,-9672,21,12,PRECISE,749,PASS,0/1,P015
5,148490577,INV00000019,INV,148493501,5,148493501,2924,23,9,PRECISE,677,PASS,0/1,P015
10,30717142,BND00000008,BND,81205757,13,81205757,,19,8,PRECISE,617,PASS,0/1,P015
5,105706955,DEL00000072,DEL,106373149,5,106373149,-666194,31,4,PRECISE,807,PASS,0/1,P015
19,48573457,DEL00000073,DEL,48601576,19,48601576,-28119,37,21,PRECISE,1174,PASS,1/1,P015
14,12240942,DEL00000074,DEL,12383137,14,12383137,-142195,31,12,PRECISE,942,PASS,0/1,P015
9,60074931,DUP00000058,DUP,60093619,9,60093619,18688,11,23,PRECISE,865,PASS,0/1,P015
7,78520694,DEL00000075,DEL,79032731,7,79032731,-512037,18,13,PRECISE,655,PASS,0/1,P015
9,101604125,INV00000020,INV,101640729,9,101640729,36604,32,14,PRECISE,1038,PASS,1/1,P015
6,43890270,DUP00000059,DUP,43891672,6,43891672,1402,39,14,PRECISE,1225,PASS,1/1,P015
17,77022320,INS00000014,INS,77022321,17,77022321,2419,6,10,PRECISE,388,PASS,0/1,P015
16,32146349,DEL00000076,DEL,32153554,16,32153554,-7205,26,20,PRECISE,936,PASS,0/1,P015
2,27587842,DUP00000060,DUP,27821639,2,27821639,233797,13,3,IMPRECISE,427,PASS,0/1,P015
14,43775133,DEL00000077,DEL,43996233,14,43996233,-221100,23,9,PRECISE,790,PASS,1/1,P015
11,85124642,DEL00000078,DEL,85133124,11,85133124,-8482,32,4,PRECISE,886,PASS,0/1,P015
9,1705683,DEL00000079,DEL,1706805,9,1706805,-1122,10,17,PRECISE,688,PASS,0/1,P015
13,28733841,INV00000021,INV,28742595,13,28742595,8754,34,11,PRECISE,959,PASS,0/1,P015
7,1443380,INV00000022,INV,2068895,7,2068895,625515,4,14,PRECISE,491,PASS,0/1,P015
11,52816768,INS00000015,INS,52816769,11,52816769,5425,0,11,PRECISE,326,PASS,0/1,P015
1,57900849,DUP00000001,DUP,58873405,1,58873405,972556,27,13,PRECISE,823,PASS,0/1,P016
1,58873406,DEL00000001,DEL,64542047,1,64542047,-5668641,17,12,PRECISE,661,PASS,0/1,P016
1,64542048,DUP00000002,DUP,65299564,1,65299564,757516,35,3,IMPRECISE,910,PASS,0/1,P016
1,65299565,DEL00000002,DEL,68675189,1,68675189,-3375624,8,5,PRECISE,285,PASS,0/1,P016
1,68675190,DEL00000003,DEL,69960333,1,69960333,-1285143,31,4,PRECISE,814,PASS,0/1,P016
2,219445795,DEL00000004,DEL,240812826,2,240812826,-21367031,5,25,PRECISE,748,PASS,0/1,P016
2,240812827,DUP00000003,DUP,242193529,2,242193529,1380702,24,7,PRECISE,747,PASS,0/1,P016
3,10133551,DUP00000004,DUP,11030537,3,11030537,896986,28,14,PRECISE,1008,PASS,0/1,P016
4,88125798,DUP00000005,DUP,98858198,4,98858198,10732400,37,14,PRECISE,1189,PASS,0/1,P016
4,98858199,DEL00000005,DEL,129104773,4,129104773,-30246574,24,21,PRECISE,967,PASS,0/1,P016
4,129104774,DUP00000006,DUP,129515836,4,129515836,411062,40,6,PRECISE,1046,PASS,0/1,P016
5,66416028,DUP00000007,DUP,67883481,5,67883481,1467453,1,17,PRECISE,368,PASS,1/1,P016
5,67883482,DEL00000006,DEL,88325625,5,88325625,-20442143,39,20,PRECISE,1223,PASS,0/1,P016
5,88325626,DUP00000008,DUP,97222931,5,97222931,8897305,2,3,IMPRECISE,199,LowQual,0/1,P016
6,109061499,DEL00000007,DEL,109908605,6,109908605,-847106,20,21,PRECISE,944,PASS,0/1,P016
8,20591700,DUP00000009,DUP,20961421,8,20961421,369721,3,13,PRECISE,470,PASS,1/1,P016
8,20961422,DEL00000008,DEL,45200000,8,45200000,-24238578,31,2,IMPRECISE,823,PASS,0/1,P016
8,102151954,DEL00000009,DEL,102776559,8,102776559,-624605,40,7,PRECISE,1128,PASS,0/1,P016
8,102776560,DUP00000010,DUP,130627874,8,130627874,27851314,11,5,PRECISE,462,PASS,1/1,P016
8,130627875,DEL00000010,DEL,132823171,8,132823171,-2195296,0,1,IMPRECISE,45,LowQual,0/1,P016
8,132823172,DUP00000011,DUP,145138636,8,145138636,12315464,5,22,PRECISE,705,PASS,0/1,P016
9,10033464,DUP00000012,DUP,10802183,9,10802183,768719,20,8,PRECISE,589,PASS,0/1,P016
9,10802184,DEL00000011,DEL,16596138,9,16596138,-5793954,12,11,PRECISE,598,PASS,0/1,P016
9,16596139,DUP00000013,DUP,21245847,9,21245847,4649708,28,18,PRECISE,1058,PASS,0/1,P016
9,21245848,DEL00000012,DEL,43000000,9,43000000,-21754152,4,7,PRECISE,386,PASS,0/1,P016
9,116864200,DEL00000013,DEL,138394717,9,138394717,-21530517,22,9,PRECISE,789,PASS,0/1,P016
10,17598536,DEL00000014,DEL,19675108,10,19675108,-2076572,20,17,PRECISE,858,PASS,1/1,P016
11,57160352,DEL00000015,DEL,57733518,11,57733518,-573166,17,6,PRECISE,571,PASS,0/1,P016
11,113767746,DUP00000014,DUP,127070707,11,127070707,13302961,39,19,PRECISE,1324,PASS,0/1,P016
11,127070708,DEL00000016,DEL,135086622,11,135086622,-8015914,12,8,PRECISE,432,PASS,1/1,P016
12,59445523,DUP00000015,DUP,63461883,12,63461883,4016360,5,0,IMPRECISE,120,LowQual,1/1,P016
12,63461884,DEL00000017,DEL,72644388,12,72644388,-9182504,31,16,PRECISE,968,PASS,0/1,P016
12,72644389,DEL00000018,DEL,73602765,12,73602765,-958376,31,14,PRECISE,1029,PASS,0/1,P016
12,73602766,DEL00000019,DEL,73710385,12,73710385,-107619,20,15,PRECISE,811,PASS,0/1,P016
12,73710386,DUP00000016,DUP,81770031,12,81770031,8059645,16,13,PRECISE,593,PASS,0/1,P016
13,31775637,DEL00000020,DEL,58886884,13,58886884,-27111247,29,15,PRECISE,1056,PASS,0/1,P016
14,2225705,DUP00000017,DUP,2804577,14,2804577,578872,0,14,PRECISE,414,PASS,0/1,P016
14,2804578,DEL00000021,DEL,12110627,14,12110627,-9306049,16,3,IMPRECISE,512,PASS,1/1,P016
14,12110628,DEL00000022,DEL,13625192,14,13625192,-1514564,27,5,PRECISE,722,PASS,0/1,P016
14,13625193,DUP00000018,DUP,28774931,14,28774931,15149738,30,5,PRECISE,889,PASS,1/1,P016
14,28774932,DUP00000019,DUP,29420552,14,29420552,645620,9,4,PRECISE,427,PASS,0/1,P016
15,26312481,DEL00000023,DEL,26425607,15,26425607,-113126,19,1,IMPRECISE,511,PASS,0/1,P016
15,26425608,DUP00000020,DUP,40002642,15,40002642,13577034,11,6,PRECISE,427,PASS,0/1,P016
15,40002643,DUP00000021,DUP,42196997,15,42196997,2194354,31,24,PRECISE,1289,PASS,0/1,P016
15,42196998,DEL00000024,DEL,78369781,15,78369781,-36172783,23,16,PRECISE,897,PASS,0/1,P016
15,78369782,DUP00000022,DUP,88083835,15,88083835,9714053,23,8,PRECISE,674,PASS,0/1,P016
15,88083836,DEL00000025,DEL,101991189,15,101991189,-13907353,4,14,PRECISE,420,PASS,0/1,P016
16,18694049,DEL00000026,DEL,19362846,16,19362846,-668797,6,15,PRECISE,578,PASS,0/1,P016
16,19362847,DUP00000023,DUP,68773145,16,68773145,49410298,5,11,PRECISE,344,PASS,0/1,P016
16,68773146,DEL00000027,DEL,69553923,16,69553923,-780777,40,10,PRECISE,1070,PASS,1/1,P016
16,69553924,DUP00000024,DUP,78731807,16,78731807,9177883,2,10,PRECISE,383,PASS,0/1,P016
16,78731808,DEL00000028,DEL,90338345,16,90338345,-11606537,40,10,PRECISE,1126,PASS,0/1,P016
17,15812645,DEL00000029,DEL,17914722,17,17914722,-2102077,32,9,PRECISE,840,PASS,1/1,P016
17,17914723,DUP00000025,DUP,34393449,17,34393449,16478726,24,20,PRECISE,1000,PASS,0/1,P016
17,34393450,DEL00000030,DEL,36915165,17,36915165,-2521715,27,9,PRECISE,857,PASS,1/1,P016
17,36915166,DUP00000026,DUP,83257441,17,83257441,46342275,16,23,PRECISE,791,PASS,0/1,P016
18,19614392,DEL00000031,DEL,53396834,18,53396834,-33782442,34,11,PRECISE,1038,PASS,0/1,P016
18,53396835,DUP00000027,DUP,80373285,18,80373285,26976450,36,22,PRECISE,1243,PASS,1/1,P016
19,44180172,DEL00000032,DEL,45946893,19,45946893,-1766721,10,25,PRECISE,821,PASS,0/1,P016
19,45946894,DUP00000028,DUP,58617616,19,58617616,12670722,24,23,PRECISE,1087,PASS,1/1,P016
20,15659072,DEL00000033,DEL,15950425,20,15950425,-291353,11,17,PRECISE,567,PASS,1/1,P016
20,15950426,DUP00000029,DUP,23454384,20,23454384,7503958,38,6,PRECISE,948,PASS,0/1,P016
20,23454385,DEL00000034,DEL,29403989,20,29403989,-5949604,31,17,PRECISE,1035,PASS,0/1,P016
20,29403990,DUP00000030,DUP,64444167,20,64444167,35040177,22,13,PRECISE,715,PASS,1/1,P016
22,18220867,DUP00000031,DUP,18736184,22,18736184,515317,38,16,PRECISE,1250,PASS,1/1,P016
22,18736185,DEL00000035,DEL,31994272,22,31994272,-13258087,18,22,PRECISE,947,PASS,0/1,P016
22,31994273,DUP00000032,DUP,50818468,22,50818468,18824195,34,15,PRECISE,985,PASS,0/1,P016
21,21075138,DUP00000033,DUP,21113857,21,21113857,38719,18,17,PRECISE,815,PASS,0/1,P016
15,20818348,INS00000001,INS,20818349,15,20818349,4338,25,1,IMPRECISE,591,PASS,0/1,P016
21,27962032,DEL00000036,DEL,27964396,21,27964396,-2364,23,7,PRECISE,616,PASS,0/1,P016
6,74981704,DUP00000034,DUP,75033574,6,75033574,51870,7,8,PRECISE,359,PASS,0/1,P016
13,7809876,INV00000001,INV,7812324,13,7812324,2448,11,17,PRECISE,691,PASS,0/1,P016
10,101021137,INV00000002,INV,101565473,10,101565473,544336,25,23,PRECISE,1059,PASS,0/1,P016
6,50003819,DUP00000035,DUP,51375331,6,51375331,1371512,19,17,PRECISE,756,PASS,1/1,P016
5,66223409,DEL00000037,DEL,66229057,5,66229057,-5648,18,5,PRECISE,611,PASS,1/1,P016
16,79477073,DEL00000038,DEL,79479406,16,79479406,-2333,33,5,PRECISE,880,PASS,0/1,P016
6,51819040,BND00000001,BND,35143578,16,35143578,,6,23,PRECISE,638,PASS,0/1,P016
16,72903919,DEL00000039,DEL,72910056,16,72910056,-6137,37,11,PRECISE,1137,PASS,0/1,P016
7,61340239,INV00000003,INV,61432142,7,61432142,91903,3,15,PRECISE,549,PASS,0/1,P016
2,44764805,BND00000002,BND,33617238,16,33617238,,26,10,PRECISE,910,PASS,1/1,P016
10,23467503,DEL00000040,DEL,24085757,10,24085757,-618254,19,16,PRECISE,769,PASS,1/1,P016
21,11097111,INS00000002,INS,11097112,21,11097112,212,11,11,PRECISE,608,PASS,0/1,P016
7,115159484,DUP00000036,DUP,117691338,7,117691338,2531854,26,7,PRECISE,834,PASS,1/1,P016
15,65642100,INS00000003,INS,65642101,15,65642101,4148,19,9,PRECISE,585,PASS,0/1,P016
9,58117460,INV00000004,INV,60376168,9,60376168,2258708,14,17,PRECISE,735,PASS,0/1,P016
21,17082321,DEL00000041,DEL,17083040,21,17083040,-719,23,12,PRECISE,869,PASS,1/1,P016
22,3248428,BND00000003,BND,23817946,22,23817946,,7,18,PRECISE,510,PASS,0/1,P016
3,128791838,INV00000005,INV,128937714,3,128937714,145876,32,25,PRECISE,1273,PASS,0/1,P016
18,71763528,DEL00000042,DEL,71764551,18,71764551,-1023,4,11,PRECISE,303,PASS,0/1,P016
X,65115463,INS00000004,INS,65115464,X,65115464,1546,16,2,IMPRECISE,459,PASS,0/1,P016
10,90359740,DEL00000043,DEL,91225673,10,91225673,-865933,39,13,PRECISE,1230,PASS,0/1,P016
1,219225966,INS00000005,INS,219225967,1,219225967,5001,1,21,PRECISE,504,PASS,1/1,P016
8,41486069,BND00000004,BND,125063219,10,125063219,,32,12,PRECISE,1000,PASS,0/1,P016
10,87154330,DUP00000037,DUP,88225108,10,88225108,1070778,14,23,PRECISE,820,PASS,0/1,P016
18,46077949,DEL00000044,DEL,46131524,18,46131524,-53575,7,16,PRECISE,603,PASS,1/1,P016
3,157520501,BND00000005,BND,79506910,6,79506910,,11,25,PRECISE,872,PASS,0/1,P016
11,2219065,INV00000006,INV,3180356,11,3180356,961291,38,1,IMPRECISE,966,PASS,0/1,P016
14,64215066,DEL00000045,DEL,64730005,14,64730005,-514939,27,11,PRECISE,820,PASS,0/1,P016
X,1174575,DEL00000046,DEL,2144520,X,2144520,-969945,9,9,PRECISE,560,PASS,0/1,P016
1,165482212,INV00000007,INV,165485479,1,165485479,3267,28,20,PRECISE,989,PASS,1/1,P016
7,78191893,BND00000006,BND,45804583,6,45804583,,24,22,PRECISE,959,PASS,0/1,P016
5,85254881,INV00000008,INV,87233691,5,87233691,1978810,36,8,PRECISE,1019,PASS,0/1,P016
1,101498151,DEL00000047,DEL,101502843,1,101502843,-4692,17,25,PRECISE,895,PASS,0/1,P016
6,127956100,DEL00000048,DEL,127977577,6,127977577,-21477,36,1,IMPRECISE,757,PASS,0/1,P016
1,178948853,INV00000009,INV,179024523,1,179024523,75670,4,22,PRECISE,703,PASS,0/1,P016
7,15119436,INV00000010,INV,15139503,7,15139503,20067,26,10,PRECISE,907,PASS,1/1,P016
5,121679895,INV00000011,INV,122633063,5,122633063,953168,9,12,PRECISE,574,PASS,0/1,P016
21,12317751,BND00000007,BND,83003952,13,83003952,,30,7,PRECISE,748,PASS,0/1,P016
15,13729184,INV00000012,INV,13738380,15,13738380,9196,7,5,PRECISE,430,PASS,0/1,P016
X,31171853,DEL00000049,DEL,32563790,X,32563790,-1391937,17,14,PRECISE,673,PASS,1/1,P016
20,15634623,INV00000013,INV,16173287,20,16173287,538664,20,15,PRECISE,813,PASS,0/1,P016
20,46124527,DEL00000050,DEL,46152121,20,46152121,-27594,40,18,PRECISE,1325,PASS,0/1,P016
18,55946657,BND00000008,BND,170698220,3,170698220,,15,17,PRECISE,834,PASS,0/1,P016
12,71273640,DUP00000038,DUP,71495139,12,71495139,221499,30,18,PRECISE,1012,PASS,0/1,P016
13,94685588,DEL00000051,DEL,94686825,13,94686825,-1237,13,25,PRECISE,828,PASS,0/1,P016
2,120089981,INV00000014,INV,120100693,2,120100693,10712,25,3,IMPRECISE,671,PASS,0/1,P016
13,91949609,INV00000015,INV,92392122,13,92392122,442513,7,12,PRECISE,464,PASS,0/1,P016
12,9694270,DEL00000052,DEL,9799145,12,9799145,-104875,32,23,PRECISE,1215,PASS,0/1,P016
3,95143330,INS00000006,INS,95143331,3,95143331,1326,39,20,PRECISE,1267,PASS,1/1,P016
X,88821108,INV00000016,INV,89365056,X,89365056,543948,21,24,PRECISE,1093,PASS,0/1,P016
12,15427941,INS00000007,INS,15427942,12,15427942,81,2,17,PRECISE,570,PASS,0/1,P016
5,132276068,INV00000017,INV,132277145,5,132277145,1077,7,24,PRECISE,728,PASS,0/1,P016
X,69315863,DUP00000039,DUP,69365051,X,69365051,49188,0,17,PRECISE,470,PASS,0/1,P016
13,78614450,DEL00000053,DEL,78618632,13,78618632,-4182,5,13,PRECISE,556,PASS,1/1,P016
14,40113252,DEL00000054,DEL,40621297,14,40621297,-508045,6,2,IMPRECISE,214,PASS,0/1,P016
20,16023302,INS00000008,INS,16023303,20,16023303,4986,18,19,PRECISE,839,PASS,1/1,P016
19,50774522,INV00000018,INV,50844629,19,50844629,70107,39,12,PRECISE,1104,PASS,0/1,P016
7,40056045,INV00000019,INV,41710273,7,41710273,1654228,9,12,PRECISE,554,PASS,0/1,P016
11,1991057,DEL00000055,DEL,1991419,11,1991419,-362,9,10,PRECISE,560,PASS,0/1,P016
1,37611365,DEL00000001,DEL,38869813,1,38869813,-1258448,32,1,IMPRECISE,672,PASS,1/1,P017
1,38869814,DUP00000001,DUP,41001834,1,41001834,2132020,22,8,PRECISE,726,PASS,0/1,P017
1,41001835,DEL00000002,DEL,89930600,1,89930600,-48928765,25,11,PRECISE,749,PASS,1/1,P017
1,89930601,DUP00000002,DUP,127119097,1,127119097,37188496,6,5,PRECISE,309,PASS,0/1,P017
1,127119098,DEL00000003,DEL,132250621,1,132250621,-5131523,0,8,PRECISE,332,PASS,0/1,P017
3,126333462,DUP00000003,DUP,130036082,3,130036082,3702620,2,9,PRECISE,352,PASS,0/1,P017
4,16544428,DEL00000004,DEL,17871480,4,17871480,-1327052,16,23,PRECISE,835,PASS,1/1,P017
4,17871481,DUP00000004,DUP,41982233,4,41982233,24110752,32,15,PRECISE,1097,PASS,0/1,P017
4,41982234,DUP00000005,DUP,70737356,4,70737356,28755122,16,23,PRECISE,855,PASS,0/1,P017
5,69269047,DEL00000005,DEL,70471061,5,70471061,-1202014,31,17,PRECISE,1131,PASS,0/1,P017
5,70471062,DUP00000006,DUP,75393706,5,75393706,4922644,28,21,PRECISE,1035,PASS,0/1,P017
5,75393707,DUP00000007,DUP,93833318,5,93833318,18439611,28,7,PRECISE,758,PASS,0/1,P017
5,93833319,DEL00000006,DEL,94960973,5,94960973,-1127654,35,5,PRECISE,951,PASS,0/1,P017
5,94960974,DUP00000008,DUP,112800425,5,112800425,17839451,32,1,IMPRECISE,741,PASS,0/1,P017
5,112800426,DUP00000009,DUP,113694553,5,113694553,894127,24,22,PRECISE,938,PASS,0/1,P017
5,113694554,DEL00000007,DEL,115285517,5,115285517,-1590963,38,9,PRECISE,1052,PASS,0/1,P017
6,9445092,DUP00000010,DUP,31165780,6,31165780,21720688,5,10,PRECISE,403,PASS,1/1,P017
6,31165781,DEL00000008,DEL,39177910,6,39177910,-8012129,34,12,PRECISE,950,PASS,0/1,P017
6,39177911,DUP00000011,DUP,46124775,6,46124775,6946864,20,7,PRECISE,645,PASS,0/1,P017
6,97449105,DUP00000012,DUP,100024538,6,100024538,2575433,32,13,PRECISE,1091,PASS,1/1,P017
6,100024539,DEL00000009,DEL,128667076,6,128667076,-28642537,18,21,PRECISE,875,PASS,0/1,P017
6,128667077,DEL00000010,DEL,129129992,6,129129992,-462915,20,4,PRECISE,620,PASS,1/1,P017
6,129129993,DUP00000013,DUP,139219725,6,139219725,10089732,0,17,PRECISE,406,PASS,0/1,P017
6,139219726,DEL00000011,DEL,139903619,6,139903619,-683893,12,16,PRECISE,696,PASS,1/1,P017
6,139903620,DUP00000014,DUP,170805979,6,170805979,30902359,31,2,IMPRECISE,745,PASS,1/1,P017
7,6157353,DEL00000012,DEL,11452396,7,11452396,-5295043,1,21,PRECISE,620,PASS,0/1,P017
7,11452397,DUP00000015,DUP,24632293,7,24632293,13179896,36,8,PRECISE,982,PASS,1/1,P017
7,24632294,DEL00000013,DEL,25183094,7,25183094,-550800,1,4,PRECISE,241,LowQual,0/1,P017
7,155635226,DEL00000014,DEL,157437030,7,157437030,-1801804,33,9,PRECISE,1002,PASS,0/1,P017
7,157437031,DUP00000016,DUP,159345973,7,159345973,1908942,14,10,PRECISE,502,PASS,0/1,P017
8,49557868,DEL00000015,DEL,50679069,8,50679069,-1121201,25,1,IMPRECISE,635,PASS,0/1,P017
8,50679070,DUP00000017,DUP,86394865,8,86394865,35715795,2,3,IMPRECISE,160,LowQual,0/1,P017
8,86394866,DUP00000018,DUP,88385880,8,88385880,1991014,15,5,PRECISE,511,PASS,0/1,P017
8,88385881,DEL00000016,DEL,127287785,8,127287785,-38901904,37,17,PRECISE,1229,PASS,1/1,P017
8,127287786,DUP00000019,DUP,135464016,8,135464016,8176230,35,13,PRECISE,1063,PASS,0/1,P017
8,135464017,DEL00000017,DEL,145138636,8,145138636,-9674619,29,21,PRECISE,1172,PASS,0/1,P017
9,130141536,DEL00000018,DEL,131520205,9,131520205,-1378669,30,15,PRECISE,1069,PASS,0/1,P017
9,131520206,DUP00000020,DUP,138394717,9,138394717,6874511,25,2,IMPRECISE,569,PASS,0/1,P017
10,50043764,DEL00000019,DEL,52061937,10,52061937,-2018173,30,5,PRECISE,800,PASS,0/1,P017
10,52061938,DEL00000020,DEL,53157128,10,53157128,-1095190,29,2,IMPRECISE,813,PASS,1/1,P017
10,53157129,DUP00000021,DUP,53158574,10,53158574,1445,2,22,PRECISE,510,PASS,0/1,P017
10,53158575,DUP00000022,DUP,72457580,10,72457580,19299005,24,25,PRECISE,1061,PASS,0/1,P017
10,72457581,DUP00000023,DUP,86796586,10,86796586,14339005,18,23,PRECISE,864,PASS,0/1,P017
10,86796587,DEL00000021,DEL,133797422,10,133797422,-47000835,3,8,PRECISE,346,PASS,0/1,P017
11,28881558,DEL00000022,DEL,29337750,11,29337750,-456192,10,0,IMPRECISE,326,PASS,1/1,P017
11,29337751,DUP00000024,DUP,43640619,11,43640619,14302868,25,1,IMPRECISE,706,PASS,1/1,P017
11,43640620,DEL00000023,DEL,47622595,11,47622595,-3981975,31,6,PRECISE,849,PASS,0/1,P017
11,47622596,DUP00000025,DUP,66896424,11,66896424,19273828,23,4,PRECISE,710,PASS,1/1,P017
11,66896425,DUP00000026,DUP,97434534,11,97434534,30538109,18,22,PRECISE,869,PASS,0/1,P017
11,97434535,DEL00000024,DEL,107691601,11,107691601,-10257066,32,5,PRECISE,786,PASS,0/1,P017
11,107691602,DEL00000025,DEL,108131381,11,108131381,-439779,34,18,PRECISE,1111,PASS,0/1,P017
11,108131382,DUP00000027,DUP,111430185,11,111430185,3298803,9,11,PRECISE,458,PASS,0/1,P017
11,111430186,DEL00000026,DEL,131954609,11,131954609,-20524423,29,24,PRECISE,1213,PASS,0/1,P017
11,131954610,DUP00000028,DUP,135086622,11,135086622,3132012,24,1,IMPRECISE,647,PASS,0/1,P017
12,24701118,DEL00000027,DEL,25079566,12,25079566,-378448,39,25,PRECISE,1294,PASS,0/1,P017
13,30870492,DEL00000028,DEL,52096255,13,52096255,-21225763,38,19,PRECISE,1196,PASS,0/1,P017
13,52096256,DUP00000029,DUP,60749806,13,60749806,8653550,12,22,PRECISE,744,PASS,1/1,P017
13,60749807,DEL00000029,DEL,63044636,13,63044636,-2294829,14,24,PRECISE,870,PASS,0/1,P017
13,63044637,DUP00000030,DUP,66070689,13,66070689,3026052,40,15,PRECISE,1196,PASS,0/1,P017
13,66070690,DEL00000030,DEL,66960971,13,66960971,-890281,27,24,PRECISE,1133,PASS,0/1,P017
13,66960972,DUP00000031,DUP,95876855,13,95876855,28915883,24,16,PRECISE,830,PASS,0/1,P017
13,95876856,DUP00000032,DUP,97343848,13,97343848,1466992,37,1,IMPRECISE,878,PASS,0/1,P017
13,97343849,DEL00000031,DEL,114364328,13,114364328,-17020479,31,15,PRECISE,1080,PASS,0/1,P017
14,86560892,DUP00000033,DUP,87078123,14,87078123,517231,9,19,PRECISE,574,PASS,0/1,P017
14,87078124,DEL00000032,DEL,94318190,14,94318190,-7240066,23,19,PRECISE,953,PASS,0/1,P017
14,94318191,DEL00000033,DEL,96369274,14,96369274,-2051083,24,21,PRECISE,1074,PASS,1/1,P017
14,96369275,DUP00000034,DUP,107043718,14,107043718,10674443,32,3,IMPRECISE,821,PASS,1/1,P017
15,7509858,DEL00000034,DEL,11094443,15,11094443,-3584585,1,21,PRECISE,570,PASS,1/1,P017
15,11094444,DUP00000035,DUP,43847057,15,43847057,32752613,7,6,PRECISE,308,PASS,0/1,P017
15,43847058,DEL00000035,DEL,44215967,15,44215967,-368909,37,17,PRECISE,1099,PASS,0/1,P017
15,44215968,DUP00000036,DUP,74335068,15,74335068,30119100,14,10,PRECISE,506,PASS,0/1,P017
15,74335069,DEL00000036,DEL,95365547,15,95365547,-21030478,10,2,IMPRECISE,378,PASS,0/1,P017
15,95365548,DUP00000037,DUP,101991189,15,101991189,6625641,17,2,IMPRECISE,530,PASS,0/1,P017
16,16092296,DUP00000038,DUP,22839794,16,22839794,6747498,1,5,PRECISE,195,PASS,0/1,P017
16,22839795,DEL00000037,DEL,36081044,16,36081044,-13241249,24,12,PRECISE,828,PASS,0/1,P017
16,36081045,DUP00000039,DUP,56555426,16,56555426,20474381,25,1,IMPRECISE,593,PASS,0/1,P017
16,56555427,DEL00000038,DEL,80313119,16,80313119,-23757692,7,0,IMPRECISE,161,PASS,0/1,P017
16,80313120,DUP00000040,DUP,88627310,16,88627310,8314190,35,17,PRECISE,1098,PASS,0/1,P017
16,88627311,DEL00000039,DEL,90338345,16,90338345,-1711034,2,3,IMPRECISE,169,LowQual,0/1,P017
18,18945157,DEL00000040,DEL,20120580,18,20120580,-1175423,36,25,PRECISE,1254,PASS,0/1,P017
18,20120581,DUP00000041,DUP,25215257,18,25215257,5094676,40,20,PRECISE,1363,PASS,1/1,P017
18,25215258,DUP00000042,DUP,27423138,18,27423138,2207880,36,0,IMPRECISE,779,PASS,0/1,P017
18,27423139,DEL00000041,DEL,58201093,18,58201093,-30777954,2,20,PRECISE,495,PASS,0/1,P017
18,58201094,DEL00000042,DEL,59041795,18,59041795,-840701,38,13,PRECISE,1095,PASS,0/1,P017
18,59041796,DUP00000043,DUP,80373285,18,80373285,21331489,26,17,PRECISE,986,PASS,0/1,P017
19,33419402,DUP00000044,DUP,57997529,19,57997529,24578127,0,23,PRECISE,643,PASS,0/1,P017
19,57997530,DEL00000043,DEL,58617616,19,58617616,-620086,1,4,PRECISE,106,LowQual,1/1,P017
20,60966556,DUP00000045,DUP,64444167,20,64444167,3477611,7,3,IMPRECISE,268,PASS,1/1,P017
21,3718258,DEL00000044,DEL,6924126,21,6924126,-3205868,30,5,PRECISE,700,PASS,0/1,P017
21,6924127,DUP00000046,DUP,8640427,21,8640427,1716300,9,18,PRECISE,664,PASS,0/1,P017
21,8640428,DEL00000045,DEL,10581703,21,10581703,-1941275,26,14,PRECISE,821,PASS,0/1,P017
21,10581704,DUP00000047,DUP,11636236,21,11636236,1054532,18,22,PRECISE,916,PASS,0/1,P017
21,11636237,DUP00000048,DUP,21215604,21,21215604,9579367,34,0,IMPRECISE,725,PASS,1/1,P017
21,21215605,DEL00000046,DEL,31547630,21,31547630,-10332025,40,0,IMPRECISE,806,PASS,0/1,P017
21,31547631,DUP00000049,DUP,39374631,21,39374631,7827000,35,3,IMPRECISE,876,PASS,0/1,P017
21,39374632,DEL00000047,DEL,44054226,21,44054226,-4679594,11,11,PRECISE,518,PASS,0/1,P017
21,44054227,DEL00000048,DEL,46709983,21,46709983,-2655756,23,11,PRECISE,849,PASS,0/1,P017
22,14822468,DEL00000049,DEL,15539695,22,15539695,-717227,12,18,PRECISE,699,PASS,1/1,P017
22,15539696,DUP00000050,DUP,20433813,22,20433813,4894117,7,8,PRECISE,479,PASS,0/1,P017
22,20433814,DUP00000051,DUP,27715369,22,27715369,7281555,31,7,PRECISE,769,PASS,1/1,P017
22,27715370,DEL00000050,DEL,44028794,22,44028794,-16313424,16,11,PRECISE,557,PASS,0/1,P017
22,44028795,DUP00000052,DUP,50818468,22,50818468,6789673,33,18,PRECISE,1207,PASS,0/1,P017
6,164728282,DEL00000051,DEL,164728685,6,164728685,-403,5,22,PRECISE,701,PASS,0/1,P017
18,58410178,INV00000001,INV,58615211,18,58615211,205033,1,25,PRECISE,559,PASS,0/1,P017
10,57767816,INV00000002,INV,61584508,10,61584508,3816692,17,2,IMPRECISE,475,PASS,0/1,P017
9,25012657,DUP00000053,DUP,25068406,9,25068406,55749,30,22,PRECISE,1180,PASS,0/1,P017
12,72052828,BND00000001,BND,14499579,19,14499579,,18,22,PRECISE,861,PASS,1/1,P017
15,48531740,DEL00000052,DEL,48532172,15,48532172,-432,36,4,PRECISE,963,PASS,1/1,P017
20,41977274,BND00000002,BND,8424265,20,8424265,,7,2,IMPRECISE,223,PASS,0/1,P017
12,16989125,INS00000001,INS,16989126,12,16989126,1326,6,11,PRECISE,395,PASS,0/1,P017
X,58149860,DUP00000054,DUP,58151479,X,58151479,1619,1,4,PRECISE,231,LowQual,0/1,P017
19,53549381,INV00000003,INV,53577286,19,53577286,27905,32,24,PRECISE,1302,PASS,0/1,P017
12,57169528,DUP00000055,DUP,57173445,12,57173445,3917,35,15,PRECISE,1092,PASS,0/1,P017
2,206664085,INV00000004,INV,206712143,2,206712143,48058,35,5,PRECISE,811,PASS,0/1,P017
22,6922936,DEL00000053,DEL,6923373,22,6923373,-437,40,23,PRECISE,1400,PASS,0/1,P017
15,52070079,DEL00000054,DEL,52080463,15,52080463,-10384,24,4,PRECISE,626,PASS,0/1,P017
7,127219909,BND00000003,BND,130769357,8,130769357,,7,16,PRECISE,509,PASS,0/1,P017
20,21720608,DUP00000056,DUP,24756449,20,24756449,3035841,16,13,PRECISE,654,PASS,0/1,P017
4,20439098,BND00000004,BND,169320308,4,169320308,,33,4,PRECISE,823,PASS,0/1,P017
7,22205059,INV00000005,INV,22211453,7,22211453,6394,27,13,PRECISE,906,PASS,0/1,P017
5,112040082,BND00000005,BND,27770019,17,27770019,,31,17,PRECISE,1155,PASS,1/1,P017
6,55588070,DEL00000055,DEL,55590668,6,55590668,-2598,1,3,IMPRECISE,83,LowQual,0/1,P017
8,122439201,DEL00000056,DEL,122452802,8,122452802,-13601,5,22,PRECISE,553,PASS,1/1,P017
12,83809946,INV00000006,INV,83812776,12,83812776,2830,14,15,PRECISE,726,PASS,0/1,P017
3,73531759,DEL00000057,DEL,73541648,3,73541648,-9889,4,8,PRECISE,315,PASS,0/1,P017
16,37219978,DUP00000057,DUP,37261711,16,37261711,41733,10,16,PRECISE,690,PASS,1/1,P017
2,17876422,DEL00000058,DEL,17891549,2,17891549,-15127,15,1,IMPRECISE,419,PASS,1/1,P017
5,11160431,INS00000002,INS,11160432,5,11160432,3532,37,7,PRECISE,992,PASS,0/1,P017
6,129024898,DEL00000059,DEL,129025749,6,129025749,-851,6,9,PRECISE,388,PASS,0/1,P017
7,117279370,INS00000003,INS,117279371,7,117279371,618,6,0,IMPRECISE,235,PASS,0/1,P017
X,101797588,DUP00000058,DUP,104078659,X,104078659,2281071,31,13,PRECISE,911,PASS,0/1,P017
4,95268969,DEL00000060,DEL,96631789,4,96631789,-1362820,28,15,PRECISE,990,PASS,0/1,P017
4,178037964,BND00000006,BND,103134921,X,103134921,,31,1,IMPRECISE,816,PASS,1/1,P017
17,35679545,DEL00000061,DEL,35681793,17,35681793,-2248,19,14,PRECISE,853,PASS,0/1,P017
19,55401953,BND00000007,BND,76608511,8,76608511,,0,19,PRECISE,392,PASS,0/1,P017
5,158866505,DEL00000062,DEL,158869502,5,158869502,-2997,25,21,PRECISE,935,PASS,0/1,P017
7,114941319,DEL00000063,DEL,115034383,7,115034383,-93064,7,18,PRECISE,539,PASS,0/1,P017
19,32209254,DEL00000064,DEL,32287865,19,32287865,-78611,17,1,IMPRECISE,545,PASS,1/1,P017
22,8536552,INS00000004,INS,8536553,22,8536553,1424,10,21,PRECISE,730,PASS,1/1,P017
X,135610162,INV00000007,INV,137254593,X,137254593,1644431,8,15,PRECISE,486,PASS,0/1,P017
18,57112990,DEL00000065,DEL,59338730,18,59338730,-2225740,7,18,PRECISE,614,PASS,0/1,P017
20,60168705,DUP00000059,DUP,60170830,20,60170830,2125,13,5,PRECISE,498,PASS,1/1,P017
16,59967342,DEL00000066,DEL,60143109,16,60143109,-175767,16,4,PRECISE,596,PASS,0/1,P017
5,115608032,INV00000008,INV,115609663,5,115609663,1631,36,14,PRECISE,1039,PASS,0/1,P017
18,73214574,DUP00000060,DUP,74963141,18,74963141,1748567,40,4,PRECISE,994,PASS,0/1,P017
18,12352877,DUP00000061,DUP,12703182,18,12703182,350305,37,11,PRECISE,1139,PASS,0/1,P017
13,75657323,DUP00000062,DUP,75659589,13,75659589,2266,30,23,PRECISE,1084,PASS,0/1,P017
19,12814481,INS00000005,INS,12814482,19,12814482,4081,31,19,PRECISE,1157,PASS,0/1,P017
1,20490493,DEL00000067,DEL,22099621,1,22099621,-1609128,4,22,PRECISE,701,PASS,1/1,P017
4,122372991,DUP00000063,DUP,122467168,4,122467168,94177,0,23,PRECISE,617,PASS,0/1,P017
7,51105448,BND00000008,BND,143400913,3,143400913,,16,16,PRECISE,760,PASS,0/1,P017
17,74776482,INV00000009,INV,77219479,17,77219479,2442997,37,5,PRECISE,918,PASS,0/1,P017
3,33968938,DEL00000068,DEL,33978717,3,33978717,-9779,15,8,PRECISE,633,PASS,0/1,P017
4,135888094,DEL00000069,DEL,135888636,4,135888636,-542,39,22,PRECISE,1257,PASS,0/1,P017
11,8518139,DEL00000070,DEL,9293273,11,9293273,-775134,26,5,PRECISE,634,PASS,0/1,P017
7,119886772,DEL00000071,DEL,119952888,7,119952888,-66116,18,15,PRECISE,676,PASS,1/1,P017
20,35223573,DUP00000064,DUP,36770363,20,36770363,1546790,23,7,PRECISE,680,PASS,0/1,P017
21,29934065,BND00000009,BND,107312834,10,107312834,,8,16,PRECISE,533,PASS,0/1,P017
15,35692770,DEL00000072,DEL,35708298,15,35708298,-15528,14,3,IMPRECISE,365,PASS,0/1,P017
7,140200545,INV00000010,INV,140889364,7,140889364,688819,2,4,PRECISE,239,PASS,0/1,P017
13,78177250,BND00000010,BND,25202016,2,25202016,,20,21,PRECISE,903,PASS,0/1,P017
19,13080280,DEL00000073,DEL,14187931,19,14187931,-1107651,0,0,IMPRECISE,161,LowQual,0/1,P017
8,54561979,BND00000011,BND,25031727,19,25031727,,24,4,PRECISE,715,PASS,1/1,P017
13,26442416,DEL00000074,DEL,26445940,13,26445940,-3524,7,18,PRECISE,683,PASS,0/1,P017
18,11211732,DUP00000065,DUP,11248138,18,11248138,36406,1,18,PRECISE,572,PASS,0/1,P017
22,12004701,DEL00000075,DEL,12005187,22,12005187,-486,15,4,PRECISE,484,PASS,0/1,P017
15,13485831,INS00000006,INS,13485832,15,13485832,3205,27,24,PRECISE,1100,PASS,0/1,P017
15,10892866,DEL00000076,DEL,13350649,15,13350649,-2457783,37,16,PRECISE,1121,PASS,1/1,P017
9,48588885,INV00000011,INV,48867381,9,48867381,278496,25,1,IMPRECISE,581,PASS,1/1,P017
16,72006091,DUP00000066,DUP,72007130,16,72007130,1039,5,10,PRECISE,307,PASS,0/1,P017
6,162864419,DEL00000077,DEL,162865847,6,162865847,-1428,3,12,PRECISE,376,PASS,0/1,P017
14,21211066,DEL00000078,DEL,21227341,14,21227341,-16275,38,18,PRECISE,1225,PASS,0/1,P017
21,11263162,INV00000012,INV,11405922,21,11405922,142760,11,15,PRECISE,650,PASS,1/1,P017
10,113023991,INS00000007,INS,113023992,10,113023992,4782,25,23,PRECISE,1095,PASS,0/1,P017
14,2508215,DUP00000067,DUP,2571565,14,2571565,63350,22,22,PRECISE,935,PASS,1/1,P017
3,140530587,DUP00000068,DUP,140532398,3,140532398,1811,10,14,PRECISE,557,PASS,1/1,P017
1,102167872,DUP00000069,DUP,102782286,1,102782286,614414,30,3,IMPRECISE,728,PASS,0/1,P017
15,86955632,DEL00000079,DEL,86957294,15,86957294,-1662,39,20,PRECISE,1183,PASS,1/1,P017
16,60809179,DEL00000080,DEL,61357102,16,61357102,-547923,13,19,PRECISE,735,PASS,0/1,P017
16,2100392,INV00000013,INV,2114045,16,2114045,13653,30,0,IMPRECISE,759,PASS,1/1,P017
5,24293643,DEL00000081,DEL,24341688,5,24341688,-48045,23,12,PRECISE,868,PASS,1/1,P017
4,12071851,BND00000012,BND,127639452,9,127639452,,40,4,PRECISE,892,PASS,0/1,P017
8,144127962,DEL00000082,DEL,144159502,8,144159502,-31540,31,4,PRECISE,826,PASS,0/1,P017
15,84095262,DEL00000083,DEL,84106396,15,84106396,-11134,28,25,PRECISE,1227,PASS,0/1,P017
6,128927652,BND00000013,BND,205675091,1,205675091,,34,6,PRECISE,991,PASS,1/1,P017
2,9827771,DEL00000084,DEL,9838082,2,9838082,-10311,25,4,PRECISE,736,PASS,0/1,P017
22,23160682,DEL00000085,DEL,23161030,22,23161030,-348,9,21,PRECISE,795,PASS,0/1,P017
11,40813733,INS00000008,INS,40813734,11,40813734,4344,31,13,PRECISE,984,PASS,0/1,P017
8,93649893,INS00000009,INS,93649894,8,93649894,1865,0,24,PRECISE,606,PASS,0/1,P017
2,36555396,DEL00000001,DEL,36964545,2,36964545,-409149,11,12,PRECISE,478,PASS,0/1,P018
4,86974064,DUP00000001,DUP,88428321,4,88428321,1454257,30,16,PRECISE,1098,PASS,0/1,P018
5,9120524,DUP00000002,DUP,23609052,5,23609052,14488528,33,25,PRECISE,1172,PASS,1/1,P018
6,136411912,DUP00000003,DUP,145745377,6,145745377,9333465,10,9,PRECISE,381,PASS,1/1,P018
6,145745378,DEL00000002,DEL,170805979,6,170805979,-25060601,6,21,PRECISE,722,PASS,0/1,P018
7,35979614,DEL00000003,DEL,37740753,7,37740753,-1761139,2,2,IMPRECISE,112,LowQual,0/1,P018
8,97568406,DUP00000004,DUP,98798370,8,98798370,1229964,5,24,PRECISE,660,PASS,0/1,P018
8,98798371,DEL00000004,DEL,129191992,8,129191992,-30393621,18,8,PRECISE,615,PASS,0/1,P018
8,129191993,DEL00000005,DEL,130451823,8,130451823,-1259830,29,20,PRECISE,994,PASS,1/1,P018
8,130451824,DUP00000005,DUP,145138636,8,145138636,14686812,16,5,PRECISE,475,PASS,0/1,P018
9,121016917,DUP00000006,DUP,126707917,9,126707917,5691000,10,13,PRECISE,541,PASS,0/1,P018
9,126707918,DEL00000006,DEL,138394717,9,138394717,-11686799,20,6,PRECISE,699,PASS,0/1,P018
10,107720875,DUP00000007,DUP,112109943,10,112109943,4389068,6,15,PRECISE,547,PASS,1/1,P018
10,112109944,DEL00000007,DEL,133797422,10,133797422,-21687478,1,16,PRECISE,467,PASS,0/1,P018
11,29754458,DUP00000008,DUP,44962501,11,44962501,15208043,1,9,PRECISE,243,PASS,0/1,P018
12,7044834,DUP00000009,DUP,9683617,12,9683617,2638783,25,0,IMPRECISE,613,PASS,0/1,P018
12,9683618,DEL00000008,DEL,41991047,12,41991047,-32307429,12,21,PRECISE,850,PASS,1/1,P018
12,41991048,DEL00000009,DEL,48554262,12,48554262,-6563214,36,22,PRECISE,1208,PASS,0/1,P018
12,125157340,DUP00000010,DUP,133275309,12,133275309,8117969,1,16,PRECISE,527,PASS,0/1,P018
13,13496948,DEL00000010,DEL,16427797,13,16427797,-2930849,33,13,PRECISE,1027,PASS,0/1,P018
13,16427798,DUP00000011,DUP,33721485,13,33721485,17293687,26,4,PRECISE,755,PASS,1/1,P018
13,33721486,DUP00000012,DUP,50860310,13,50860310,17138824,36,13,PRECISE,1013,PASS,0/1,P018
13,50860311,DEL00000011,DEL,60005036,13,60005036,-9144725,1,15,PRECISE,434,PASS,1/1,P018
13,60005037,DEL00000012,DEL,61709953,13,61709953,-1704916,39,19,PRECISE,1250,PASS,0/1,P018
14,19113280,DUP00000013,DUP,22484925,14,22484925,3371645,31,7,PRECISE,863,PASS,1/1,P018
14,22484926,DEL00000013,DEL,42547849,14,42547849,-20062923,21,2,IMPRECISE,563,PASS,1/1,P018
14,42547850,DEL00000014,DEL,43677181,14,43677181,-1129331,16,14,PRECISE,631,PASS,0/1,P018
14,43677182,DUP00000014,DUP,55015771,14,55015771,11338589,22,9,PRECISE,798,PASS,0/1,P018
14,55015772,DEL00000015,DEL,55501359,14,55501359,-485587,1,5,PRECISE,174,PASS,0/1,P018
15,3192059,DEL00000016,DEL,4188169,15,4188169,-996110,8,8,PRECISE,495,PASS,0/1,P018
15,59246936,DEL00000017,DEL,59743912,15,59743912,-496976,18,10,PRECISE,600,PASS,1/1,P018
15,59743913,DUP00000015,DUP,61810036,15,61810036,2066123,14,25,PRECISE,860,PASS,0/1,P018
15,61810037,DEL00000018,DEL,69102398,15,69102398,-7292361,2,8,PRECISE,263,PASS,0/1,P018
15,69102399,DUP00000016,DUP,101991189,15,101991189,32888790,15,12,PRECISE,734,PASS,0/1,P018
16,63176585,DEL00000019,DEL,72349494,16,72349494,-9172909,33,2,IMPRECISE,746,PASS,0/1,P018
16,72349495,DUP00000017,DUP,88197318,16,88197318,15847823,19,0,IMPRECISE,402,PASS,0/1,P018
16,88197319,DUP00000018,DUP,88516786,16,88516786,319467,31,21,PRECISE,1130,PASS,0/1,P018
16,88516787,DEL00000020,DEL,90338345,16,90338345,-1821558,28,20,PRECISE,1056,PASS,0/1,P018
17,3523707,DUP00000019,DUP,11728042,17,11728042,8204335,4,1,IMPRECISE,128,LowQual,0/1,P018
17,11728043,DEL00000021,DEL,25100000,17,25100000,-13371957,38,22,PRECISE,1274,PASS,0/1,P018
17,25100001,DUP00000020,DUP,55756575,17,55756575,30656574,38,23,PRECISE,1417,PASS,1/1,P018
17,55756576,DUP00000021,DUP,56084044,17,56084044,327468,20,2,IMPRECISE,445,PASS,0/1,P018
17,56084045,DEL00000022,DEL,64558393,17,64558393,-8474348,38,2,IMPRECISE,937,PASS,0/1,P018
17,64558394,DEL00000023,DEL,72464543,17,72464543,-7906149,0,15,PRECISE,488,PASS,0/1,P018
17,72464544,DUP00000022,DUP,83257441,17,83257441,10792897,36,7,PRECISE,916,PASS,0/1,P018
19,18091346,DUP00000023,DUP,22082190,19,22082190,3990844,35,20,PRECISE,1272,PASS,0/1,P018
19,22082191,DEL00000024,DEL,52024501,19,52024501,-29942310,5,8,PRECISE,331,PASS,0/1,P018
19,52024502,DEL00000025,DEL,58617616,19,58617616,-6593114,34,3,IMPRECISE,847,PASS,0/1,P018
21,30698871,DUP00000024,DUP,32834081,21,32834081,2135210,1,9,PRECISE,386,PASS,0/1,P018
21,32834082,DEL00000026,DEL,46709983,21,46709983,-13875901,26,5,PRECISE,642,PASS,0/1,P018
22,2106648,DEL00000027,DEL,14451776,22,14451776,-12345128,14,12,PRECISE,551,PASS,1/1,P018
22,14451777,DUP00000025,DUP,30289947,22,30289947,15838170,35,7,PRECISE,942,PASS,0/1,P018
22,30289948,DUP00000026,DUP,32380056,22,32380056,2090108,30,13,PRECISE,945,PASS,0/1,P018
22,32380057,DEL00000028,DEL,47332560,22,47332560,-14952503,31,22,PRECISE,1134,PASS,0/1,P018
22,47332561,DUP00000027,DUP,50818468,22,50818468,3485907,27,18,PRECISE,1054,PASS,0/1,P018
2,186297642,INS00000001,INS,186297643,2,186297643,5135,9,14,PRECISE,486,PASS,0/1,P018
22,12404874,INS00000002,INS,12404875,22,12404875,5160,9,4,PRECISE,436,PASS,0/1,P018
X,76112741,DEL00000029,DEL,76113357,X,76113357,-616,3,22,PRECISE,637,PASS,0/1,P018
14,26454528,INV00000001,INV,26460913,14,26460913,6385,2,14,PRECISE,395,PASS,0/1,P018
15,59580033,BND00000001,BND,112693369,8,112693369,,12,19,PRECISE,758,PASS,0/1,P018
5,98849705,DEL00000030,DEL,100477306,5,100477306,-1627601,0,9,PRECISE,324,PASS,0/1,P018
X,145700613,DUP00000028,DUP,147177314,X,147177314,1476701,20,3,IMPRECISE,584,PASS,0/1,P018
5,16945519,INS00000003,INS,16945520,5,16945520,1847,2,6,PRECISE,328,PASS,1/1,P018
21,29053031,DUP00000029,DUP,29152018,21,29152018,98987,17,23,PRECISE,837,PASS,0/1,P018
17,3825904,INS00000004,INS,3825905,17,3825905,2788,5,7,PRECISE,364,PASS,0/1,P018
19,18849381,DEL00000031,DEL,19191684,19,19191684,-342303,5,21,PRECISE,653,PASS,0/1,P018
20,18658940,BND00000002,BND,72316230,15,72316230,,36,4,PRECISE,882,PASS,0/1,P018
4,170998949,DUP00000030,DUP,171253427,4,171253427,254478,17,16,PRECISE,685,PASS,0/1,P018
20,2825679,DEL00000032,DEL,5049252,20,5049252,-2223573,0,3,IMPRECISE,124,LowQual,0/1,P018
1,52048504,INV00000002,INV,52050253,1,52050253,1749,21,15,PRECISE,786,PASS,0/1,P018
4,29722087,INV00000003,INV,29730415,4,29730415,8328,23,24,PRECISE,945,PASS,0/1,P018
1,189997919,DUP00000001,DUP,190926208,1,190926208,928289,23,20,PRECISE,993,PASS,0/1,P019
2,122653411,DUP00000002,DUP,122994118,2,122994118,340707,25,4,PRECISE,713,PASS,0/1,P019
2,183337158,DEL00000001,DEL,184054857,2,184054857,-717699,22,25,PRECISE,1070,PASS,0/1,P019
2,184054858,DUP00000003,DUP,184861614,2,184861614,806756,5,20,PRECISE,511,PASS,1/1,P019
2,184861615,DEL00000002,DEL,184994039,2,184994039,-132424,25,25,PRECISE,1200,PASS,0/1,P019
3,62226101,DUP00000004,DUP,64064218,3,64064218,1838117,36,18,PRECISE,1217,PASS,1/1,P019
3,132850055,DUP00000005,DUP,159956645,3,159956645,27106590,15,13,PRECISE,566,PASS,0/1,P019
3,159956646,DEL00000003,DEL,198295559,3,198295559,-38338913,24,13,PRECISE,908,PASS,0/1,P019
4,54574137,DEL00000004,DEL,56260219,4,56260219,-1686082,37,5,PRECISE,1038,PASS,0/1,P019
4,56260220,DUP00000006,DUP,91084229,4,91084229,34824009,18,6,PRECISE,575,PASS,0/1,P019
4,91084230,DUP00000007,DUP,93074623,4,93074623,1990393,35,0,IMPRECISE,777,PASS,0/1,P019
5,92156047,DUP00000008,DUP,96638612,5,96638612,4482565,31,19,PRECISE,1115,PASS,0/1,P019
6,159966865,DEL00000005,DEL,170805979,6,170805979,-10839114,14,22,PRECISE,845,PASS,0/1,P019
7,8443903,DEL00000006,DEL,8812486,7,8812486,-368583,21,7,PRECISE,628,PASS,0/1,P019
8,17042117,DUP00000009,DUP,32011002,8,32011002,14968885,30,9,PRECISE,922,PASS,1/1,P019
8,32011003,DEL00000007,DEL,77660359,8,77660359,-45649356,14,20,PRECISE,701,PASS,1/1,P019
8,77660360,DEL00000008,DEL,82709292,8,82709292,-5048932,2,6,PRECISE,243,PASS,0/1,P019
9,13443124,DUP00000010,DUP,37151197,9,37151197,23708073,31,16,PRECISE,1058,PASS,0/1,P019
9,37151198,DEL00000009,DEL,43000000,9,43000000,-5848802,1,7,PRECISE,253,PASS,1/1,P019
9,43000001,DUP00000011,DUP,77392286,9,77392286,34392285,3,0,IMPRECISE,140,LowQual,1/1,P019
9,77392287,DUP00000012,DUP,82189427,9,82189427,4797140,0,1,IMPRECISE,87,LowQual,0/1,P019
12,4515741,DEL00000010,DEL,5706908,12,5706908,-1191167,14,4,PRECISE,542,PASS,0/1,P019
12,5706909,DUP00000013,DUP,54193653,12,54193653,48486744,18,4,PRECISE,486,PASS,0/1,P019
12,54193654,DEL00000011,DEL,54606050,12,54606050,-412396,32,22,PRECISE,1188,PASS,0/1,P019
12,54606051,DUP00000014,DUP,101045746,12,101045746,46439695,8,25,PRECISE,686,PASS,0/1,P019
12,101045747,DUP00000015,DUP,101407411,12,101407411,361664,28,3,IMPRECISE,659,PASS,1/1,P019
12,101407412,DEL00000012,DEL,133275309,12,133275309,-31867897,22,2,IMPRECISE,669,PASS,1/1,P019
13,42821190,DUP00000016,DUP,58452903,13,58452903,15631713,1,5,PRECISE,306,PASS,1/1,P019
13,58452904,DEL00000013,DEL,85403643,13,85403643,-26950739,24,25,PRECISE,1050,PASS,1/1,P019
13,85403644,DUP00000017,DUP,114364328,13,114364328,28960684,24,24,PRECISE,1032,PASS,0/1,P019
15,28092768,DUP00000018,DUP,33173253,15,33173253,5080485,40,24,PRECISE,1461,PASS,0/1,P019
15,33173254,DEL00000014,DEL,53040695,15,53040695,-19867441,17,2,IMPRECISE,411,PASS,0/1,P019
15,53040696,DEL00000015,DEL,53606637,15,53606637,-565941,7,20,PRECISE,566,PASS,1/1,P019
15,53606638,DUP00000019,DUP,101991189,15,101991189,48384551,24,8,PRECISE,732,PASS,0/1,P019
18,17555783,DEL00000016,DEL,18706646,18,18706646,-1150863,40,23,PRECISE,1438,PASS,1/1,P019
18,18706647,DUP00000020,DUP,41602457,18,41602457,22895810,9,25,PRECISE,849,PASS,0/1,P019
18,41602458,DUP00000021,DUP,79705280,18,79705280,38102822,11,13,PRECISE,570,PASS,0/1,P019
18,79705281,DEL00000017,DEL,80373285,18,80373285,-668004,7,12,PRECISE,537,PASS,1/1,P019
19,31016517,DUP00000022,DUP,32183059,19,32183059,1166542,3,15,PRECISE,370,PASS,0/1,P019
19,32183060,DEL00000018,DEL,58617616,19,58617616,-26434556,20,9,PRECISE,713,PASS,1/1,P019
20,17793412,DEL00000019,DEL,18284473,20,18284473,-491061,19,22,PRECISE,967,PASS,0/1,P019
20,18284474,DUP00000023,DUP,64444167,20,64444167,46159693,30,22,PRECISE,1219,PASS,0/1,P019
21,21720942,DUP00000024,DUP,22283146,21,22283146,562204,34,18,PRECISE,1145,PASS,0/1,P019
21,22283147,DEL00000020,DEL,30944686,21,30944686,-8661539,3,22,PRECISE,644,PASS,1/1,P019
21,30944687,DUP00000025,DUP,42530154,21,42530154,11585467,14,6,PRECISE,550,PASS,0/1,P019
21,42530155,DEL00000021,DEL,43182238,21,43182238,-652083,14,25,PRECISE,966,PASS,0/1,P019
21,43182239,DUP00000026,DUP,46636915,21,46636915,3454676,0,12,PRECISE,394,PASS,1/1,P019
21,46636916,DEL00000022,DEL,46709983,21,46709983,-73067,25,0,IMPRECISE,585,PASS,0/1,P019
14,13728641,DUP00000027,DUP,14298324,14,14298324,569683,29,0,IMPRECISE,714,PASS,0/1,P019
12,96467084,DUP00000028,DUP,96673256,12,96673256,206172,0,0,IMPRECISE,86,LowQual,0/1,P019
3,28927437,INS00000001,INS,28927438,3,28927438,766,24,20,PRECISE,1047,PASS,0/1,P019
7,108944654,DUP00000029,DUP,109430905,7,109430905,486251,33,23,PRECISE,1272,PASS,0/1,P019
X,118464155,BND00000001,BND,52488128,19,52488128,,19,25,PRECISE,915,PASS,0/1,P019
1,204855568,DUP00000030,DUP,206678349,1,206678349,1822781,12,8,PRECISE,536,PASS,0/1,P019
5,106182169,INS00000002,INS,106182170,5,106182170,134,17,11,PRECISE,583,PASS,1/1,P019
3,58307558,DUP00000031,DUP,58309516,3,58309516,1958,9,8,PRECISE,432,PASS,0/1,P019
12,40993584,DEL00000023,DEL,41009962,12,41009962,-16378,6,15,PRECISE,472,PASS,0/1,P019
4,168504638,DUP00000032,DUP,168506393,4,168506393,1755,22,15,PRECISE,855,PASS,0/1,P019
19,52199141,INS00000003,INS,52199142,19,52199142,1164,0,11,PRECISE,279,PASS,1/1,P019
6,83815652,INV00000001,INV,89090625,6,89090625,5274973,21,8,PRECISE,611,PASS,0/1,P019
7,120336553,BND00000002,BND,8774187,19,8774187,,33,9,PRECISE,854,PASS,1/1,P019
10,128513349,INS00000004,INS,128513350,10,128513350,1205,35,9,PRECISE,964,PASS,0/1,P019
1,25125231,INS00000005,INS,25125232,1,25125232,1994,8,9,PRECISE,445,PASS,0/1,P019
4,165401518,INS00000006,INS,165401519,4,165401519,419,11,5,PRECISE,354,PASS,0/1,P019
14,33823429,DUP00000033,DUP,33847273,14,33847273,23844,0,13,PRECISE,422,PASS,1/1,P019
10,95737625,INV00000002,INV,95969319,10,95969319,231694,4,20,PRECISE,667,PASS,1/1,P019
14,45648244,DUP00000034,DUP,45751558,14,45751558,103314,23,22,PRECISE,979,PASS,0/1,P019
1,122985385,DEL00000024,DEL,123051982,1,123051982,-66597,24,21,PRECISE,1071,PASS,1/1,P019
17,42466327,DEL00000025,DEL,42608965,17,42608965,-142638,0,14,PRECISE,287,PASS,0/1,P019
13,64167331,DEL00000026,DEL,64197315,13,64197315,-29984,0,9,PRECISE,336,PASS,0/1,P019
3,48389027,DEL00000027,DEL,48389392,3,48389392,-365,18,19,PRECISE,780,PASS,1/1,P019
18,31414000,DEL00000028,DEL,31423662,18,31423662,-9662,32,21,PRECISE,1191,PASS,0/1,P019
11,72759337,DEL00000029,DEL,73636265,11,73636265,-876928,8,24,PRECISE,648,PASS,0/1,P019
10,22692545,INV00000003,INV,22697836,10,22697836,5291,2,4,PRECISE,269,PASS,0/1,P019
1,6608632,INV00000004,INV,6630316,1,6630316,21684,35,21,PRECISE,1137,PASS,0/1,P019
15,54735571,BND00000003,BND,49163356,X,49163356,,19,4,PRECISE,626,PASS,1/1,P019
7,47224278,DEL00000030,DEL,47445782,7,47445782,-221504,4,1,IMPRECISE,240,LowQual,0/1,P019
14,40814396,BND00000004,BND,143572411,1,143572411,,18,11,PRECISE,680,PASS,0/1,P019
20,11588696,DEL00000031,DEL,11609665,20,11609665,-20969,2,9,PRECISE,337,PASS,0/1,P019
11,100778659,DEL00000032,DEL,100778995,11,100778995,-336,36,9,PRECISE,1070,PASS,0/1,P019
X,59287408,INV00000005,INV,60853058,X,60853058,1565650,34,8,PRECISE,849,PASS,0/1,P019
11,43373453,INV00000006,INV,43381973,11,43381973,8520,18,16,PRECISE,734,PASS,0/1,P019
11,105075108,DEL00000033,DEL,105096939,11,105096939,-21831,25,4,PRECISE,632,PASS,0/1,P019
16,63314895,INV00000007,INV,63886136,16,63886136,571241,11,0,IMPRECISE,399,PASS,0/1,P019
20,47349955,DEL00000034,DEL,47356254,20,47356254,-6299,8,5,PRECISE,366,PASS,0/1,P019
5,6007628,DUP00000035,DUP,6185473,5,6185473,177845,21,23,PRECISE,905,PASS,0/1,P019
2,25580995,DEL00000035,DEL,25915240,2,25915240,-334245,29,16,PRECISE,907,PASS,0/1,P019
20,33651265,DUP00000036,DUP,33694265,20,33694265,43000,28,18,PRECISE,1066,PASS,0/1,P019
X,93227039,DEL00000036,DEL,93252547,X,93252547,-25508,40,9,PRECISE,1028,PASS,0/1,P019
9,71858556,DEL00000037,DEL,71893887,9,71893887,-35331,5,15,PRECISE,526,PASS,0/1,P019
17,12964348,DEL00000038,DEL,12972380,17,12972380,-8032,12,6,PRECISE,387,PASS,0/1,P019
16,19911570,BND00000005,BND,37401174,7,37401174,,28,16,PRECISE,1045,PASS,0/1,P019
11,74105259,DEL00000039,DEL,75512258,11,75512258,-1406999,30,24,PRECISE,1125,PASS,0/1,P019
15,91065682,BND00000006,BND,80200918,16,80200918,,14,19,PRECISE,677,PASS,1/1,P019
20,5461192,INV00000008,INV,5463704,20,5463704,2512,38,11,PRECISE,998,PASS,0/1,P019
X,8278467,DUP00000037,DUP,8286019,X,8286019,7552,40,11,PRECISE,1095,PASS,1/1,P019
4,66194154,INV00000009,INV,68008420,4,68008420,1814266,3,12,PRECISE,454,PASS,0/1,P019
13,1876760,INV00000010,INV,2059638,13,2059638,182878,26,14,PRECISE,878,PASS,0/1,P019
18,17557638,DUP00000038,DUP,18216220,18,18216220,658582,34,24,PRECISE,1188,PASS,0/1,P019
5,54281599,INS00000007,INS,54281600,5,54281600,317,30,18,PRECISE,1133,PASS,0/1,P019
22,43511043,DUP00000039,DUP,43512921,22,43512921,1878,24,1,IMPRECISE,644,PASS,0/1,P019
14,6946276,INS00000008,INS,6946277,14,6946277,4111,31,13,PRECISE,1049,PASS,0/1,P019
18,65969949,DUP00000040,DUP,65971964,18,65971964,2015,32,23,PRECISE,1210,PASS,1/1,P019
12,14563783,INV00000011,INV,18671734,12,18671734,4107951,29,23,PRECISE,1042,PASS,1/1,P019
X,107297012,INV00000012,INV,107498474,X,107498474,201462,35,11,PRECISE,1012,PASS,0/1,P019
1,100450357,DUP00000001,DUP,103906704,1,103906704,3456347,39,25,PRECISE,1370,PASS,0/1,P020
1,103906705,DUP00000002,DUP,111074988,1,111074988,7168283,19,4,PRECISE,464,PASS,0/1,P020
2,59694029,DEL00000001,DEL,63765228,2,63765228,-4071199,23,5,PRECISE,621,PASS,0/1,P020
2,63765229,DUP00000003,DUP,83674751,2,83674751,19909522,21,13,PRECISE,766,PASS,1/1,P020
2,83674752,DUP00000004,DUP,84951353,2,84951353,1276601,24,6,PRECISE,769,PASS,0/1,P020
2,84951354,DEL00000002,DEL,126838396,2,126838396,-41887042,8,15,PRECISE,483,PASS,1/1,P020
2,126838397,DEL00000003,DEL,129721059,2,129721059,-2882662,29,15,PRECISE,1076,PASS,0/1,P020
2,129721060,DUP00000005,DUP,147607039,2,147607039,17885979,31,15,PRECISE,960,PASS,1/1,P020
2,147607040,DUP00000006,DUP,170982905,2,170982905,23375865,36,8,PRECISE,1049,PASS,0/1,P020
2,170982906,DEL00000004,DEL,172126449,2,172126449,-1143543,18,25,PRECISE,888,PASS,0/1,P020
2,172126450,DEL00000005,DEL,180182765,2,180182765,-8056315,24,17,PRECISE,956,PASS,0/1,P020
2,180182766,DUP00000007,DUP,224770015,2,224770015,44587249,28,5,PRECISE,691,PASS,0/1,P020
2,224770016,DUP00000008,DUP,225376624,2,225376624,606608,29,11,PRECISE,856,PASS,0/1,P020
2,225376625,DEL00000006,DEL,242193529,2,242193529,-16816904,2,12,PRECISE,427,PASS,1/1,P020
3,28990854,DUP00000009,DUP,32526929,3,32526929,3536075,5,4,PRECISE,264,PASS,0/1,P020
3,82832053,DUP00000010,DUP,113812756,3,113812756,30980703,2,12,PRECISE,301,PASS,0/1,P020
3,113812757,DEL00000007,DEL,127084757,3,127084757,-13272000,5,4,PRECISE,203,PASS,0/1,P020
3,127084758,DEL00000008,DEL,131279661,3,131279661,-4194903,17,23,PRECISE,946,PASS,1/1,P020
4,24789332,DEL00000009,DEL,35204231,4,35204231,-10414899,32,13,PRECISE,1057,PASS,0/1,P020
4,35204232,DUP00000011,DUP,60385494,4,60385494,25181262,1,22,PRECISE,520,PASS,1/1,P020
4,60385495,DUP00000012,DUP,60712431,4,60712431,326936,30,1,IMPRECISE,693,PASS,0/1,P020
4,60712432,DEL00000010,DEL,72617973,4,72617973,-11905541,32,11,PRECISE,952,PASS,1/1,P020
4,72617974,DUP00000013,DUP,87028491,4,87028491,14410517,14,20,PRECISE,859,PASS,1/1,P020
4,87028492,DEL00000011,DEL,110758193,4,110758193,-23729701,34,1,IMPRECISE,721,PASS,1/1,P020
4,110758194,DUP00000014,DUP,123904860,4,123904860,13146666,7,1,IMPRECISE,191,PASS,1/1,P020
4,184221660,DUP00000015,DUP,184895100,4,184895100,673440,10,15,PRECISE,637,PASS,0/1,P020
4,184895101,DEL00000012,DEL,190214555,4,190214555,-5319454,11,16,PRECISE,596,PASS,0/1,P020
5,109466021,DEL00000013,DEL,123026983,5,123026983,-13560962,27,2,IMPRECISE,592,PASS,0/1,P020
5,174049945,DEL00000014,DEL,175561836,5,175561836,-1511891,9,12,PRECISE,471,PASS,0/1,P020
5,175561837,DUP00000016,DUP,181538259,5,181538259,5976422,14,18,PRECISE,656,PASS,1/1,P020
6,5023596,DUP00000017,DUP,10954590,6,10954590,5930994,37,15,PRECISE,1067,PASS,0/1,P020
6,10954591,DEL00000015,DEL,35310663,6,35310663,-24356072,16,12,PRECISE,627,PASS,0/1,P020
6,35310664,DUP00000018,DUP,55185871,6,55185871,19875207,23,13,PRECISE,777,PASS,0/1,P020
6,55185872,DEL00000016,DEL,65108530,6,65108530,-9922658,6,0,IMPRECISE,145,PASS,1/1,P020
6,65108531,DEL00000017,DEL,66486211,6,66486211,-1377680,3,25,PRECISE,640,PASS,0/1,P020
6,66486212,DUP00000019,DUP,93100780,6,93100780,26614568,14,5,PRECISE,544,PASS,1/1,P020
6,93100781,DUP00000020,DUP,93685478,6,93685478,584697,17,17,PRECISE,738,PASS,0/1,P020
6,93685479,DEL00000018,DEL,107999014,6,107999014,-14313535,17,5,PRECISE,445,PASS,1/1,P020
6,107999015,DEL00000019,DEL,108985680,6,108985680,-986665,37,25,PRECISE,1293,PASS,0/1,P020
6,108985681,DUP00000021,DUP,139581922,6,139581922,30596241,27,0,IMPRECISE,563,PASS,1/1,P020
6,139581923,DUP00000022,DUP,156286387,6,156286387,16704464,38,23,PRECISE,1364,PASS,0/1,P020
6,156286388,DEL00000020,DEL,170805979,6,170805979,-14519591,33,14,PRECISE,1050,PASS,0/1,P020
7,135695729,DEL00000021,DEL,135986004,7,135986004,-290275,4,2,IMPRECISE,189,PASS,0/1,P020
7,135986005,DUP00000023,DUP,159345973,7,159345973,23359968,10,3,IMPRECISE,357,PASS,0/1,P020
8,4009152,DUP00000024,DUP,24420672,8,24420672,20411520,18,25,PRECISE,1017,PASS,1/1,P020
8,99426831,DUP00000025,DUP,103145273,8,103145273,3718442,34,22,PRECISE,1240,PASS,0/1,P020
8,103145274,DEL00000022,DEL,117086622,8,117086622,-13941348,34,23,PRECISE,1232,PASS,0/1,P020
8,117086623,DEL00000023,DEL,120522173,8,120522173,-3435550,8,21,PRECISE,610,PASS,0/1,P020
8,120522174,DUP00000026,DUP,145138636,8,145138636,24616462,26,12,PRECISE,901,PASS,1/1,P020
9,96204640,DUP00000027,DUP,97361523,9,97361523,1156883,21,24,PRECISE,1099,PASS,0/1,P020
9,97361524,DEL00000024,DEL,99102940,9,99102940,-1741416,32,20,PRECISE,1064,PASS,0/1,P020
9,99102941,DUP00000028,DUP,100639656,9,100639656,1536715,16,2,IMPRECISE,399,PASS,0/1,P020
9,100639657,DEL00000025,DEL,138394717,9,138394717,-37755060,8,9,PRECISE,363,PASS,1/1,P020
10,16396324,DEL00000026,DEL,20124060,10,20124060,-3727736,5,11,PRECISE,460,PASS,1/1,P020
10,20124061,DUP00000029,DUP,60380749,10,60380749,40256688,34,25,PRECISE,1380,PASS,0/1,P020
10,60380750,DUP00000030,DUP,60961356,10,60961356,580606,28,10,PRECISE,892,PASS,0/1,P020
10,60961357,DEL00000027,DEL,70296549,10,70296549,-9335192,26,25,PRECISE,1164,PASS,0/1,P020
10,70296550,DUP00000031,DUP,71209297,10,71209297,912747,3,14,PRECISE,417,PASS,0/1,P020
10,71209298,DEL00000028,DEL,84965870,10,84965870,-13756572,12,10,PRECISE,507,PASS,1/1,P020
10,84965871,DUP00000032,DUP,85833426,10,85833426,867555,1,3,IMPRECISE,251,LowQual,0/1,P020
10,85833427,DEL00000029,DEL,104540997,10,104540997,-18707570,19,24,PRECISE,928,PASS,0/1,P020
10,104540998,DUP00000033,DUP,105603753,10,105603753,1062755,34,0,IMPRECISE,865,PASS,1/1,P020
10,105603754,DEL00000030,DEL,110060865,10,110060865,-4457111,6,12,PRECISE,475,PASS,0/1,P020
10,110060866,DEL00000031,DEL,111665142,10,111665142,-1604276,27,15,PRECISE,1026,PASS,0/1,P020
10,111665143,DUP00000034,DUP,133797422,10,133797422,22132279,13,3,IMPRECISE,370,PASS,0/1,P020
11,41901832,DEL00000032,DEL,42286984,11,42286984,-385152,18,11,PRECISE,726,PASS,0/1,P020
11,42286985,DUP00000035,DUP,44007362,11,44007362,1720377,6,7,PRECISE,300,PASS,0/1,P020
11,44007363,DEL00000033,DEL,45486024,11,45486024,-1478661,17,2,IMPRECISE,521,PASS,0/1,P020
11,45486025,DUP00000036,DUP,46221381,11,46221381,735356,8,3,IMPRECISE,266,PASS,0/1,P020
11,46221382,DUP00000037,DUP,57333622,11,57333622,11112240,0,17,PRECISE,341,PASS,1/1,P020
11,57333623,DEL00000034,DEL,65233201,11,65233201,-7899578,27,14,PRECISE,821,PASS,0/1,P020
11,65233202,DEL00000035,DEL,99881540,11,99881540,-34648338,35,0,IMPRECISE,758,PASS,0/1,P020
11,99881541,DUP00000038,DUP,135086622,11,135086622,35205081,35,21,PRECISE,1230,PASS,0/1,P020
12,11162885,DUP00000039,DUP,42950424,12,42950424,31787539,14,3,IMPRECISE,389,PASS,0/1,P020
12,42950425,DEL00000036,DEL,67507733,12,67507733,-24557308,26,10,PRECISE,769,PASS,0/1,P020
12,67507734,DUP00000040,DUP,70326743,12,70326743,2819009,35,25,PRECISE,1343,PASS,0/1,P020
12,70326744,DEL00000037,DEL,75472046,12,75472046,-5145302,40,15,PRECISE,1105,PASS,0/1,P020
13,20679575,DEL00000038,DEL,22927555,13,22927555,-2247980,37,15,PRECISE,1135,PASS,0/1,P020
13,89386366,DUP00000041,DUP,92982510,13,92982510,3596144,4,24,PRECISE,643,PASS,0/1,P020
13,92982511,DEL00000039,DEL,114364328,13,114364328,-21381817,22,10,PRECISE,697,PASS,0/1,P020
14,8027940,DEL00000040,DEL,8138759,14,8138759,-110819,12,21,PRECISE,790,PASS,0/1,P020
14,8138760,DUP00000042,DUP,10095032,14,10095032,1956272,3,20,PRECISE,638,PASS,0/1,P020
14,10095033,DUP00000043,DUP,10689061,14,10689061,594028,32,13,PRECISE,918,PASS,0/1,P020
14,10689062,DEL00000041,DEL,11698536,14,11698536,-1009474,18,3,IMPRECISE,560,PASS,1/1,P020
14,11698537,DEL00000042,DEL,14129834,14,14129834,-2431297,16,1,IMPRECISE,410,PASS,1/1,P020
14,14129835,DUP00000044,DUP,43588442,14,43588442,29458607,28,24,PRECISE,1199,PASS,0/1,P020
14,43588443,DEL00000043,DEL,90305501,14,90305501,-46717058,3,25,PRECISE,738,PASS,0/1,P020
14,90305502,DUP00000045,DUP,102889728,14,102889728,12584226,38,21,PRECISE,1328,PASS,0/1,P020
14,102889729,DEL00000044,DEL,107043718,14,107043718,-4153989,8,2,IMPRECISE,271,PASS,1/1,P020
15,41252961,DEL00000045,DEL,42047586,15,42047586,-794625,33,3,IMPRECISE,913,PASS,0/1,P020
15,42047587,DUP00000046,DUP,44143635,15,44143635,2096048,36,24,PRECISE,1236,PASS,0/1,P020
15,44143636,DEL00000046,DEL,61609546,15,61609546,-17465910,36,4,PRECISE,929,PASS,1/1,P020
15,61609547,DUP00000047,DUP,101991189,15,101991189,40381642,26,0,IMPRECISE,558,PASS,0/1,P020
16,6846566,DEL00000047,DEL,9251808,16,9251808,-2405242,39,22,PRECISE,1405,PASS,0/1,P020
16,9251809,DUP00000048,DUP,17972232,16,17972232,8720423,33,1,IMPRECISE,856,PASS,0/1,P020
16,17972233,DEL00000048,DEL,19324052,16,19324052,-1351819,2,17,PRECISE,472,PASS,1/1,P020
16,19324053,DUP00000049,DUP,43904637,16,43904637,24580584,30,12,PRECISE,869,PASS,0/1,P020
16,43904638,DEL00000049,DEL,46361351,16,46361351,-2456713,36,4,PRECISE,958,PASS,0/1,P020
16,46361352,DEL00000050,DEL,48080169,16,48080169,-1718817,19,2,IMPRECISE,600,PASS,0/1,P020
16,48080170,DUP00000050,DUP,75391444,16,75391444,27311274,10,23,PRECISE,857,PASS,0/1,P020
16,75391445,DEL00000051,DEL,90338345,16,90338345,-14946900,25,6,PRECISE,763,PASS,0/1,P020
17,2506531,DEL00000052,DEL,2676345,17,2676345,-169814,35,23,PRECISE,1264,PASS,0/1,P020
17,2676346,DUP00000051,DUP,15432094,17,15432094,12755748,3,13,PRECISE,447,PASS,0/1,P020
17,15432095,DEL00000053,DEL,62215790,17,62215790,-46783695,3,9,PRECISE,396,PASS,0/1,P020
17,62215791,DUP00000052,DUP,74242936,17,74242936,12027145,39,1,IMPRECISE,976,PASS,0/1,P020
17,74242937,DEL00000054,DEL,76282570,17,76282570,-2039633,38,23,PRECISE,1327,PASS,0/1,P020
17,76282571,DUP00000053,DUP,83257441,17,83257441,6974870,11,9,PRECISE,413,PASS,0/1,P020
18,42873389,DEL00000055,DEL,43238182,18,43238182,-364793,9,20,PRECISE,635,PASS,0/1,P020
18,43238183,DUP00000054,DUP,43890277,18,43890277,652094,8,4,PRECISE,434,PASS,0/1,P020
18,43890278,DUP00000055,DUP,44372908,18,44372908,482630,25,24,PRECISE,1034,PASS,0/1,P020
18,44372909,DEL00000056,DEL,55184972,18,55184972,-10812063,33,9,PRECISE,1028,PASS,0/1,P020
18,55184973,DUP00000056,DUP,56042405,18,56042405,857432,25,6,PRECISE,740,PASS,0/1,P020
18,56042406,DEL00000057,DEL,76218258,18,76218258,-20175852,32,14,PRECISE,1058,PASS,0/1,P020
18,76218259,DEL00000058,DEL,80373285,18,80373285,-4155026,21,15,PRECISE,878,PASS,0/1,P020
20,24452016,DUP00000057,DUP,24937036,20,24937036,485020,5,4,PRECISE,220,PASS,0/1,P020
20,24937037,DEL00000059,DEL,64444167,20,64444167,-39507130,22,4,PRECISE,527,PASS,0/1,P020
21,3394846,DUP00000058,DUP,4246524,21,4246524,851678,19,5,PRECISE,491,PASS,0/1,P020
21,4246525,DEL00000060,DEL,7436777,21,7436777,-3190252,37,20,PRECISE,1208,PASS,0/1,P020
21,7436778,DEL00000061,DEL,11645694,21,11645694,-4208916,22,15,PRECISE,777,PASS,0/1,P020
21,11645695,DUP00000059,DUP,27871292,21,27871292,16225597,2,0,IMPRECISE,172,LowQual,0/1,P020
21,27871293,DEL00000062,DEL,36736347,21,36736347,-8865054,30,12,PRECISE,998,PASS,0/1,P020
21,36736348,DUP00000060,DUP,39370535,21,39370535,2634187,25,7,PRECISE,691,PASS,1/1,P020
21,39370536,DUP00000061,DUP,46709983,21,46709983,7339447,4,18,PRECISE,548,PASS,0/1,P020
12,103038742,DUP00000062,DUP,103044786,12,103044786,6044,18,13,PRECISE,715,PASS,0/1,P020
11,105578580,INS00000001,INS,105578581,11,105578581,2520,19,20,PRECISE,973,PASS,0/1,P020
19,36090106,BND00000001,BND,18344889,19,18344889,,38,5,PRECISE,1053,PASS,0/1,P020
18,54846076,INS00000002,INS,54846077,18,54846077,846,0,20,PRECISE,404,PASS,1/1,P020
7,99431658,DEL00000063,DEL,99442810,7,99442810,-11152,6,11,PRECISE,388,PASS,0/1,P020
4,178726506,INV00000001,INV,178728736,4,178728736,2230,17,4,PRECISE,554,PASS,1/1,P020
1,9781393,INV00000002,INV,9788259,1,9788259,6866,5,16,PRECISE,482,PASS,0/1,P020
X,59599142,DUP00000063,DUP,59848658,X,59848658,249516,23,23,PRECISE,945,PASS,1/1,P020
21,33827113,INS00000003,INS,33827114,21,33827114,4960,40,22,PRECISE,1401,PASS,0/1,P020
11,87798913,INV00000003,INV,87806974,11,87806974,8061,15,24,PRECISE,934,PASS,0/1,P020
21,24331022,DEL00000064,DEL,24349150,21,24349150,-18128,0,21,PRECISE,496,PASS,0/1,P020
20,19667492,DEL00000065,DEL,20544390,20,20544390,-876898,37,9,PRECISE,1049,PASS,1/1,P020
21,5240685,DUP00000064,DUP,5242116,21,5242116,1431,1,21,PRECISE,583,PASS,0/1,P020
11,30803939,BND00000002,BND,143294746,1,143294746,,22,16,PRECISE,821,PASS,0/1,P020
4,128555419,INS00000004,INS,128555420,4,128555420,4406,31,5,PRECISE,729,PASS,0/1,P020
9,67115926,DEL00000066,DEL,67124313,9,67124313,-8387,35,6,PRECISE,847,PASS,1/1,P020
11,44198460,INV00000004,INV,44201032,11,44201032,2572,4,6,PRECISE,253,PASS,0/1,P020
13,96988042,DEL00000067,DEL,97316461,13,97316461,-328419,30,21,PRECISE,1058,PASS,0/1,P020
15,96631565,DEL00000068,DEL,98709463,15,98709463,-2077898,28,15,PRECISE,932,PASS,1/1,P020
11,3814190,DEL00000069,DEL,3839501,11,3839501,-25311,4,11,PRECISE,315,PASS,1/1,P020
7,143329371,INV00000005,INV,143854328,7,143854328,524957,16,4,PRECISE,501,PASS,0/1,P020
13,51207014,DUP00000065,DUP,51210970,13,51210970,3956,4,18,PRECISE,441,PASS,1/1,P020
20,36208432,BND00000003,BND,110703341,10,110703341,,23,10,PRECISE,682,PASS,1/1,P020
10,58864258,DEL00000070,DEL,58867271,10,58867271,-3013,16,3,IMPRECISE,432,PASS,0/1,P020
7,130336416,BND00000004,BND,67477421,12,67477421,,16,17,PRECISE,835,PASS,1/1,P020
5,53943093,INV00000006,INV,53951755,5,53951755,8662,39,8,PRECISE,985,PASS,0/1,P020
20,12242545,DEL00000071,DEL,15063222,20,15063222,-2820677,17,11,PRECISE,642,PASS,1/1,P020
3,80712469,DEL00000072,DEL,81306788,3,81306788,-594319,33,12,PRECISE,1009,PASS,0/1,P020
14,44210668,INV00000007,INV,44836042,14,44836042,625374,5,20,PRECISE,696,PASS,0/1,P020
2,133337577,INS00000005,INS,133337578,2,133337578,1366,40,0,IMPRECISE,860,PASS,0/1,P020
21,20845685,DEL00000073,DEL,22872057,21,22872057,-2026372,15,4,PRECISE,392,PASS,0/1,P020
11,105937456,BND00000005,BND,25653030,9,25653030,,10,17,PRECISE,592,PASS,0/1,P020
X,9630159,BND00000006,BND,14579036,21,14579036,,34,14,PRECISE,982,PASS,1/1,P020
17,57843166,INV00000008,INV,57863773,17,57863773,20607,30,11,PRECISE,823,PASS,1/1,P020
1,139784275,DEL00000074,DEL,139792596,1,139792596,-8321,26,3,IMPRECISE,628,PASS,0/1,P020
19,21655853,BND00000007,BND,116813465,12,116813465,,2,6,PRECISE,203,PASS,0/1,P020
19,24733920,DUP00000066,DUP,24734934,19,24734934,1014,26,13,PRECISE,963,PASS,0/1,P020
22,46659624,DUP00000067,DUP,46708042,22,46708042,48418,35,9,PRECISE,1054,PASS,0/1,P020
4,34575013,DEL00000075,DEL,34580906,4,34580906,-5893,18,0,IMPRECISE,513,PASS,0/1,P020
21,23821223,DEL00000076,DEL,26769426,21,26769426,-2948203,32,14,PRECISE,949,PASS,1/1,P020
10,34385171,INS00000006,INS,34385172,10,34385172,4729,10,21,PRECISE,682,PASS,0/1,P020
X,57571815,DEL00000077,DEL,58152325,X,58152325,-580510,10,22,PRECISE,668,PASS,0/1,P020
14,49924363,DUP00000068,DUP,49947740,14,49947740,23377,31,8,PRECISE,805,PASS,1/1,P020
11,128512468,DEL00000078,DEL,128521855,11,128521855,-9387,12,25,PRECISE,893,PASS,0/1,P020
6,12580600,INV00000009,INV,12617241,6,12617241,36641,11,8,PRECISE,423,PASS,0/1,P020
20,9692013,INV00000010,INV,9698052,20,9698052,6039,27,6,PRECISE,804,PASS,0/1,P020
16,39231406,DEL00000079,DEL,39324981,16,39324981,-93575,32,13,PRECISE,1100,PASS,0/1,P020
16,18448621,DEL00000080,DEL,18539883,16,18539883,-91262,8,3,IMPRECISE,354,PASS,1/1,P020
7,29708835,INV00000011,INV,29725645,7,29725645,16810,23,15,PRECISE,946,PASS,0/1,P020
8,123758603,DUP00000069,DUP,124117030,8,124117030,358427,10,14,PRECISE,500,PASS,0/1,P020
13,28341683,INV00000012,INV,28644714,13,28644714,303031,37,12,PRECISE,997,PASS,0/1,P020
19,54891818,DUP00000070,DUP,54904610,19,54904610,12792,6,3,IMPRECISE,260,PASS,0/1,P020
16,53937299,DEL00000081,DEL,54087216,16,54087216,-149917,14,10,PRECISE,588,PASS,0/1,P020
21,37312798,DEL00000082,DEL,37441243,21,37441243,-128445,32,8,PRECISE,893,PASS,1/1,P020
19,29947871,INV00000013,INV,30445851,19,30445851,497980,1,15,PRECISE,436,PASS,0/1,P020
22,16386458,INS00000007,INS,16386459,22,16386459,3869,27,2,IMPRECISE,627,PASS,0/1,P020
12,25325979,INV00000014,INV,25456108,12,25456108,130129,30,12,PRECISE,874,PASS,0/1,P020
1,102694341,DEL00000083,DEL,103059269,1,103059269,-364928,40,18,PRECISE,1223,PASS,0/1,P020
10,116757554,INV00000015,INV,116814690,10,116814690,57136,23,23,PRECISE,992,PASS,0/1,P020
12,5400437,INV00000016,INV,5408022,12,5408022,7585,8,22,PRECISE,716,PASS,0/1,P020
12,84705259,DEL00000084,DEL,84708039,12,84708039,-2780,40,19,PRECISE,1210,PASS,1/1,P020
7,48946827,BND00000008,BND,137174593,8,137174593,,13,12,PRECISE,618,PASS,1/1,P020
18,55869464,DEL00000085,DEL,55980629,18,55980629,-111165,19,7,PRECISE,536,PASS,0/1,P020
1,106839208,DEL00000086,DEL,106851718,1,106851718,-12510,34,24,PRECISE,1313,PASS,0/1,P020
7,59374279,BND00000009,BND,32817952,22,32817952,,9,24,PRECISE,828,PASS,0/1,P020
14,94344935,DEL00000087,DEL,94407213,14,94407213,-62278,15,19,PRECISE,879,PASS,0/1,P020
3,139429017,DUP00000071,DUP,139430489,3,139430489,1472,11,2,IMPRECISE,383,PASS,1/1,P020
17,47038041,DEL00000088,DEL,47038489,17,47038489,-448,26,18,PRECISE,933,PASS,0/1,P020
1,99552977,DUP00000001,DUP,115374364,1,115374364,15821387,37,3,IMPRECISE,929,PASS,1/1,P021
1,115374365,DEL00000001,DEL,139397823,1,139397823,-24023458,7,5,PRECISE,435,PASS,1/1,P021
1,139397824,DUP00000002,DUP,139718663,1,139718663,320839,11,13,PRECISE,631,PASS,0/1,P021
1,193399581,DEL00000002,DEL,196266505,1,196266505,-2866924,23,0,IMPRECISE,481,PASS,1/1,P021
1,196266506,DUP00000003,DUP,233734821,1,233734821,37468315,26,15,PRECISE,962,PASS,0/1,P021
1,233734822,DEL00000003,DEL,234197645,1,234197645,-462823,36,19,PRECISE,1262,PASS,1/1,P021
1,234197646,DUP00000004,DUP,248956422,1,248956422,14758776,39,6,PRECISE,950,PASS,0/1,P021
2,14777257,DUP00000005,DUP,17512363,2,17512363,2735106,40,25,PRECISE,1401,PASS,0/1,P021
2,17512364,DEL00000004,DEL,26817603,2,26817603,-9305239,15,2,IMPRECISE,340,PASS,0/1,P021
2,26817604,DEL00000005,DEL,27146970,2,27146970,-329366,36,13,PRECISE,1062,PASS,0/1,P021
2,93728640,DUP00000006,DUP,97452950,2,97452950,3724310,27,25,PRECISE,1210,PASS,1/1,P021
2,97452951,DEL00000006,DEL,98704562,2,98704562,-1251611,20,18,PRECISE,809,PASS,0/1,P021
2,98704563,DUP00000007,DUP,104347496,2,104347496,5642933,19,25,PRECISE,1000,PASS,0/1,P021
2,104347497,DEL00000007,DEL,110729813,2,110729813,-6382316,21,8,PRECISE,770,PASS,1/1,P021
2,110729814,DUP00000008,DUP,113448318,2,113448318,2718504,20,25,PRECISE,1021,PASS,0/1,P021
2,113448319,DEL00000008,DEL,152480105,2,152480105,-39031786,25,12,PRECISE,749,PASS,0/1,P021
2,152480106,DUP00000009,DUP,158090052,2,158090052,5609946,33,12,PRECISE,1066,PASS,1/1,P021
3,53946415,DEL00000009,DEL,84730911,3,84730911,-30784496,14,3,IMPRECISE,430,PASS,0/1,P021
3,84730912,DUP00000010,DUP,124482280,3,124482280,39751368,34,15,PRECISE,1125,PASS,1/1,P021
3,124482281,DUP00000011,DUP,125143103,3,125143103,660822,32,14,PRECISE,1116,PASS,0/1,P021
3,125143104,DEL00000010,DEL,126869128,3,126869128,-1726024,20,14,PRECISE,731,PASS,0/1,P021
3,126869129,DEL00000011,DEL,129003637,3,129003637,-2134508,11,13,PRECISE,504,PASS,1/1,P021
3,129003638,DUP00000012,DUP,168550923,3,168550923,39547285,18,18,PRECISE,847,PASS,1/1,P021
3,168550924,DEL00000012,DEL,188750129,3,188750129,-20199205,28,11,PRECISE,979,PASS,0/1,P021
3,188750130,DUP00000013,DUP,191386720,3,191386720,2636590,24,2,IMPRECISE,526,PASS,0/1,P021
3,191386721,DEL00000013,DEL,198295559,3,198295559,-6908838,14,13,PRECISE,665,PASS,0/1,P021
4,4770368,DUP00000014,DUP,5638807,4,5638807,868439,27,15,PRECISE,873,PASS,0/1,P021
4,5638808,DEL00000014,DEL,21298400,4,21298400,-15659592,17,21,PRECISE,867,PASS,1/1,P021
4,21298401,DUP00000015,DUP,21950630,4,21950630,652229,40,20,PRECISE,1379,PASS,0/1,P021
4,21950631,DEL00000015,DEL,30114173,4,30114173,-8163542,33,8,PRECISE,832,PASS,0/1,P021
4,30114174,DUP00000016,DUP,69669700,4,69669700,39555526,29,20,PRECISE,1127,PASS,0/1,P021
4,69669701,DEL00000016,DEL,82376121,4,82376121,-12706420,38,12,PRECISE,1065,PASS,0/1,P021
4,145265614,DEL00000017,DEL,160057818,4,160057818,-14792204,30,4,PRECISE,821,PASS,0/1,P021
4,160057819,DUP00000017,DUP,190214555,4,190214555,30156736,34,19,PRECISE,1099,PASS,0/1,P021
5,7551859,DUP00000018,DUP,32287704,5,32287704,24735845,36,17,PRECISE,1249,PASS,0/1,P021
5,93063995,DEL00000018,DEL,125958468,5,125958468,-32894473,30,11,PRECISE,820,PASS,0/1,P021
6,20949717,DUP00000019,DUP,50265695,6,50265695,29315978,32,0,IMPRECISE,719,PASS,1/1,P021
6,50265696,DEL00000019,DEL,67976899,6,67976899,-17711203,13,14,PRECISE,549,PASS,0/1,P021
6,67976900,DEL00000020,DEL,68459642,6,68459642,-482742,20,18,PRECISE,929,PASS,1/1,P021
6,68459643,DUP00000020,DUP,84413585,6,84413585,15953942,33,12,PRECISE,1082,PASS,0/1,P021
6,84413586,DUP00000021,DUP,103913461,6,103913461,19499875,2,6,PRECISE,353,PASS,0/1,P021
6,103913462,DEL00000021,DEL,115490997,6,115490997,-11577535,38,12,PRECISE,1013,PASS,0/1,P021
6,115490998,DEL00000022,DEL,129041836,6,129041836,-13550838,16,15,PRECISE,728,PASS,1/1,P021
6,129041837,DUP00000022,DUP,139687367,6,139687367,10645530,35,14,PRECISE,1018,PASS,0/1,P021
6,139687368,DEL00000023,DEL,170805979,6,170805979,-31118611,11,14,PRECISE,528,PASS,1/1,P021
7,18733257,DUP00000023,DUP,32090787,7,32090787,13357530,12,23,PRECISE,701,PASS,0/1,P021
7,32090788,DEL00000024,DEL,42318424,7,42318424,-10227636,8,4,PRECISE,373,PASS,0/1,P021
7,42318425,DUP00000024,DUP,73474525,7,73474525,31156100,28,22,PRECISE,1042,PASS,0/1,P021
7,73474526,DEL00000025,DEL,83611613,7,83611613,-10137087,24,10,PRECISE,742,PASS,0/1,P021
7,83611614,DUP00000025,DUP,114921212,7,114921212,31309598,2,20,PRECISE,525,PASS,0/1,P021
7,114921213,DEL00000026,DEL,159345973,7,159345973,-44424760,36,1,IMPRECISE,847,PASS,0/1,P021
8,71769368,DEL00000027,DEL,73003357,8,73003357,-1233989,14,2,IMPRECISE,340,PASS,0/1,P021
8,73003358,DUP00000026,DUP,79508016,8,79508016,6504658,4,19,PRECISE,660,PASS,0/1,P021
8,79508017,DUP00000027,DUP,81820814,8,81820814,2312797,14,1,IMPRECISE,494,PASS,0/1,P021
8,81820815,DEL00000028,DEL,117223634,8,117223634,-35402819,33,6,PRECISE,803,PASS,0/1,P021
8,117223635,DEL00000029,DEL,129606473,8,129606473,-12382838,35,16,PRECISE,1137,PASS,0/1,P021
8,129606474,DUP00000028,DUP,145138636,8,145138636,15532162,10,25,PRECISE,867,PASS,0/1,P021
9,12640641,DUP00000029,DUP,12970959,9,12970959,330318,2,13,PRECISE,423,PASS,0/1,P021
9,12970960,DEL00000030,DEL,17681704,9,17681704,-4710744,14,20,PRECISE,786,PASS,0/1,P021
9,17681705,DUP00000030,DUP,24066738,9,24066738,6385033,39,12,PRECISE,1071,PASS,1/1,P021
9,24066739,DEL00000031,DEL,43000000,9,43000000,-18933261,16,14,PRECISE,663,PASS,0/1,P021
9,43000001,DUP00000031,DUP,82332764,9,82332764,39332763,24,23,PRECISE,1094,PASS,0/1,P021
9,82332765,DUP00000032,DUP,82778489,9,82778489,445724,38,24,PRECISE,1250,PASS,0/1,P021
9,82778490,DEL00000032,DEL,103265697,9,103265697,-20487207,17,2,IMPRECISE,546,PASS,0/1,P021
9,103265698,DEL00000033,DEL,112949197,9,112949197,-9683499,8,17,PRECISE,531,PASS,0/1,P021
9,112949198,DUP00000033,DUP,116702683,9,116702683,3753485,10,2,IMPRECISE,334,PASS,0/1,P021
9,116702684,DUP00000034,DUP,117312743,9,117312743,610059,34,3,IMPRECISE,900,PASS,0/1,P021
9,117312744,DEL00000034,DEL,138394717,9,138394717,-21081973,8,14,PRECISE,485,PASS,0/1,P021
10,97644840,DEL00000035,DEL,98711936,10,98711936,-1067096,26,9,PRECISE,812,PASS,1/1,P021
10,98711937,DUP00000035,DUP,133797422,10,133797422,35085485,7,0,IMPRECISE,169,PASS,0/1,P021
11,72994089,DUP00000036,DUP,73446827,11,73446827,452738,6,5,PRECISE,338,PASS,1/1,P021
13,2904030,DEL00000036,DEL,23743103,13,23743103,-20839073,38,14,PRECISE,1173,PASS,0/1,P021
13,103155080,DEL00000037,DEL,104259763,13,104259763,-1104683,0,5,PRECISE,106,LowQual,1/1,P021
13,104259764,DUP00000037,DUP,114364328,13,114364328,10104564,23,12,PRECISE,813,PASS,0/1,P021
14,11975783,DUP00000038,DUP,12846364,14,12846364,870581,15,25,PRECISE,857,PASS,1/1,P021
14,12846365,DEL00000038,DEL,12930158,14,12930158,-83793,18,24,PRECISE,867,PASS,0/1,P021
14,12930159,DEL00000039,DEL,15264636,14,15264636,-2334477,23,21,PRECISE,962,PASS,1/1,P021
14,15264637,DUP00000039,DUP,50241873,14,50241873,34977236,11,1,IMPRECISE,381,PASS,1/1,P021
14,50241874,DUP00000040,DUP,53777730,14,53777730,3535856,34,7,PRECISE,949,PASS,0/1,P021
14,53777731,DEL00000040,DEL,75232822,14,75232822,-21455091,25,25,PRECISE,1193,PASS,0/1,P021
14,75232823,DEL00000041,DEL,76544114,14,76544114,-1311291,40,18,PRECISE,1314,PASS,0/1,P021
14,76544115,DUP00000041,DUP,81677708,14,81677708,5133593,2,21,PRECISE,462,PASS,1/1,P021
14,81677709,DEL00000042,DEL,84514887,14,84514887,-2837178,20,1,IMPRECISE,536,PASS,0/1,P021
14,84514888,DUP00000042,DUP,107043718,14,107043718,22528830,11,3,IMPRECISE,429,PASS,0/1,P021
15,16019525,DEL00000043,DEL,33451229,15,33451229,-17431704,13,10,PRECISE,626,PASS,0/1,P021
15,33451230,DUP00000043,DUP,39402270,15,39402270,5951040,20,0,IMPRECISE,447,PASS,1/1,P021
15,39402271,DUP00000044,DUP,41201604,15,41201604,1799333,12,15,PRECISE,587,PASS,0/1,P021
15,41201605,DEL00000044,DEL,51077226,15,51077226,-9875621,17,21,PRECISE,935,PASS,0/1,P021
15,51077227,DUP00000045,DUP,55835117,15,55835117,4757890,12,9,PRECISE,454,PASS,0/1,P021
15,55835118,DEL00000045,DEL,101991189,15,101991189,-46156071,12,9,PRECISE,614,PASS,1/1,P021
16,36672779,DUP00000046,DUP,41594782,16,41594782,4922003,17,11,PRECISE,651,PASS,0/1,P021
16,41594783,DEL00000046,DEL,53107705,16,53107705,-11512922,0,19,PRECISE,498,PASS,0/1,P021
16,53107706,DEL00000047,DEL,54080830,16,54080830,-973124,21,6,PRECISE,691,PASS,0/1,P021
16,54080831,DUP00000047,DUP,76879188,16,76879188,22798357,38,23,PRECISE,1313,PASS,1/1,P021
16,76879189,DEL00000048,DEL,79168557,16,79168557,-2289368,36,22,PRECISE,1351,PASS,0/1,P021
16,79168558,DUP00000048,DUP,90338345,16,90338345,11169787,9,25,PRECISE,746,PASS,0/1,P021
17,35688413,DEL00000049,DEL,36307468,17,36307468,-619055,22,19,PRECISE,922,PASS,0/1,P021
17,36307469,DUP00000049,DUP,56314133,17,56314133,20006664,25,17,PRECISE,1035,PASS,0/1,P021
17,56314134,DEL00000050,DEL,83257441,17,83257441,-26943307,4,15,PRECISE,492,PASS,0/1,P021
18,4391446,DEL00000051,DEL,7131078,18,7131078,-2739632,6,12,PRECISE,381,PASS,0/1,P021
18,7131079,DUP00000050,DUP,12820834,18,12820834,5689755,26,6,PRECISE,790,PASS,0/1,P021
18,12820835,DEL00000052,DEL,19526447,18,19526447,-6705612,39,13,PRECISE,1116,PASS,1/1,P021
19,34623,DUP00000051,DUP,9211239,19,9211239,9176616,11,8,PRECISE,433,PASS,0/1,P021
19,9211240,DEL00000053,DEL,10020120,19,10020120,-808880,0,4,PRECISE,184,LowQual,0/1,P021
19,10020121,DUP00000052,DUP,10757701,19,10757701,737580,11,1,IMPRECISE,305,PASS,0/1,P021
19,10757702,DEL00000054,DEL,48206661,19,48206661,-37448959,21,5,PRECISE,613,PASS,0/1,P021
19,48206662,DUP00000053,DUP,58617616,19,58617616,10410954,2,14,PRECISE,388,PASS,0/1,P021
20,19407544,DEL00000055,DEL,33662013,20,33662013,-14254469,6,20,PRECISE,636,PASS,0/1,P021
20,33662014,DUP00000054,DUP,36558435,20,36558435,2896421,22,25,PRECISE,1085,PASS,0/1,P021
20,36558436,DEL00000056,DEL,57780246,20,57780246,-21221810,26,19,PRECISE,1033,PASS,0/1,P021
20,57780247,DEL00000057,DEL,58878742,20,58878742,-1098495,10,23,PRECISE,742,PASS,1/1,P021
20,58878743,DUP00000055,DUP,60068219,20,60068219,1189476,30,19,PRECISE,1065,PASS,0/1,P021
20,60068220,DEL00000058,DEL,60632546,20,60632546,-564326,37,10,PRECISE,1138,PASS,0/1,P021
20,60632547,DUP00000056,DUP,64444167,20,64444167,3811620,28,10,PRECISE,809,PASS,0/1,P021
21,6457890,DEL00000059,DEL,24544094,21,24544094,-18086204,23,4,PRECISE,713,PASS,1/1,P021
21,24544095,DUP00000057,DUP,25627709,21,25627709,1083614,31,17,PRECISE,1110,PASS,0/1,P021
21,25627710,DEL00000060,DEL,46709983,21,46709983,-21082273,10,25,PRECISE,781,PASS,0/1,P021
22,18338290,DEL00000061,DEL,22683180,22,22683180,-4344890,35,10,PRECISE,968,PASS,0/1,P021
22,22683181,DUP00000058,DUP,50818468,22,50818468,28135287,38,7,PRECISE,1061,PASS,1/1,P021
11,74660193,DEL00000062,DEL,74660593,11,74660593,-400,18,7,PRECISE,520,PASS,0/1,P021
22,44872977,INV00000001,INV,44931533,22,44931533,58556,37,9,PRECISE,1115,PASS,1/1,P021
5,3116836,DUP00000059,DUP,3365323,5,3365323,248487,26,3,IMPRECISE,593,PASS,0/1,P021
13,29027950,INS00000001,INS,29027951,13,29027951,2171,13,16,PRECISE,621,PASS,0/1,P021
13,57559039,DEL00000063,DEL,57559657,13,57559657,-618,25,3,IMPRECISE,702,PASS,1/1,P021
7,130148148,BND00000001,BND,32649940,16,32649940,,4,13,PRECISE,438,PASS,1/1,P021
5,61878801,DEL00000064,DEL,62000189,5,62000189,-121388,36,5,PRECISE,901,PASS,1/1,P021
5,93821265,INS00000002,INS,93821266,5,93821266,3281,8,2,IMPRECISE,368,PASS,1/1,P021
7,112105848,DEL00000065,DEL,112426259,7,112426259,-320411,19,0,IMPRECISE,534,PASS,0/1,P021
19,41277229,INS00000003,INS,41277230,19,41277230,2402,21,6,PRECISE,606,PASS,0/1,P021
1,18802219,INS00000004,INS,18802220,1,18802220,3387,20,4,PRECISE,559,PASS,1/1,P021
1,218645737,DEL00000066,DEL,218646213,1,218646213,-476,27,18,PRECISE,1097,PASS,0/1,P021
5,161047761,DUP00000060,DUP,164085596,5,164085596,3037835,9,21,PRECISE,677,PASS,0/1,P021
12,17022579,DUP00000061,DUP,17024449,12,17024449,1870,30,15,PRECISE,966,PASS,1/1,P021
20,12897080,INV00000002,INV,12945601,20,12945601,48521,14,4,PRECISE,362,PASS,0/1,P021
7,27241407,DEL00000067,DEL,29851503,7,29851503,-2610096,17,17,PRECISE,719,PASS,0/1,P021
X,99022123,INV00000003,INV,99026499,X,99026499,4376,6,13,PRECISE,512,PASS,0/1,P021
5,89207739,DEL00000068,DEL,89466672,5,89466672,-258933,11,6,PRECISE,528,PASS,0/1,P021
17,34580212,DUP00000062,DUP,34677762,17,34677762,97550,5,11,PRECISE,329,PASS,0/1,P021
18,64468171,BND00000002,BND,62373266,17,62373266,,33,9,PRECISE,932,PASS,0/1,P021
16,24394491,DEL00000069,DEL,24456605,16,24456605,-62114,21,14,PRECISE,738,PASS,1/1,P021
20,2535463,INV00000004,INV,4017388,20,4017388,1481925,20,24,PRECISE,911,PASS,0/1,P021
14,81288711,DUP00000063,DUP,81312805,14,81312805,24094,5,3,IMPRECISE,309,PASS,1/1,P021
14,27437540,BND00000003,BND,41711088,21,41711088,,1,6,PRECISE,181,PASS,0/1,P021
3,64489256,DEL00000070,DEL,64493360,3,64493360,-4104,33,23,PRECISE,1220,PASS,0/1,P021
21,44536790,INV00000005,INV,45550239,21,45550239,1013449,20,3,IMPRECISE,638,PASS,0/1,P021
X,3305798,INS00000005,INS,3305799,X,3305799,2840,22,11,PRECISE,716,PASS,1/1,P021
16,18329954,INS00000006,INS,18329955,16,18329955,1457,35,1,IMPRECISE,892,PASS,0/1,P021
1,135568533,DEL00000071,DEL,137458083,1,137458083,-1889550,26,19,PRECISE,1000,PASS,0/1,P021
18,70788610,INS00000007,INS,70788611,18,70788611,1539,21,3,IMPRECISE,646,PASS,0/1,P021
10,132745248,INS00000008,INS,132745249,10,132745249,3847,17,0,IMPRECISE,349,PASS,0/1,P021
21,8968822,DEL00000072,DEL,8969503,21,8969503,-681,24,3,IMPRECISE,576,PASS,0/1,P021
14,28344081,DEL00000073,DEL,28354532,14,28354532,-10451,15,11,PRECISE,701,PASS,0/1,P021
12,128321058,DEL00000074,DEL,128321466,12,128321466,-408,8,6,PRECISE,398,PASS,0/1,P021
X,117098596,DEL00000075,DEL,117101292,X,117101292,-2696,29,23,PRECISE,1110,PASS,0/1,P021
16,15520328,DEL00000076,DEL,18494196,16,18494196,-2973868,23,23,PRECISE,969,PASS,0/1,P021
17,74068896,DUP00000064,DUP,76607229,17,76607229,2538333,0,8,PRECISE,231,PASS,0/1,P021
3,152120851,DUP00000065,DUP,152121855,3,152121855,1004,37,2,IMPRECISE,979,PASS,1/1,P021
7,110044334,BND00000004,BND,46753176,16,46753176,,39,0,IMPRECISE,873,PASS,0/1,P021
13,24980187,DEL00000077,DEL,26303745,13,26303745,-1323558,40,13,PRECISE,1102,PASS,1/1,P021
18,64289999,DEL00000078,DEL,64797999,18,64797999,-508000,8,17,PRECISE,551,PASS,1/1,P021
13,82113778,INS00000009,INS,82113779,13,82113779,5550,2,8,PRECISE,284,PASS,0/1,P021
14,70946691,DUP00000066,DUP,70990666,14,70990666,43975,29,13,PRECISE,1019,PASS,0/1,P021
16,10208662,DEL00000079,DEL,10817379,16,10817379,-608717,30,10,PRECISE,933,PASS,0/1,P021
1,96572517,DEL00000001,DEL,96935770,1,96935770,-363253,6,20,PRECISE,566,PASS,1/1,P022
1,96935771,DUP00000001,DUP,116380165,1,116380165,19444394,9,19,PRECISE,726,PASS,0/1,P022
1,116380166,DEL00000002,DEL,121388908,1,121388908,-5008742,27,18,PRECISE,1077,PASS,1/1,P022
1,121388909,DEL00000003,DEL,121494485,1,121494485,-105576,34,23,PRECISE,1238,PASS,0/1,P022
1,121494486,DUP00000002,DUP,135511051,1,135511051,14016565,33,24,PRECISE,1234,PASS,0/1,P022
1,135511052,DUP00000003,DUP,176076521,1,176076521,40565469,20,20,PRECISE,888,PASS,0/1,P022
1,176076522,DUP00000004,DUP,210076678,1,210076678,34000156,16,19,PRECISE,793,PASS,0/1,P022
1,210076679,DEL00000004,DEL,221972795,1,221972795,-11896116,1,13,PRECISE,448,PASS,0/1,P022
1,221972796,DEL00000005,DEL,224731514,1,224731514,-2758718,18,5,PRECISE,505,PASS,0/1,P022
1,224731515,DUP00000005,DUP,248956422,1,248956422,24224907,34,18,PRECISE,1102,PASS,1/1,P022
3,98817472,DEL00000006,DEL,99201407,3,99201407,-383935,20,18,PRECISE,956,PASS,1/1,P022
4,69656898,DEL00000007,DEL,70969455,4,70969455,-1312557,23,14,PRECISE,779,PASS,0/1,P022
4,130090255,DUP00000006,DUP,163203106,4,163203106,33112851,32,15,PRECISE,1025,PASS,0/1,P022
4,163203107,DEL00000008,DEL,190214555,4,190214555,-27011448,14,23,PRECISE,933,PASS,0/1,P022
5,6922059,DUP00000007,DUP,10193842,5,10193842,3271783,26,14,PRECISE,920,PASS,0/1,P022
5,10193843,DEL00000009,DEL,34582678,5,34582678,-24388835,34,10,PRECISE,1002,PASS,0/1,P022
5,34582679,DEL00000010,DEL,35030125,5,35030125,-447446,29,8,PRECISE,875,PASS,0/1,P022
5,35030126,DUP00000008,DUP,61248424,5,61248424,26218298,36,15,PRECISE,1087,PASS,0/1,P022
5,61248425,DUP00000009,DUP,67849246,5,67849246,6600821,26,2,IMPRECISE,616,PASS,0/1,P022
5,67849247,DEL00000011,DEL,97460663,5,97460663,-29611416,38,25,PRECISE,1298,PASS,0/1,P022
5,97460664,DEL00000012,DEL,105896330,5,105896330,-8435666,3,22,PRECISE,593,PASS,0/1,P022
5,170309301,DEL00000013,DEL,181538259,5,181538259,-11228958,38,2,IMPRECISE,817,PASS,0/1,P022
6,48109167,DEL00000014,DEL,48802273,6,48802273,-693106,21,18,PRECISE,844,PASS,0/1,P022
6,128365434,DUP00000010,DUP,131771384,6,131771384,3405950,17,15,PRECISE,829,PASS,0/1,P022
6,131771385,DEL00000015,DEL,164476442,6,164476442,-32705057,11,25,PRECISE,779,PASS,0/1,P022
6,164476443,DUP00000011,DUP,165247091,6,165247091,770648,19,21,PRECISE,870,PASS,0/1,P022
6,165247092,DEL00000016,DEL,170805979,6,170805979,-5558887,21,9,PRECISE,672,PASS,0/1,P022
7,17636716,DUP00000012,DUP,33666202,7,33666202,16029486,0,1,IMPRECISE,121,LowQual,0/1,P022
7,91301719,DUP00000013,DUP,96857225,7,96857225,5555506,5,0,IMPRECISE,157,LowQual,0/1,P022
7,96857226,DEL00000017,DEL,98052196,7,98052196,-1194970,4,25,PRECISE,717,PASS,0/1,P022
7,98052197,DUP00000014,DUP,102680147,7,102680147,4627950,3,1,IMPRECISE,191,LowQual,1/1,P022
7,102680148,DEL00000018,DEL,121224232,7,121224232,-18544084,17,1,IMPRECISE,427,PASS,0/1,P022
7,121224233,DUP00000015,DUP,127945774,7,127945774,6721541,0,15,PRECISE,389,PASS,0/1,P022
7,127945775,DEL00000019,DEL,132537374,7,132537374,-4591599,15,22,PRECISE,879,PASS,0/1,P022
7,132537375,DUP00000016,DUP,159345973,7,159345973,26808598,36,8,PRECISE,881,PASS,0/1,P022
8,9763661,DEL00000020,DEL,13796401,8,13796401,-4032740,31,12,PRECISE,924,PASS,0/1,P022
9,5869231,DEL00000021,DEL,20713739,9,20713739,-14844508,14,22,PRECISE,736,PASS,1/1,P022
9,20713740,DEL00000022,DEL,27641486,9,27641486,-6927746,24,12,PRECISE,828,PASS,0/1,P022
9,27641487,DUP00000017,DUP,39898108,9,39898108,12256621,19,24,PRECISE,874,PASS,0/1,P022
9,39898109,DUP00000018,DUP,52279484,9,52279484,12381375,26,24,PRECISE,1181,PASS,1/1,P022
9,52279485,DEL00000023,DEL,53220373,9,53220373,-940888,30,10,PRECISE,995,PASS,1/1,P022
9,53220374,DUP00000019,DUP,56698039,9,56698039,3477665,40,22,PRECISE,1317,PASS,0/1,P022
9,56698040,DUP00000020,DUP,57669694,9,57669694,971654,29,3,IMPRECISE,734,PASS,1/1,P022
9,57669695,DEL00000024,DEL,76368133,9,76368133,-18698438,40,8,PRECISE,987,PASS,0/1,P022
9,76368134,DEL00000025,DEL,77651844,9,77651844,-1283710,5,0,IMPRECISE,130,LowQual,0/1,P022
10,25555943,DEL00000026,DEL,38559352,10,38559352,-13003409,2,21,PRECISE,552,PASS,1/1,P022
10,38559353,DUP00000021,DUP,59313397,10,59313397,20754044,5,20,PRECISE,553,PASS,0/1,P022
10,59313398,DEL00000027,DEL,60163389,10,60163389,-849991,12,20,PRECISE,822,PASS,0/1,P022
10,111785828,DEL00000028,DEL,128260162,10,128260162,-16474334,10,2,IMPRECISE,299,PASS,0/1,P022
10,128260163,DUP00000022,DUP,133797422,10,133797422,5537259,30,4,PRECISE,817,PASS,1/1,P022
11,63115887,DUP00000023,DUP,75483223,11,75483223,12367336,5,25,PRECISE,731,PASS,0/1,P022
11,75483224,DEL00000029,DEL,80960991,11,80960991,-5477767,8,4,PRECISE,418,PASS,0/1,P022
11,80960992,DEL00000030,DEL,82001581,11,82001581,-1040589,34,6,PRECISE,973,PASS,0/1,P022
11,82001582,DUP00000024,DUP,87621581,11,87621581,5619999,31,2,IMPRECISE,774,PASS,0/1,P022
11,87621582,DEL00000031,DEL,90415849,11,90415849,-2794267,13,25,PRECISE,949,PASS,0/1,P022
11,90415850,DUP00000025,DUP,111268010,11,111268010,20852160,37,14,PRECISE,1158,PASS,0/1,P022
11,111268011,DUP00000026,DUP,111958076,11,111958076,690065,2,23,PRECISE,677,PASS,0/1,P022
11,111958077,DEL00000032,DEL,135086622,11,135086622,-23128545,15,6,PRECISE,577,PASS,0/1,P022
12,22336860,DUP00000027,DUP,24504215,12,24504215,2167355,13,25,PRECISE,847,PASS,0/1,P022
12,24504216,DEL00000033,DEL,55981298,12,55981298,-31477082,5,3,IMPRECISE,202,PASS,1/1,P022
12,55981299,DEL00000034,DEL,68750554,12,68750554,-12769255,3,5,PRECISE,328,PASS,0/1,P022
12,68750555,DUP00000028,DUP,86808445,12,86808445,18057890,31,23,PRECISE,1260,PASS,1/1,P022
12,86808446,DEL00000035,DEL,87371800,12,87371800,-563354,7,23,PRECISE,697,PASS,1/1,P022
12,87371801,DUP00000029,DUP,133275309,12,133275309,45903508,4,16,PRECISE,470,PASS,0/1,P022
13,26817930,DEL00000036,DEL,45038018,13,45038018,-18220088,5,0,IMPRECISE,165,LowQual,0/1,P022
13,45038019,DUP00000030,DUP,45474603,13,45474603,436584,12,21,PRECISE,778,PASS,0/1,P022
13,45474604,DEL00000037,DEL,66731308,13,66731308,-21256704,35,17,PRECISE,1066,PASS,0/1,P022
13,66731309,DEL00000038,DEL,99034703,13,99034703,-32303394,0,25,PRECISE,685,PASS,0/1,P022
13,99034704,DUP00000031,DUP,114364328,13,114364328,15329624,11,23,PRECISE,735,PASS,0/1,P022
14,23521027,DEL00000039,DEL,25438562,14,25438562,-1917535,19,7,PRECISE,657,PASS,0/1,P022
14,25438563,DUP00000032,DUP,59637341,14,59637341,34198778,19,14,PRECISE,672,PASS,0/1,P022
14,59637342,DEL00000040,DEL,60478723,14,60478723,-841381,17,12,PRECISE,718,PASS,0/1,P022
14,60478724,DUP00000033,DUP,107043718,14,107043718,46564994,21,21,PRECISE,954,PASS,0/1,P022
16,2906503,DEL00000041,DEL,4197068,16,4197068,-1290565,23,3,IMPRECISE,644,PASS,0/1,P022
16,4197069,DUP00000034,DUP,52735065,16,52735065,48537996,21,22,PRECISE,1048,PASS,0/1,P022
16,52735066,DUP00000035,DUP,53122295,16,53122295,387229,33,2,IMPRECISE,885,PASS,1/1,P022
16,53122296,DEL00000042,DEL,84611968,16,84611968,-31489672,1,18,PRECISE,484,PASS,0/1,P022
16,84611969,DUP00000036,DUP,87775999,16,87775999,3164030,12,21,PRECISE,829,PASS,0/1,P022
16,87776000,DEL00000043,DEL,90338345,16,90338345,-2562345,19,18,PRECISE,827,PASS,0/1,P022
17,7240910,DUP00000037,DUP,9988121,17,9988121,2747211,24,22,PRECISE,1068,PASS,0/1,P022
17,9988122,DEL00000044,DEL,25100000,17,25100000,-15111878,40,5,PRECISE,937,PASS,1/1,P022
17,25100001,DUP00000038,DUP,46891941,17,46891941,21791940,16,16,PRECISE,796,PASS,1/1,P022
17,46891942,DUP00000039,DUP,47768445,17,47768445,876503,5,13,PRECISE,380,PASS,0/1,P022
17,47768446,DEL00000045,DEL,83257441,17,83257441,-35488995,19,9,PRECISE,613,PASS,0/1,P022
18,16558190,DUP00000040,DUP,32148639,18,32148639,15590449,33,6,PRECISE,890,PASS,0/1,P022
18,32148640,DEL00000046,DEL,48985250,18,48985250,-16836610,4,13,PRECISE,535,PASS,0/1,P022
18,48985251,DEL00000047,DEL,54499840,18,54499840,-5514589,17,19,PRECISE,857,PASS,0/1,P022
18,54499841,DEL00000048,DEL,57786643,18,57786643,-3286802,32,16,PRECISE,1016,PASS,0/1,P022
18,57786644,DUP00000041,DUP,61694603,18,61694603,3907959,29,21,PRECISE,1024,PASS,1/1,P022
18,61694604,DUP00000042,DUP,62204348,18,62204348,509744,36,17,PRECISE,1183,PASS,0/1,P022
18,62204349,DEL00000049,DEL,70681095,18,70681095,-8476746,26,4,PRECISE,786,PASS,0/1,P022
18,70681096,DEL00000050,DEL,72095628,18,72095628,-1414532,0,17,PRECISE,340,PASS,1/1,P022
18,72095629,DUP00000043,DUP,80373285,18,80373285,8277656,15,3,IMPRECISE,446,PASS,0/1,P022
19,7962860,DUP00000044,DUP,8371551,19,8371551,408691,40,13,PRECISE,1106,PASS,0/1,P022
20,3498771,DEL00000051,DEL,12600459,20,12600459,-9101688,5,13,PRECISE,505,PASS,0/1,P022
20,12600460,DUP00000045,DUP,28100000,20,28100000,15499540,18,9,PRECISE,690,PASS,0/1,P022
20,28100001,DUP00000046,DUP,47215095,20,47215095,19115094,25,9,PRECISE,785,PASS,1/1,P022
20,47215096,DEL00000052,DEL,55011631,20,55011631,-7796535,0,24,PRECISE,527,PASS,0/1,P022
20,55011632,DUP00000047,DUP,64444167,20,64444167,9432535,25,15,PRECISE,883,PASS,0/1,P022
21,10417687,DEL00000053,DEL,11498261,21,11498261,-1080574,15,17,PRECISE,661,PASS,0/1,P022
21,11498262,DUP00000048,DUP,12861677,21,12861677,1363415,33,10,PRECISE,943,PASS,0/1,P022
21,12861678,DUP00000049,DUP,17969238,21,17969238,5107560,31,18,PRECISE,1093,PASS,0/1,P022
21,17969239,DEL00000054,DEL,17978502,21,17978502,-9263,18,10,PRECISE,652,PASS,0/1,P022
21,17978503,DEL00000055,DEL,18629444,21,18629444,-650941,31,0,IMPRECISE,774,PASS,0/1,P022
21,18629445,DUP00000050,DUP,33452959,21,33452959,14823514,37,24,PRECISE,1394,PASS,0/1,P022
21,33452960,DEL00000056,DEL,33975877,21,33975877,-522917,6,3,IMPRECISE,325,PASS,1/1,P022
21,33975878,DUP00000051,DUP,40628588,21,40628588,6652710,4,9,PRECISE,272,PASS,0/1,P022
21,40628589,DEL00000057,DEL,41068752,21,41068752,-440163,35,14,PRECISE,1112,PASS,1/1,P022
21,41068753,DUP00000052,DUP,46709983,21,46709983,5641230,24,19,PRECISE,921,PASS,0/1,P022
22,6700493,DUP00000053,DUP,7096104,22,7096104,395611,34,5,PRECISE,922,PASS,0/1,P022
22,7096105,DEL00000058,DEL,11113755,22,11113755,-4017650,20,4,PRECISE,620,PASS,0/1,P022
22,11113756,DUP00000054,DUP,19601429,22,19601429,8487673,18,3,IMPRECISE,579,PASS,0/1,P022
22,19601430,DUP00000055,DUP,23243160,22,23243160,3641730,4,14,PRECISE,462,PASS,0/1,P022
22,23243161,DEL00000059,DEL,44473169,22,44473169,-21230008,20,25,PRECISE,1005,PASS,0/1,P022
22,44473170,DUP00000056,DUP,50818468,22,50818468,6345298,15,16,PRECISE,731,PASS,0/1,P022
19,20010768,INS00000001,INS,20010769,19,20010769,1260,27,20,PRECISE,995,PASS,0/1,P022
8,81921268,DEL00000060,DEL,81941461,8,81941461,-20193,22,5,PRECISE,546,PASS,0/1,P022
15,87443428,INS00000002,INS,87443429,15,87443429,3440,29,22,PRECISE,1047,PASS,0/1,P022
9,61344462,BND00000001,BND,18991950,17,18991950,,11,25,PRECISE,780,PASS,0/1,P022
13,49447443,DUP00000057,DUP,49763781,13,49763781,316338,6,15,PRECISE,565,PASS,0/1,P022
1,99969034,DEL00000061,DEL,99983423,1,99983423,-14389,19,14,PRECISE,850,PASS,0/1,P022
14,82748857,INV00000001,INV,82924321,14,82924321,175464,23,7,PRECISE,732,PASS,0/1,P022
14,62063284,DUP00000058,DUP,62066874,14,62066874,3590,17,11,PRECISE,678,PASS,0/1,P022
20,8502834,INS00000003,INS,8502835,20,8502835,3381,31,3,IMPRECISE,746,PASS,0/1,P022
11,25110268,BND00000002,BND,114575019,3,114575019,,40,12,PRECISE,1057,PASS,0/1,P022
14,62101029,DEL00000062,DEL,62675793,14,62675793,-574764,19,25,PRECISE,968,PASS,0/1,P022
1,67639518,DEL00000063,DEL,68067999,1,68067999,-428481,28,24,PRECISE,1171,PASS,0/1,P022
14,54184868,INV00000002,INV,56139330,14,56139330,1954462,12,22,PRECISE,872,PASS,0/1,P022
19,18843463,BND00000003,BND,37128616,22,37128616,,6,24,PRECISE,620,PASS,0/1,P022
15,27258030,DEL00000064,DEL,27739132,15,27739132,-481102,35,7,PRECISE,966,PASS,0/1,P022
17,14045093,DEL00000065,DEL,14051138,17,14051138,-6045,23,8,PRECISE,819,PASS,0/1,P022
19,46152932,INV00000003,INV,46311984,19,46311984,159052,26,22,PRECISE,1111,PASS,0/1,P022
19,1582403,BND00000004,BND,2587921,14,2587921,,12,19,PRECISE,820,PASS,1/1,P022
13,39981599,DEL00000066,DEL,42950930,13,42950930,-2969331,2,1,IMPRECISE,164,LowQual,0/1,P022
18,70508703,DEL00000067,DEL,70509155,18,70509155,-452,34,8,PRECISE,1013,PASS,0/1,P022
17,47770437,INS00000004,INS,47770438,17,47770438,2875,30,9,PRECISE,899,PASS,0/1,P022
6,77039915,INV00000004,INV,77114087,6,77114087,74172,30,3,IMPRECISE,691,PASS,0/1,P022
10,52305939,INS00000005,INS,52305940,10,52305940,1890,31,18,PRECISE,998,PASS,0/1,P022
19,33629545,INV00000005,INV,35838145,19,35838145,2208600,4,7,PRECISE,393,PASS,0/1,P022
1,193783340,INS00000006,INS,193783341,1,193783341,3716,16,5,PRECISE,530,PASS,0/1,P022
12,7317934,INS00000007,INS,7317935,12,7317935,5573,7,17,PRECISE,648,PASS,0/1,P022
X,31959751,DUP00000059,DUP,32084525,X,32084525,124774,35,24,PRECISE,1250,PASS,1/1,P022
1,174491107,DUP00000060,DUP,175807938,1,175807938,1316831,32,15,PRECISE,975,PASS,0/1,P022
2,118260575,INS00000008,INS,118260576,2,118260576,2768,12,18,PRECISE,758,PASS,1/1,P022
20,11679743,DEL00000068,DEL,11682436,20,11682436,-2693,18,23,PRECISE,947,PASS,0/1,P022
1,167040785,DUP00000061,DUP,168931440,1,168931440,1890655,26,15,PRECISE,924,PASS,0/1,P022
4,112647041,INS00000009,INS,112647042,4,112647042,422,2,21,PRECISE,542,PASS,1/1,P022
21,44612845,INV00000006,INV,44625725,21,44625725,12880,34,2,IMPRECISE,755,PASS,0/1,P022
2,143183054,DEL00000069,DEL,143197611,2,143197611,-14557,7,13,PRECISE,576,PASS,0/1,P022
22,40365694,DEL00000070,DEL,40367053,22,40367053,-1359,10,3,IMPRECISE,280,PASS,1/1,P022
11,104146842,DEL00000071,DEL,104150316,11,104150316,-3474,23,9,PRECISE,700,PASS,0/1,P022
20,59931706,DEL00000072,DEL,59939188,20,59939188,-7482,11,0,IMPRECISE,374,PASS,0/1,P022
9,119808042,DEL00000073,DEL,120359518,9,120359518,-551476,12,6,PRECISE,536,PASS,0/1,P022
19,15739349,DEL00000074,DEL,15774747,19,15774747,-35398,27,16,PRECISE,1010,PASS,1/1,P022
1,175806043,INV00000007,INV,175813224,1,175813224,7181,7,2,IMPRECISE,248,PASS,1/1,P022
5,53148242,DEL00000075,DEL,53194258,5,53194258,-46016,33,9,PRECISE,1031,PASS,0/1,P022
6,79728701,INV00000008,INV,79731715,6,79731715,3014,24,3,IMPRECISE,639,PASS,0/1,P022
10,97597440,INV00000009,INV,97924584,10,97924584,327144,3,4,PRECISE,158,PASS,0/1,P022
16,8275852,INS00000010,INS,8275853,16,8275853,445,11,20,PRECISE,625,PASS,0/1,P022
19,28241891,INV00000010,INV,29072494,19,29072494,830603,7,10,PRECISE,533,PASS,0/1,P022
15,8073542,DEL00000076,DEL,8081938,15,8081938,-8396,15,21,PRECISE,891,PASS,0/1,P022
12,4445008,BND00000005,BND,112244517,13,112244517,,1,10,PRECISE,374,PASS,0/1,P022
22,1300147,BND00000006,BND,17323992,19,17323992,,6,15,PRECISE,491,PASS,1/1,P022
21,25123149,DEL00000077,DEL,28008209,21,28008209,-2885060,11,23,PRECISE,781,PASS,0/1,P022
20,53446286,INV00000011,INV,53468345,20,53468345,22059,31,10,PRECISE,951,PASS,0/1,P022
12,66657671,INV00000012,INV,68506397,12,68506397,1848726,19,2,IMPRECISE,590,PASS,1/1,P022
19,39188571,DEL00000078,DEL,39201786,19,39201786,-13215,11,24,PRECISE,842,PASS,0/1,P022
14,23754024,INS00000011,INS,23754025,14,23754025,3928,21,25,PRECISE,1047,PASS,1/1,P022
20,15574889,DEL00000079,DEL,15580335,20,15580335,-5446,37,15,PRECISE,1093,PASS,1/1,P022
10,87926482,INS00000012,INS,87926483,10,87926483,419,37,1,IMPRECISE,949,PASS,0/1,P022
6,120434604,BND00000007,BND,54684251,X,54684251,,4,8,PRECISE,272,PASS,0/1,P022
17,53954611,BND00000008,BND,112717134,10,112717134,,37,9,PRECISE,1092,PASS,0/1,P022
8,47132666,INS00000013,INS,47132667,8,47132667,2663,18,19,PRECISE,894,PASS,0/1,P022
X,58339717,DUP00000062,DUP,58396330,X,58396330,56613,15,19,PRECISE,693,PASS,0/1,P022
10,34323228,DEL00000080,DEL,35579987,10,35579987,-1256759,10,23,PRECISE,838,PASS,0/1,P022
5,109731007,BND00000009,BND,168376789,2,168376789,,3,8,PRECISE,225,PASS,1/1,P022
16,4673466,DEL00000081,DEL,4755291,16,4755291,-81825,8,25,PRECISE,771,PASS,1/1,P022
16,60578944,BND00000010,BND,118349709,12,118349709,,20,16,PRECISE,799,PASS,0/1,P022
7,97041050,INV00000013,INV,97048678,7,97048678,7628,34,17,PRECISE,1080,PASS,1/1,P022
7,49302867,DEL00000082,DEL,49882168,7,49882168,-579301,1,11,PRECISE,378,PASS,0/1,P022
X,109202004,DUP00000063,DUP,109212680,X,109212680,10676,15,25,PRECISE,904,PASS,1/1,P022
7,155417885,INV00000014,INV,155653432,7,155653432,235547,4,3,IMPRECISE,160,PASS,0/1,P022
22,18897385,INV00000015,INV,18933252,22,18933252,35867,8,25,PRECISE,691,PASS,0/1,P022
18,11498839,DUP00000064,DUP,12702921,18,12702921,1204082,5,22,PRECISE,694,PASS,0/1,P022
X,103264708,INV00000016,INV,103278918,X,103278918,14210,4,4,PRECISE,207,PASS,1/1,P022
6,129576818,DEL00000083,DEL,129860556,6,129860556,-283738,14,2,IMPRECISE,381,PASS,0/1,P022
4,56348658,DEL00000084,DEL,56734481,4,56734481,-385823,21,6,PRECISE,660,PASS,1/1,P022
1,217827945,DUP00000001,DUP,242247334,1,242247334,24419389,30,15,PRECISE,1054,PASS,0/1,P023
1,242247335,DEL00000001,DEL,248956422,1,248956422,-6709087,10,23,PRECISE,768,PASS,1/1,P023
2,7462678,DEL00000002,DEL,48886450,2,48886450,-41423772,14,0,IMPRECISE,374,PASS,0/1,P023
2,162436462,DUP00000002,DUP,167342451,2,167342451,4905989,1,19,PRECISE,498,PASS,0/1,P023
4,15705283,DUP00000003,DUP,17734711,4,17734711,2029428,34,4,PRECISE,776,PASS,1/1,P023
5,15924899,DEL00000003,DEL,52369318,5,52369318,-36444419,37,1,IMPRECISE,846,PASS,0/1,P023
5,52369319,DUP00000004,DUP,59857097,5,59857097,7487778,10,6,PRECISE,488,PASS,0/1,P023
5,139156126,DUP00000005,DUP,140306504,5,140306504,1150378,3,21,PRECISE,582,PASS,0/1,P023
5,140306505,DEL00000004,DEL,181538259,5,181538259,-41231754,10,23,PRECISE,688,PASS,0/1,P023
6,123621867,DUP00000006,DUP,124041699,6,124041699,419832,11,16,PRECISE,557,PASS,0/1,P023
6,124041700,DEL00000005,DEL,170805979,6,170805979,-46764279,4,16,PRECISE,582,PASS,0/1,P023
8,22600173,DUP00000007,DUP,33342252,8,33342252,10742079,33,0,IMPRECISE,821,PASS,0/1,P023
8,124247707,DEL00000006,DEL,142083468,8,142083468,-17835761,5,9,PRECISE,318,PASS,0/1,P023
8,142083469,DUP00000008,DUP,145138636,8,145138636,3055167,25,10,PRECISE,766,PASS,0/1,P023
9,36795319,DUP00000009,DUP,55735266,9,55735266,18939947,40,21,PRECISE,1384,PASS,0/1,P023
10,118689010,DEL00000007,DEL,133797422,10,133797422,-15108412,20,20,PRECISE,997,PASS,0/1,P023
11,97036489,DUP00000010,DUP,135086622,11,135086622,38050133,5,23,PRECISE,569,PASS,0/1,P023
12,33827337,DUP00000011,DUP,34558379,12,34558379,731042,38,13,PRECISE,1159,PASS,0/1,P023
12,34558380,DEL00000008,DEL,76319175,12,76319175,-41760795,7,12,PRECISE,564,PASS,0/1,P023
12,76319176,DUP00000012,DUP,78017735,12,78017735,1698559,32,17,PRECISE,1070,PASS,0/1,P023
12,78017736,DEL00000009,DEL,113603694,12,113603694,-35585958,31,8,PRECISE,816,PASS,0/1,P023
12,113603695,DEL00000010,DEL,115424646,12,115424646,-1820951,1,14,PRECISE,381,PASS,0/1,P023
12,115424647,DUP00000013,DUP,133275309,12,133275309,17850662,36,21,PRECISE,1142,PASS,0/1,P023
13,45620300,DUP00000014,DUP,46600998,13,46600998,980698,13,7,PRECISE,458,PASS,0/1,P023
13,101981322,DUP00000015,DUP,110813029,13,110813029,8831707,22,25,PRECISE,1072,PASS,1/1,P023
13,110813030,DEL00000011,DEL,114364328,13,114364328,-3551298,13,16,PRECISE,764,PASS,0/1,P023
14,5010291,DUP00000016,DUP,5367964,14,5367964,357673,4,15,PRECISE,551,PASS,0/1,P023
14,5367965,DEL00000012,DEL,26813928,14,26813928,-21445963,26,2,IMPRECISE,630,PASS,0/1,P023
14,26813929,DUP00000017,DUP,27444830,14,27444830,630901,3,16,PRECISE,540,PASS,1/1,P023
15,15412934,DUP00000018,DUP,19057543,15,19057543,3644609,23,4,PRECISE,601,PASS,0/1,P023
15,19057544,DEL00000013,DEL,56043557,15,56043557,-36986013,9,4,PRECISE,388,PASS,0/1,P023
15,56043558,DEL00000014,DEL,56632554,15,56632554,-588996,16,21,PRECISE,815,PASS,1/1,P023
15,56632555,DUP00000019,DUP,64407483,15,64407483,7774928,4,5,PRECISE,294,PASS,0/1,P023
15,64407484,DEL00000015,DEL,69402003,15,69402003,-4994519,22,22,PRECISE,923,PASS,0/1,P023
15,69402004,DUP00000020,DUP,101991189,15,101991189,32589185,16,18,PRECISE,871,PASS,0/1,P023
18,14898188,DUP00000021,DUP,22724282,18,22724282,7826094,25,11,PRECISE,822,PASS,0/1,P023
18,22724283,DEL00000016,DEL,52816101,18,52816101,-30091818,5,21,PRECISE,632,PASS,1/1,P023
18,52816102,DUP00000022,DUP,60300736,18,60300736,7484634,19,1,IMPRECISE,453,PASS,0/1,P023
18,60300737,DEL00000017,DEL,62301525,18,62301525,-2000788,6,15,PRECISE,455,PASS,0/1,P023
18,62301526,DUP00000023,DUP,63767446,18,63767446,1465920,37,18,PRECISE,1232,PASS,0/1,P023
18,63767447,DEL00000018,DEL,80373285,18,80373285,-16605838,3,20,PRECISE,634,PASS,0/1,P023
19,40458860,DUP00000024,DUP,45063267,19,45063267,4604407,26,12,PRECISE,766,PASS,1/1,P023
19,45063268,DEL00000019,DEL,58617616,19,58617616,-13554348,10,13,PRECISE,489,PASS,0/1,P023
20,4082667,DEL00000020,DEL,12191208,20,12191208,-8108541,39,19,PRECISE,1286,PASS,0/1,P023
20,12191209,DUP00000025,DUP,21787370,20,21787370,9596161,29,25,PRECISE,1170,PASS,0/1,P023
20,21787371,DEL00000021,DEL,22463021,20,22463021,-675650,14,23,PRECISE,761,PASS,0/1,P023
20,22463022,DUP00000026,DUP,34894387,20,34894387,12431365,1,13,PRECISE,423,PASS,0/1,P023
20,34894388,DEL00000022,DEL,40061134,20,40061134,-5166746,25,10,PRECISE,734,PASS,0/1,P023
20,40061135,DUP00000027,DUP,64444167,20,64444167,24383032,28,20,PRECISE,1081,PASS,1/1,P023
21,2269609,DEL00000023,DEL,12134361,21,12134361,-9864752,15,9,PRECISE,559,PASS,0/1,P023
21,12134362,DUP00000028,DUP,35701864,21,35701864,23567502,32,13,PRECISE,1088,PASS,1/1,P023
21,35701865,DEL00000024,DEL,46548840,21,46548840,-10846975,39,12,PRECISE,1218,PASS,0/1,P023
21,46548841,DUP00000029,DUP,46709983,21,46709983,161142,34,5,PRECISE,937,PASS,0/1,P023
22,35656155,DUP00000030,DUP,50818468,22,50818468,15162313,0,10,PRECISE,278,PASS,1/1,P023
X,62123685,DEL00000025,DEL,100556960,X,100556960,-38433275,22,24,PRECISE,1058,PASS,0/1,P023
19,35522123,INS00000001,INS,35522124,19,35522124,448,4,9,PRECISE,434,PASS,0/1,P023
13,92903189,INV00000001,INV,92908360,13,92908360,5171,38,23,PRECISE,1357,PASS,1/1,P023
14,102374851,INS00000002,INS,102374852,14,102374852,920,4,2,IMPRECISE,301,PASS,0/1,P023
8,117728944,INS00000003,INS,117728945,8,117728945,4980,1,12,PRECISE,413,PASS,0/1,P023
6,32843355,INS00000004,INS,32843356,6,32843356,3174,1,13,PRECISE,440,PASS,1/1,P023
19,48226249,DEL00000026,DEL,48234085,19,48234085,-7836,37,9,PRECISE,1089,PASS,0/1,P023
11,113607071,BND00000001,BND,26119522,17,26119522,,7,2,IMPRECISE,266,PASS,0/1,P023
13,43917840,DUP00000031,DUP,43955550,13,43955550,37710,23,8,PRECISE,678,PASS,1/1,P023
17,60475885,INV00000002,INV,60478741,17,60478741,2856,10,16,PRECISE,622,PASS,0/1,P023
19,38563845,DEL00000027,DEL,38568280,19,38568280,-4435,8,5,PRECISE,343,PASS,0/1,P023
16,53130445,INV00000003,INV,53135313,16,53135313,4868,5,16,PRECISE,611,PASS,0/1,P023
X,39045470,DEL00000028,DEL,39099499,X,39099499,-54029,4,16,PRECISE,473,PASS,0/1,P023
19,55685150,DEL00000029,DEL,55691012,19,55691012,-5862,26,7,PRECISE,696,PASS,1/1,P023
10,118865798,DEL00000030,DEL,118996803,10,118996803,-131005,26,6,PRECISE,749,PASS,0/1,P023
22,34550087,INV00000004,INV,38225283,22,38225283,3675196,40,24,PRECISE,1473,PASS,0/1,P023
18,5254747,BND00000002,BND,8298363,17,8298363,,6,19,PRECISE,527,PASS,0/1,P023
6,95358868,INV00000005,INV,96566468,6,96566468,1207600,21,12,PRECISE,719,PASS,0/1,P023
16,7754498,DEL00000031,DEL,7760119,16,7760119,-5621,22,13,PRECISE,789,PASS,1/1,P023
13,18552798,INV00000006,INV,18554432,13,18554432,1634,19,12,PRECISE,718,PASS,1/1,P023
22,43393640,DUP00000032,DUP,43396717,22,43396717,3077,15,2,IMPRECISE,533,PASS,0/1,P023
17,9435320,DEL00000032,DEL,11089773,17,11089773,-1654453,33,8,PRECISE,1001,PASS,0/1,P023
22,41718636,DUP00000033,DUP,41741332,22,41741332,22696,10,16,PRECISE,555,PASS,0/1,P023
12,88919693,DEL00000033,DEL,88989160,12,88989160,-69467,10,13,PRECISE,496,PASS,0/1,P023
3,115488431,DEL00000034,DEL,115501550,3,115501550,-13119,29,1,IMPRECISE,744,PASS,0/1,P023
14,15809469,INV00000007,INV,15814079,14,15814079,4610,39,3,IMPRECISE,969,PASS,0/1,P023
3,144177334,BND00000003,BND,133147668,8,133147668,,24,8,PRECISE,837,PASS,1/1,P023
7,62644526,BND00000004,BND,31276064,20,31276064,,37,4,PRECISE,838,PASS,0/1,P023
6,54093120,INS00000005,INS,54093121,6,54093121,1925,15,6,PRECISE,477,PASS,0/1,P023
12,128444565,DEL00000035,DEL,128446980,12,128446980,-2415,31,23,PRECISE,1130,PASS,1/1,P023
22,2146361,DEL00000036,DEL,2183169,22,2183169,-36808,25,22,PRECISE,1079,PASS,0/1,P023
6,66885050,BND00000005,BND,111391917,9,111391917,,33,9,PRECISE,977,PASS,0/1,P023
22,41571647,DUP00000034,DUP,41591763,22,41591763,20116,25,17,PRECISE,995,PASS,0/1,P023
X,105592413,DEL00000037,DEL,105593173,X,105593173,-760,16,1,IMPRECISE,361,PASS,1/1,P023
18,68900266,INS00000006,INS,68900267,18,68900267,3368,2,19,PRECISE,506,PASS,1/1,P023
18,48124751,BND00000006,BND,11539008,1,11539008,,31,10,PRECISE,999,PASS,0/1,P023
18,39164178,DEL00000038,DEL,39166751,18,39166751,-2573,38,3,IMPRECISE,950,PASS,0/1,P023
18,64463694,DEL00000039,DEL,64464903,18,64464903,-1209,0,0,IMPRECISE,35,LowQual,0/1,P023
4,136952237,DUP00000035,DUP,136954244,4,136954244,2007,17,13,PRECISE,765,PASS,0/1,P023
6,32863161,INS00000007,INS,32863162,6,32863162,5985,33,10,PRECISE,905,PASS,0/1,P023
9,84280638,DUP00000036,DUP,87378073,9,87378073,3097435,28,2,IMPRECISE,735,PASS,1/1,P023
1,85669106,DEL00000040,DEL,85688209,1,85688209,-19103,10,0,IMPRECISE,363,PASS,0/1,P023
22,47548935,DEL00000041,DEL,47965999,22,47965999,-417064,21,9,PRECISE,785,PASS,1/1,P023
7,27233849,DUP00000037,DUP,28623099,7,28623099,1389250,24,1,IMPRECISE,603,PASS,0/1,P023
14,82197890,INS00000008,INS,82197891,14,82197891,2502,14,18,PRECISE,806,PASS,0/1,P023
5,149372895,DEL00000042,DEL,149840181,5,149840181,-467286,17,16,PRECISE,860,PASS,0/1,P023
13,79591665,BND00000007,BND,9818091,6,9818091,,23,12,PRECISE,730,PASS,0/1,P023
X,74554088,INV00000008,INV,74594911,X,74594911,40823,29,22,PRECISE,1088,PASS,1/1,P023
11,80921228,DEL00000043,DEL,80923398,11,80923398,-2170,37,5,PRECISE,1032,PASS,1/1,P023
7,136362263,DEL00000044,DEL,136402688,7,136402688,-40425,7,12,PRECISE,430,PASS,1/1,P023
17,5061252,BND00000008,BND,68401478,16,68401478,,14,8,PRECISE,484,PASS,0/1,P023
15,62690259,INS00000009,INS,62690260,15,62690260,1141,14,9,PRECISE,552,PASS,1/1,P023
9,117221006,INV00000009,INV,117225763,9,117225763,4757,19,19,PRECISE,797,PASS,0/1,P023
2,17455221,INV00000010,INV,17457493,2,17457493,2272,17,15,PRECISE,660,PASS,0/1,P023
6,158119701,DUP00000038,DUP,158204510,6,158204510,84809,22,4,PRECISE,560,PASS,0/1,P023
15,45044355,INS00000010,INS,45044356,15,45044356,4883,21,4,PRECISE,572,PASS,0/1,P023
14,86600564,DUP00000039,DUP,89115002,14,89115002,2514438,31,18,PRECISE,1078,PASS,0/1,P023
8,50765056,DEL00000045,DEL,50765566,8,50765566,-510,28,25,PRECISE,1101,PASS,0/1,P023
18,29022740,DEL00000046,DEL,29158080,18,29158080,-135340,25,4,PRECISE,627,PASS,0/1,P023
20,54534301,DUP00000040,DUP,54535938,20,54535938,1637,22,22,PRECISE,919,PASS,0/1,P023
19,20043164,INV00000011,INV,20046221,19,20046221,3057,11,6,PRECISE,471,PASS,0/1,P023
11,36651102,DEL00000047,DEL,36657722,11,36657722,-6620,37,24,PRECISE,1338,PASS,0/1,P023
17,33611020,BND00000009,BND,107784240,5,107784240,,36,22,PRECISE,1342,PASS,0/1,P023
1,19926709,DEL00000001,DEL,23379008,1,23379008,-3452299,38,2,IMPRECISE,893,PASS,0/1,P024
1,23379009,DUP00000001,DUP,36813071,1,36813071,13434062,31,18,PRECISE,1054,PASS,0/1,P024
1,36813072,DUP00000002,DUP,80040193,1,80040193,43227121,39,17,PRECISE,1319,PASS,0/1,P024
1,160101310,DEL00000002,DEL,161892200,1,161892200,-1790890,21,8,PRECISE,743,PASS,0/1,P024
2,63002241,DUP00000003,DUP,66384044,2,66384044,3381803,23,19,PRECISE,1029,PASS,0/1,P024
2,156107813,DUP00000004,DUP,171403928,2,171403928,15296115,12,12,PRECISE,567,PASS,0/1,P024
2,171403929,DEL00000003,DEL,197956899,2,197956899,-26552970,28,5,PRECISE,676,PASS,0/1,P024
2,197956900,DUP00000005,DUP,198805475,2,198805475,848575,21,5,PRECISE,577,PASS,0/1,P024
2,198805476,DEL00000004,DEL,198831307,2,198831307,-25831,39,10,PRECISE,1124,PASS,0/1,P024
2,198831308,DUP00000006,DUP,204632467,2,204632467,5801159,22,21,PRECISE,870,PASS,0/1,P024
2,204632468,DEL00000005,DEL,223017179,2,223017179,-18384711,8,10,PRECISE,427,PASS,0/1,P024
2,223017180,DEL00000006,DEL,223622734,2,223622734,-605554,33,2,IMPRECISE,823,PASS,1/1,P024
2,223622735,DUP00000007,DUP,239290054,2,239290054,15667319,33,2,IMPRECISE,822,PASS,0/1,P024
2,239290055,DUP00000008,DUP,241384477,2,241384477,2094422,14,7,PRECISE,490,PASS,0/1,P024
2,241384478,DEL00000007,DEL,242193529,2,242193529,-809051,39,9,PRECISE,1157,PASS,0/1,P024
3,18297925,DEL00000008,DEL,20205120,3,20205120,-1907195,29,10,PRECISE,962,PASS,0/1,P024
3,20205121,DUP00000009,DUP,63484506,3,63484506,43279385,27,12,PRECISE,976,PASS,0/1,P024
3,63484507,DUP00000010,DUP,77179667,3,77179667,13695160,34,9,PRECISE,928,PASS,0/1,P024
3,77179668,DEL00000009,DEL,90900000,3,90900000,-13720332,15,24,PRECISE,935,PASS,0/1,P024
4,120785850,DEL00000010,DEL,130112455,4,130112455,-9326605,20,7,PRECISE,656,PASS,1/1,P024
6,86408575,DEL00000011,DEL,87581306,6,87581306,-1172731,15,13,PRECISE,676,PASS,0/1,P024
6,87581307,DUP00000011,DUP,102416321,6,102416321,14835014,7,4,PRECISE,276,PASS,0/1,P024
6,102416322,DEL00000012,DEL,110510275,6,110510275,-8093953,39,1,IMPRECISE,819,PASS,1/1,P024
7,96114479,DUP00000012,DUP,98460990,7,98460990,2346511,5,14,PRECISE,523,PASS,0/1,P024
7,98460991,DEL00000013,DEL,98683270,7,98683270,-222279,22,5,PRECISE,728,PASS,0/1,P024
7,98683271,DUP00000013,DUP,145081810,7,145081810,46398539,24,4,PRECISE,658,PASS,0/1,P024
7,145081811,DEL00000014,DEL,150438077,7,150438077,-5356266,37,5,PRECISE,1022,PASS,0/1,P024
7,150438078,DUP00000014,DUP,159345973,7,159345973,8907895,4,8,PRECISE,251,PASS,0/1,P024
8,34308237,DEL00000015,DEL,46755533,8,46755533,-12447296,28,6,PRECISE,758,PASS,1/1,P024
8,132903491,DEL00000016,DEL,140861237,8,140861237,-7957746,8,5,PRECISE,306,PASS,0/1,P024
8,140861238,DUP00000015,DUP,145138636,8,145138636,4277398,30,16,PRECISE,955,PASS,0/1,P024
9,37092596,DUP00000016,DUP,37859183,9,37859183,766587,15,3,IMPRECISE,472,PASS,0/1,P024
9,37859184,DEL00000017,DEL,43000000,9,43000000,-5140816,10,13,PRECISE,524,PASS,0/1,P024
9,43000001,DUP00000017,DUP,71397725,9,71397725,28397724,5,19,PRECISE,641,PASS,0/1,P024
9,71397726,DEL00000018,DEL,73592890,9,73592890,-2195164,29,12,PRECISE,928,PASS,0/1,P024
9,73592891,DUP00000018,DUP,89466860,9,89466860,15873969,17,21,PRECISE,903,PASS,0/1,P024
9,89466861,DUP00000019,DUP,90503282,9,90503282,1036421,12,8,PRECISE,404,PASS,0/1,P024
9,90503283,DEL00000019,DEL,138394717,9,138394717,-47891434,6,10,PRECISE,464,PASS,0/1,P024
10,46153329,DUP00000020,DUP,47186480,10,47186480,1033151,13,6,PRECISE,489,PASS,0/1,P024
10,47186481,DEL00000020,DEL,48400506,10,48400506,-1214025,0,4,PRECISE,181,LowQual,0/1,P024
10,48400507,DEL00000021,DEL,49096211,10,49096211,-695704,8,23,PRECISE,660,PASS,0/1,P024
10,49096212,DUP00000021,DUP,49896275,10,49896275,800063,34,15,PRECISE,1098,PASS,0/1,P024
10,49896276,DEL00000022,DEL,50322944,10,50322944,-426668,7,0,IMPRECISE,246,PASS,0/1,P024
10,103209987,DUP00000022,DUP,105484356,10,105484356,2274369,28,3,IMPRECISE,720,PASS,0/1,P024
10,105484357,DEL00000023,DEL,106136023,10,106136023,-651666,15,7,PRECISE,502,PASS,0/1,P024
10,106136024,DEL00000024,DEL,106836711,10,106836711,-700687,32,11,PRECISE,928,PASS,1/1,P024
10,106836712,DUP00000023,DUP,119859510,10,119859510,13022798,24,20,PRECISE,886,PASS,0/1,P024
10,119859511,DEL00000025,DEL,121860878,10,121860878,-2001367,27,21,PRECISE,1011,PASS,1/1,P024
10,121860879,DUP00000024,DUP,133797422,10,133797422,11936543,2,23,PRECISE,585,PASS,1/1,P024
12,13290831,DUP00000025,DUP,22501660,12,22501660,9210829,4,19,PRECISE,619,PASS,0/1,P024
13,30599806,DUP00000026,DUP,30918763,13,30918763,318957,1,12,PRECISE,459,PASS,0/1,P024
13,30918764,DEL00000026,DEL,57821364,13,57821364,-26902600,26,9,PRECISE,845,PASS,1/1,P024
13,57821365,DUP00000027,DUP,93354227,13,93354227,35532862,31,22,PRECISE,1161,PASS,0/1,P024
13,93354228,DEL00000027,DEL,114364328,13,114364328,-21010100,1,25,PRECISE,535,PASS,0/1,P024
14,18661839,DEL00000028,DEL,19091931,14,19091931,-430092,3,16,PRECISE,393,PASS,0/1,P024
15,46019859,DUP00000028,DUP,46770092,15,46770092,750233,40,1,IMPRECISE,959,PASS,1/1,P024
15,46770093,DEL00000029,DEL,51271396,15,51271396,-4501303,9,5,PRECISE,349,PASS,0/1,P024
15,51271397,DUP00000029,DUP,51677763,15,51677763,406366,22,2,IMPRECISE,524,PASS,0/1,P024
15,51677764,DEL00000030,DEL,66266019,15,66266019,-14588255,11,17,PRECISE,595,PASS,0/1,P024
15,66266020,DUP00000030,DUP,66610577,15,66610577,344557,12,13,PRECISE,619,PASS,1/1,P024
15,66610578,DEL00000031,DEL,89543629,15,89543629,-22933051,35,5,PRECISE,888,PASS,1/1,P024
15,89543630,DUP00000031,DUP,92887649,15,92887649,3344019,19,18,PRECISE,742,PASS,0/1,P024
15,92887650,DEL00000032,DEL,101991189,15,101991189,-9103539,3,5,PRECISE,191,PASS,0/1,P024
16,19685632,DUP00000032,DUP,20192585,16,20192585,506953,24,25,PRECISE,1068,PASS,0/1,P024
16,20192586,DEL00000033,DEL,20894087,16,20894087,-701501,31,3,IMPRECISE,879,PASS,0/1,P024
16,20894088,DUP00000033,DUP,54047190,16,54047190,33153102,29,5,PRECISE,805,PASS,0/1,P024
16,54047191,DEL00000034,DEL,64415167,16,64415167,-10367976,6,19,PRECISE,594,PASS,1/1,P024
16,64415168,DUP00000034,DUP,69384209,16,69384209,4969041,21,3,IMPRECISE,494,PASS,0/1,P024
16,69384210,DUP00000035,DUP,90338345,16,90338345,20954135,19,24,PRECISE,950,PASS,0/1,P024
17,14666255,DUP00000036,DUP,38937528,17,38937528,24271273,23,10,PRECISE,711,PASS,1/1,P024
17,38937529,DEL00000035,DEL,43261213,17,43261213,-4323684,28,14,PRECISE,915,PASS,1/1,P024
17,43261214,DEL00000036,DEL,56558063,17,56558063,-13296849,7,15,PRECISE,491,PASS,0/1,P024
17,56558064,DUP00000037,DUP,56961890,17,56961890,403826,34,3,IMPRECISE,869,PASS,0/1,P024
17,56961891,DEL00000037,DEL,70014692,17,70014692,-13052801,8,24,PRECISE,647,PASS,0/1,P024
17,70014693,DEL00000038,DEL,70468108,17,70468108,-453415,23,16,PRECISE,884,PASS,0/1,P024
17,70468109,DUP00000038,DUP,73549561,17,73549561,3081452,18,24,PRECISE,1032,PASS,1/1,P024
17,73549562,DEL00000039,DEL,74313127,17,74313127,-763565,14,15,PRECISE,668,PASS,1/1,P024
17,74313128,DUP00000039,DUP,83257441,17,83257441,8944313,26,19,PRECISE,973,PASS,0/1,P024
19,4201559,DEL00000040,DEL,17733510,19,17733510,-13531951,9,0,IMPRECISE,186,PASS,1/1,P024
19,17733511,DUP00000040,DUP,39623473,19,39623473,21889962,22,21,PRECISE,958,PASS,1/1,P024
19,39623474,DEL00000041,DEL,46196576,19,46196576,-6573102,16,7,PRECISE,558,PASS,1/1,P024
19,46196577,DUP00000041,DUP,58617616,19,58617616,12421039,1,16,PRECISE,347,PASS,0/1,P024
20,8843913,DUP00000042,DUP,36124012,20,36124012,27280099,27,13,PRECISE,888,PASS,1/1,P024
20,36124013,DEL00000042,DEL,36655831,20,36655831,-531818,35,8,PRECISE,984,PASS,1/1,P024
20,36655832,DUP00000043,DUP,45024324,20,45024324,8368492,20,20,PRECISE,867,PASS,1/1,P024
20,45024325,DEL00000043,DEL,58801939,20,58801939,-13777614,16,25,PRECISE,961,PASS,1/1,P024
20,58801940,DUP00000044,DUP,64444167,20,64444167,5642227,11,16,PRECISE,693,PASS,0/1,P024
21,35022045,DEL00000044,DEL,35394211,21,35394211,-372166,34,21,PRECISE,1133,PASS,0/1,P024
21,35394212,DUP00000045,DUP,35415572,21,35415572,21360,2,16,PRECISE,518,PASS,0/1,P024
21,35415573,DEL00000045,DEL,35777559,21,35777559,-361986,36,7,PRECISE,950,PASS,0/1,P024
21,35777560,DUP00000046,DUP,43363702,21,43363702,7586142,22,21,PRECISE,1021,PASS,0/1,P024
21,43363703,DEL00000046,DEL,46709983,21,46709983,-3346280,22,22,PRECISE,1069,PASS,1/1,P024
22,7018001,DEL00000047,DEL,10543014,22,10543014,-3525013,8,23,PRECISE,670,PASS,1/1,P024
22,10543015,DUP00000047,DUP,13978185,22,13978185,3435170,39,9,PRECISE,1144,PASS,0/1,P024
22,13978186,DUP00000048,DUP,15240002,22,15240002,1261816,15,21,PRECISE,870,PASS,1/1,P024
22,15240003,DEL00000048,DEL,20392974,22,20392974,-5152971,35,15,PRECISE,1142,PASS,0/1,P024
22,20392975,DUP00000049,DUP,21327748,22,21327748,934773,31,22,PRECISE,1176,PASS,1/1,P024
22,21327749,DEL00000049,DEL,23693626,22,23693626,-2365877,31,8,PRECISE,838,PASS,1/1,P024
22,23693627,DUP00000050,DUP,25009962,22,25009962,1316335,29,16,PRECISE,1089,PASS,1/1,P024
22,25009963,DEL00000050,DEL,32493963,22,32493963,-7484000,17,6,PRECISE,551,PASS,0/1,P024
22,32493964,DUP00000051,DUP,47252601,22,47252601,14758637,5,5,PRECISE,317,PASS,0/1,P024
22,47252602,DUP00000052,DUP,47702748,22,47702748,450146,11,18,PRECISE,690,PASS,0/1,P024
22,47702749,DEL00000051,DEL,50818468,22,50818468,-3115719,6,23,PRECISE,586,PASS,0/1,P024
X,46591594,DEL00000052,DEL,47121085,X,47121085,-529491,28,20,PRECISE,1158,PASS,0/1,P024
17,18834165,DEL00000053,DEL,21301722,17,21301722,-2467557,34,14,PRECISE,971,PASS,0/1,P024
4,13579413,INS00000001,INS,13579414,4,13579414,5418,33,11,PRECISE,1033,PASS,0/1,P024
19,5339662,INV00000001,INV,5344756,19,5344756,5094,18,23,PRECISE,836,PASS,1/1,P024
1,97387049,INS00000002,INS,97387050,1,97387050,665,8,20,PRECISE,694,PASS,1/1,P024
11,123152036,INS00000003,INS,123152037,11,123152037,2942,25,8,PRECISE,783,PASS,0/1,P024
17,38839488,BND00000001,BND,37971188,9,37971188,,39,3,IMPRECISE,861,PASS,1/1,P024
11,77811510,INS00000004,INS,77811511,11,77811511,853,40,13,PRECISE,1104,PASS,0/1,P024
10,16395135,DEL00000054,DEL,16397089,10,16397089,-1954,35,1,IMPRECISE,803,PASS,0/1,P024
15,87863370,BND00000002,BND,39484401,17,39484401,,2,18,PRECISE,584,PASS,1/1,P024
4,174258869,BND00000003,BND,44477112,7,44477112,,28,10,PRECISE,768,PASS,0/1,P024
12,27610626,INV00000002,INV,27618785,12,27618785,8159,14,0,IMPRECISE,338,PASS,0/1,P024
17,52749100,INV00000003,INV,52750658,17,52750658,1558,25,20,PRECISE,900,PASS,0/1,P024
1,33075762,DEL00000001,DEL,33468221,1,33468221,-392459,37,8,PRECISE,990,PASS,0/1,P025
1,33468222,DUP00000001,DUP,67069732,1,67069732,33601510,12,10,PRECISE,634,PASS,0/1,P025
1,67069733,DEL00000002,DEL,68943243,1,68943243,-1873510,34,21,PRECISE,1202,PASS,0/1,P025
1,224314084,DEL00000003,DEL,242283576,1,242283576,-17969492,12,23,PRECISE,865,PASS,0/1,P025
1,242283577,DUP00000002,DUP,248956422,1,248956422,6672845,34,8,PRECISE,882,PASS,0/1,P025
2,38777079,DUP00000003,DUP,39594997,2,39594997,817918,25,1,IMPRECISE,690,PASS,0/1,P025
2,230678064,DEL00000004,DEL,234001063,2,234001063,-3322999,7,22,PRECISE,740,PASS,0/1,P025
2,234001064,DUP00000004,DUP,242193529,2,242193529,8192465,40,5,PRECISE,990,PASS,0/1,P025
4,43197907,DEL00000005,DEL,76510478,4,76510478,-33312571,6,2,IMPRECISE,288,PASS,0/1,P025
4,76510479,DUP00000005,DUP,92024204,4,92024204,15513725,31,6,PRECISE,763,PASS,0/1,P025
4,92024205,DEL00000006,DEL,93953461,4,93953461,-1929256,28,23,PRECISE,1034,PASS,1/1,P025
4,93953462,DUP00000006,DUP,94244874,4,94244874,291412,29,19,PRECISE,1096,PASS,0/1,P025
4,94244875,DEL00000007,DEL,95382000,4,95382000,-1137125,16,17,PRECISE,853,PASS,0/1,P025
5,109901933,DEL00000008,DEL,110409791,5,110409791,-507858,2,10,PRECISE,376,PASS,0/1,P025
5,110409792,DUP00000007,DUP,117303435,5,117303435,6893643,37,11,PRECISE,1019,PASS,1/1,P025
5,117303436,DEL00000009,DEL,121831413,5,121831413,-4527977,18,6,PRECISE,514,PASS,0/1,P025
6,16922003,DUP00000008,DUP,17940012,6,17940012,1018009,31,20,PRECISE,1110,PASS,0/1,P025
6,158432508,DEL00000010,DEL,164812782,6,164812782,-6380274,32,12,PRECISE,936,PASS,0/1,P025
6,164812783,DUP00000009,DUP,170805979,6,170805979,5993196,0,2,IMPRECISE,53,LowQual,0/1,P025
8,30085647,DEL00000011,DEL,30427021,8,30427021,-341374,2,22,PRECISE,542,PASS,0/1,P025
8,83510266,DEL00000012,DEL,83627796,8,83627796,-117530,33,18,PRECISE,1183,PASS,1/1,P025
10,9943765,DUP00000010,DUP,16774237,10,16774237,6830472,32,3,IMPRECISE,771,PASS,1/1,P025
10,16774238,DEL00000013,DEL,51427322,10,51427322,-34653084,0,20,PRECISE,476,PASS,0/1,P025
10,51427323,DUP00000011,DUP,53551024,10,53551024,2123701,22,22,PRECISE,1003,PASS,1/1,P025
10,53551025,DUP00000012,DUP,53962765,10,53962765,411740,9,14,PRECISE,615,PASS,1/1,P025
11,50391677,DEL00000014,DEL,60288266,11,60288266,-9896589,40,24,PRECISE,1350,PASS,0/1,P025
11,60288267,DUP00000013,DUP,86769424,11,86769424,26481157,13,3,IMPRECISE,475,PASS,0/1,P025
11,86769425,DUP00000014,DUP,87775371,11,87775371,1005946,14,19,PRECISE,854,PASS,1/1,P025
11,87775372,DEL00000015,DEL,135086622,11,135086622,-47311250,39,3,IMPRECISE,899,PASS,0/1,P025
12,10794891,DUP00000015,DUP,11906785,12,11906785,1111894,40,15,PRECISE,1162,PASS,0/1,P025
12,11906786,DEL00000016,DEL,26805959,12,26805959,-14899173,8,3,IMPRECISE,299,PASS,0/1,P025
12,26805960,DEL00000017,DEL,37133915,12,37133915,-10327955,21,7,PRECISE,631,PASS,0/1,P025
13,77024882,DUP00000016,DUP,80892555,13,80892555,3867673,9,20,PRECISE,645,PASS,0/1,P025
13,80892556,DEL00000018,DEL,114364328,13,114364328,-33471772,21,21,PRECISE,851,PASS,1/1,P025
14,18619831,DUP00000017,DUP,20225319,14,20225319,1605488,23,14,PRECISE,924,PASS,1/1,P025
14,20225320,DEL00000019,DEL,44474914,14,44474914,-24249594,5,0,IMPRECISE,291,LowQual,1/1,P025
14,44474915,DUP00000018,DUP,46391866,14,46391866,1916951,26,7,PRECISE,848,PASS,0/1,P025
15,64236370,DUP00000019,DUP,95099282,15,95099282,30862912,5,21,PRECISE,556,PASS,0/1,P025
15,95099283,DEL00000020,DEL,99289841,15,99289841,-4190558,31,23,PRECISE,1141,PASS,0/1,P025
15,99289842,DUP00000020,DUP,101991189,15,101991189,2701347,6,12,PRECISE,543,PASS,0/1,P025
17,45590287,DEL00000021,DEL,54411786,17,54411786,-8821499,8,13,PRECISE,594,PASS,1/1,P025
17,54411787,DUP00000021,DUP,83257441,17,83257441,28845654,16,12,PRECISE,728,PASS,1/1,P025
19,43270980,DEL00000022,DEL,44340836,19,44340836,-1069856,2,20,PRECISE,555,PASS,1/1,P025
19,44340837,DUP00000022,DUP,58617616,19,58617616,14276779,1,12,PRECISE,398,PASS,0/1,P025
2,84563853,DEL00000023,DEL,84630261,2,84630261,-66408,30,18,PRECISE,1103,PASS,0/1,P025
16,40378450,BND00000001,BND,129138951,4,129138951,,20,14,PRECISE,769,PASS,0/1,P025
10,116824266,BND00000002,BND,44484953,14,44484953,,27,4,PRECISE,681,PASS,0/1,P025
4,108499903,DEL00000024,DEL,108547551,4,108547551,-47648,2,7,PRECISE,347,PASS,1/1,P025
20,19799061,INV00000001,INV,19839180,20,19839180,40119,40,1,IMPRECISE,908,PASS,0/1,P025
9,60299575,INV00000002,INV,64400939,9,64400939,4101364,27,12,PRECISE,871,PASS,0/1,P025
21,40573505,INS00000001,INS,40573506,21,40573506,3408,15,6,PRECISE,480,PASS,0/1,P025
8,54428360,DEL00000025,DEL,54434953,8,54434953,-6593,12,20,PRECISE,758,PASS,0/1,P025
6,84323943,INV00000003,INV,86106418,6,86106418,1782475,25,11,PRECISE,852,PASS,1/1,P025
2,156597195,DEL00000026,DEL,156607949,2,156607949,-10754,26,6,PRECISE,803,PASS,0/1,P025
3,184480248,DEL00000027,DEL,184481039,3,184481039,-791,38,9,PRECISE,1053,PASS,0/1,P025
13,1447338,INV00000004,INV,1450251,13,1450251,2913,2,19,PRECISE,614,PASS,0/1,P025
20,61792612,DUP00000023,DUP,61917869,20,61917869,125257,25,13,PRECISE,898,PASS,0/1,P025
4,60395311,DEL00000028,DEL,60612861,4,60612861,-217550,0,24,PRECISE,590,PASS,0/1,P025
3,36804873,INS00000002,INS,36804874,3,36804874,4062,33,8,PRECISE,924,PASS,0/1,P025
10,84189551,DEL00000029,DEL,84350286,10,84350286,-160735,40,8,PRECISE,1125,PASS,0/1,P025
14,36585114,DEL00000030,DEL,36585464,14,36585464,-350,7,9,PRECISE,348,PASS,0/1,P025
21,13699435,DUP00000024,DUP,13757289,21,13757289,57854,3,1,IMPRECISE,159,LowQual,0/1,P025
13,90714989,DUP00000025,DUP,92430151,13,92430151,1715162,28,1,IMPRECISE,702,PASS,1/1,P025
22,25237881,BND00000003,BND,65512714,16,65512714,,6,11,PRECISE,403,PASS,0/1,P025
11,90100977,DEL00000031,DEL,90550289,11,90550289,-449312,23,24,PRECISE,1041,PASS,0/1,P025
11,3043561,BND00000004,BND,75606581,18,75606581,,7,24,PRECISE,769,PASS,0/1,P025
16,84540344,INS00000003,INS,84540345,16,84540345,4400,18,10,PRECISE,654,PASS,0/1,P025
9,22719176,INS00000004,INS,22719177,9,22719177,2531,19,3,IMPRECISE,536,PASS,1/1,P025
19,42935590,INS00000005,INS,42935591,19,42935591,4244,22,15,PRECISE,822,PASS,1/1,P025
9,56554382,INS00000006,INS,56554383,9,56554383,1039,30,14,PRECISE,980,PASS,1/1,P025
3,136813195,DEL00000032,DEL,138214247,3,138214247,-1401052,22,1,IMPRECISE,557,PASS,0/1,P025
4,85502013,BND00000005,BND,47420524,7,47420524,,34,6,PRECISE,841,PASS,1/1,P025
16,41482379,INS00000007,INS,41482380,16,41482380,3183,34,8,PRECISE,884,PASS,0/1,P025
22,3615970,INS00000008,INS,3615971,22,3615971,3463,37,7,PRECISE,1079,PASS,0/1,P025
21,19592039,DEL00000033,DEL,19648773,21,19648773,-56734,5,14,PRECISE,463,PASS,0/1,P025
19,54666212,INS00000009,INS,54666213,19,54666213,848,14,5,PRECISE,481,PASS,0/1,P025
11,89686780,DEL00000034,DEL,89710215,11,89710215,-23435,11,23,PRECISE,758,PASS,0/1,P025
7,42608194,DEL00000035,DEL,42622719,7,42622719,-14525,12,15,PRECISE,568,PASS,0/1,P025
5,173236787,DEL00000036,DEL,173244785,5,173244785,-7998,37,24,PRECISE,1282,PASS,0/1,P025
8,41917166,BND00000006,BND,160299844,3,160299844,,21,8,PRECISE,741,PASS,0/1,P025
19,34067989,INV00000005,INV,34160612,19,34160612,92623,28,9,PRECISE,893,PASS,0/1,P025
8,74583794,BND00000007,BND,27505099,3,27505099,,14,16,PRECISE,605,PASS,0/1,P025
12,82748658,INS00000010,INS,82748659,12,82748659,455,28,14,PRECISE,986,PASS,1/1,P025
7,17888230,DEL00000037,DEL,17890590,7,17890590,-2360,27,1,IMPRECISE,702,PASS,0/1,P025
8,42127558,INV00000006,INV,42131623,8,42131623,4065,3,21,PRECISE,631,PASS,0/1,P025
9,121074796,DUP00000026,DUP,121535407,9,121535407,460611,0,6,PRECISE,197,PASS,0/1,P025
6,16677759,DEL00000038,DEL,16718163,6,16718163,-40404,24,16,PRECISE,967,PASS,0/1,P025
X,92640294,DEL00000039,DEL,92641028,X,92641028,-734,1,17,PRECISE,401,PASS,0/1,P025
14,10486321,INV00000007,INV,11039155,14,11039155,552834,26,20,PRECISE,984,PASS,0/1,P025
5,160028590,DEL00000040,DEL,160039050,5,160039050,-10460,6,2,IMPRECISE,230,PASS,0/1,P025
2,9015799,INV00000008,INV,9017349,2,9017349,1550,35,10,PRECISE,928,PASS,0/1,P025
14,85617855,DEL00000041,DEL,85635766,14,85635766,-17911,6,15,PRECISE,541,PASS,0/1,P025
2,106867898,INS00000011,INS,106867899,2,106867899,165,12,22,PRECISE,880,PASS,0/1,P025
8,35246635,DEL00000042,DEL,36062955,8,36062955,-816320,40,24,PRECISE,1461,PASS,0/1,P025
6,79732123,INS00000012,INS,79732124,6,79732124,2208,15,3,IMPRECISE,514,PASS,0/1,P025
2,210928109,INS00000013,INS,210928110,2,210928110,3435,38,20,PRECISE,1241,PASS,0/1,P025
19,23978633,DEL00000043,DEL,23990871,19,23990871,-12238,37,5,PRECISE,927,PASS,0/1,P025
20,10103371,BND00000008,BND,120795607,6,120795607,,3,1,IMPRECISE,276,LowQual,1/1,P025
19,11413368,DEL00000044,DEL,11413911,19,11413911,-543,29,7,PRECISE,908,PASS,0/1,P025
20,55595189,BND00000009,BND,37500762,13,37500762,,35,6,PRECISE,990,PASS,1/1,P025
1,72409412,DEL00000045,DEL,72444622,1,72444622,-35210,22,18,PRECISE,918,PASS,1/1,P025
X,98787045,DEL00000046,DEL,98814863,X,98814863,-27818,2,25,PRECISE,662,PASS,1/1,P025
22,35432056,INV00000009,INV,38057074,22,38057074,2625018,22,10,PRECISE,722,PASS,0/1,P025
1,28058768,DEL00000001,DEL,43567201,1,43567201,-15508433,36,16,PRECISE,1168,PASS,1/1,P026
2,20252121,DEL00000002,DEL,20761505,2,20761505,-509384,16,7,PRECISE,640,PASS,0/1,P026
2,20761506,DUP00000001,DUP,43500781,2,43500781,22739275,39,6,PRECISE,1086,PASS,0/1,P026
2,43500782,DEL00000003,DEL,60740754,2,60740754,-17239972,40,15,PRECISE,1230,PASS,1/1,P026
2,179782155,DUP00000002,DUP,185641498,2,185641498,5859343,28,13,PRECISE,862,PASS,0/1,P026
2,185641499,DEL00000004,DEL,190698302,2,190698302,-5056803,36,15,PRECISE,1098,PASS,1/1,P026
2,190698303,DUP00000003,DUP,193480504,2,193480504,2782201,14,21,PRECISE,720,PASS,0/1,P026
2,193480505,DEL00000005,DEL,195870130,2,195870130,-2389625,10,24,PRECISE,734,PASS,0/1,P026
2,195870131,DEL00000006,DEL,212921401,2,212921401,-17051270,17,1,IMPRECISE,526,PASS,0/1,P026
2,212921402,DUP00000004,DUP,242193529,2,242193529,29272127,16,13,PRECISE,776,PASS,1/1,P026
4,2680521,DUP00000005,DUP,6771484,4,6771484,4090963,8,2,IMPRECISE,241,PASS,0/1,P026
4,6771485,DEL00000007,DEL,24898195,4,24898195,-18126710,26,8,PRECISE,862,PASS,1/1,P026
4,24898196,DEL00000008,DEL,25321544,4,25321544,-423348,14,22,PRECISE,766,PASS,1/1,P026
4,25321545,DUP00000006,DUP,34535271,4,34535271,9213726,17,16,PRECISE,724,PASS,0/1,P026
4,34535272,DEL00000009,DEL,35926949,4,35926949,-1391677,11,7,PRECISE,528,PASS,0/1,P026
4,154058821,DUP00000007,DUP,162011972,4,162011972,7953151,27,17,PRECISE,994,PASS,0/1,P026
4,162011973,DEL00000010,DEL,176511476,4,176511476,-14499503,0,18,PRECISE,461,PASS,0/1,P026
4,176511477,DUP00000008,DUP,180173164,4,180173164,3661687,4,8,PRECISE,262,PASS,0/1,P026
4,180173165,DEL00000011,DEL,183249903,4,183249903,-3076738,5,25,PRECISE,640,PASS,0/1,P026
4,183249904,DUP00000009,DUP,190214555,4,190214555,6964651,17,20,PRECISE,763,PASS,0/1,P026
5,62196999,DUP00000010,DUP,98039576,5,98039576,35842577,21,21,PRECISE,949,PASS,0/1,P026
5,98039577,DEL00000012,DEL,119306150,5,119306150,-21266573,8,8,PRECISE,424,PASS,0/1,P026
5,119306151,DEL00000013,DEL,148709810,5,148709810,-29403659,19,19,PRECISE,819,PASS,0/1,P026
5,148709811,DUP00000011,DUP,181538259,5,181538259,32828448,25,1,IMPRECISE,595,PASS,0/1,P026
6,12053815,DEL00000014,DEL,14666130,6,14666130,-2612315,5,22,PRECISE,671,PASS,1/1,P026
6,14666131,DUP00000012,DUP,47064131,6,47064131,32398000,13,13,PRECISE,711,PASS,0/1,P026
6,47064132,DEL00000015,DEL,63615619,6,63615619,-16551487,27,24,PRECISE,1142,PASS,0/1,P026
6,63615620,DUP00000013,DUP,85321236,6,85321236,21705616,19,9,PRECISE,678,PASS,0/1,P026
6,85321237,DUP00000014,DUP,85838155,6,85838155,516918,26,2,IMPRECISE,724,PASS,1/1,P026
6,85838156,DEL00000016,DEL,93239579,6,93239579,-7401423,27,7,PRECISE,858,PASS,1/1,P026
6,93239580,DUP00000015,DUP,128886366,6,128886366,35646786,0,25,PRECISE,565,PASS,0/1,P026
6,128886367,DEL00000017,DEL,157366369,6,157366369,-28480002,10,1,IMPRECISE,241,PASS,0/1,P026
6,157366370,DUP00000016,DUP,170805979,6,170805979,13439609,9,22,PRECISE,628,PASS,1/1,P026
7,12325662,DEL00000018,DEL,13505988,7,13505988,-1180326,20,7,PRECISE,691,PASS,0/1,P026
7,67032744,DEL00000019,DEL,71424903,7,71424903,-4392159,40,14,PRECISE,1122,PASS,0/1,P026
7,71424904,DUP00000017,DUP,76749565,7,76749565,5324661,8,4,PRECISE,257,PASS,0/1,P026
7,76749566,DEL00000020,DEL,92995823,7,92995823,-16246257,22,16,PRECISE,839,PASS,0/1,P026
8,16777110,DUP00000018,DUP,26867472,8,26867472,10090362,7,24,PRECISE,628,PASS,0/1,P026
8,26867473,DEL00000021,DEL,71428154,8,71428154,-44560681,7,19,PRECISE,712,PASS,1/1,P026
8,71428155,DEL00000022,DEL,72029311,8,72029311,-601156,15,16,PRECISE,714,PASS,0/1,P026
9,30075320,DUP00000019,DUP,30703358,9,30703358,628038,36,21,PRECISE,1271,PASS,0/1,P026
9,30703359,DEL00000023,DEL,39428969,9,39428969,-8725610,26,23,PRECISE,1089,PASS,0/1,P026
9,39428970,DUP00000020,DUP,40636668,9,40636668,1207698,33,2,IMPRECISE,884,PASS,0/1,P026
9,40636669,DEL00000024,DEL,53814478,9,53814478,-13177809,19,6,PRECISE,700,PASS,0/1,P026
9,53814479,DEL00000025,DEL,55266983,9,55266983,-1452504,14,5,PRECISE,417,PASS,0/1,P026
9,55266984,DUP00000021,DUP,68232738,9,68232738,12965754,30,20,PRECISE,1183,PASS,0/1,P026
9,68232739,DEL00000026,DEL,69733938,9,69733938,-1501199,13,5,PRECISE,386,PASS,0/1,P026
9,69733939,DUP00000022,DUP,119153022,9,119153022,49419083,35,1,IMPRECISE,750,PASS,0/1,P026
9,119153023,DUP00000023,DUP,136860007,9,136860007,17706984,1,1,IMPRECISE,117,LowQual,0/1,P026
9,136860008,DEL00000027,DEL,138394717,9,138394717,-1534709,9,2,IMPRECISE,389,PASS,1/1,P026
10,105875473,DEL00000028,DEL,110369570,10,110369570,-4494097,37,5,PRECISE,985,PASS,0/1,P026
10,110369571,DUP00000024,DUP,133797422,10,133797422,23427851,13,18,PRECISE,762,PASS,1/1,P026
11,61040401,DUP00000025,DUP,98320847,11,98320847,37280446,12,25,PRECISE,893,PASS,0/1,P026
11,98320848,DEL00000029,DEL,135086622,11,135086622,-36765774,24,2,IMPRECISE,547,PASS,0/1,P026
13,66014470,DEL00000030,DEL,67329572,13,67329572,-1315102,7,19,PRECISE,529,PASS,0/1,P026
13,67329573,DUP00000026,DUP,79305650,13,79305650,11976077,9,15,PRECISE,524,PASS,0/1,P026
13,79305651,DUP00000027,DUP,79768623,13,79768623,462972,30,4,PRECISE,829,PASS,0/1,P026
13,79768624,DEL00000031,DEL,82667335,13,82667335,-2898711,35,2,IMPRECISE,900,PASS,0/1,P026
13,82667336,DEL00000032,DEL,83047302,13,83047302,-379966,40,14,PRECISE,1193,PASS,1/1,P026
13,83047303,DUP00000028,DUP,84077431,13,84077431,1030128,20,25,PRECISE,1049,PASS,0/1,P026
13,84077432,DUP00000029,DUP,84708139,13,84708139,630707,29,24,PRECISE,1074,PASS,1/1,P026
13,84708140,DEL00000033,DEL,114364328,13,114364328,-29656188,36,17,PRECISE,1255,PASS,0/1,P026
15,17967112,DEL00000034,DEL,18474203,15,18474203,-507091,34,23,PRECISE,1142,PASS,1/1,P026
15,18474204,DUP00000030,DUP,39343350,15,39343350,20869146,15,0,IMPRECISE,429,PASS,0/1,P026
15,39343351,DEL00000035,DEL,61090167,15,61090167,-21746816,32,4,PRECISE,745,PASS,1/1,P026
15,61090168,DEL00000036,DEL,81772175,15,81772175,-20682007,40,1,IMPRECISE,852,PASS,0/1,P026
15,81772176,DUP00000031,DUP,88475218,15,88475218,6703042,23,23,PRECISE,975,PASS,0/1,P026
15,88475219,DEL00000037,DEL,97007866,15,97007866,-8532647,2,22,PRECISE,509,PASS,1/1,P026
15,97007867,DUP00000032,DUP,101991189,15,101991189,4983322,28,15,PRECISE,1053,PASS,0/1,P026
16,5017660,DEL00000038,DEL,15588413,16,15588413,-10570753,18,6,PRECISE,524,PASS,0/1,P026
16,15588414,DUP00000033,DUP,63572641,16,63572641,47984227,6,17,PRECISE,645,PASS,0/1,P026
16,63572642,DEL00000039,DEL,66922206,16,66922206,-3349564,17,18,PRECISE,859,PASS,0/1,P026
16,66922207,DUP00000034,DUP,90338345,16,90338345,23416138,5,11,PRECISE,339,PASS,1/1,P026
17,6558241,DUP00000035,DUP,7314753,17,7314753,756512,6,23,PRECISE,664,PASS,0/1,P026
17,7314754,DEL00000040,DEL,34754653,17,34754653,-27439899,29,9,PRECISE,853,PASS,0/1,P026
17,34754654,DUP00000036,DUP,36732427,17,36732427,1977773,36,7,PRECISE,911,PASS,0/1,P026
17,36732428,DEL00000041,DEL,49578909,17,49578909,-12846481,38,11,PRECISE,1012,PASS,0/1,P026
17,49578910,DEL00000042,DEL,72478199,17,72478199,-22899289,20,23,PRECISE,1058,PASS,1/1,P026
17,72478200,DEL00000043,DEL,76675546,17,76675546,-4197346,20,24,PRECISE,884,PASS,1/1,P026
17,76675547,DUP00000037,DUP,76938820,17,76938820,263273,15,17,PRECISE,754,PASS,0/1,P026
17,76938821,DEL00000044,DEL,83257441,17,83257441,-6318620,5,6,PRECISE,420,PASS,1/1,P026
18,14781844,DUP00000038,DUP,34262518,18,34262518,19480674,5,10,PRECISE,408,PASS,1/1,P026
18,34262519,DEL00000045,DEL,39265700,18,39265700,-5003181,38,15,PRECISE,1205,PASS,0/1,P026
18,39265701,DUP00000039,DUP,46347013,18,46347013,7081312,0,12,PRECISE,287,PASS,1/1,P026
18,46347014,DUP00000040,DUP,54688128,18,54688128,8341114,14,10,PRECISE,539,PASS,0/1,P026
18,54688129,DEL00000046,DEL,54909469,18,54909469,-221340,26,12,PRECISE,761,PASS,1/1,P026
18,54909470,DEL00000047,DEL,66205820,18,66205820,-11296350,7,1,IMPRECISE,162,PASS,0/1,P026
18,66205821,DUP00000041,DUP,80373285,18,80373285,14167464,39,14,PRECISE,1120,PASS,0/1,P026
19,6320793,DEL00000048,DEL,14152075,19,14152075,-7831282,4,14,PRECISE,510,PASS,0/1,P026
19,14152076,DUP00000042,DUP,19757195,19,19757195,5605119,14,9,PRECISE,506,PASS,1/1,P026
19,19757196,DEL00000049,DEL,27533295,19,27533295,-7776099,31,21,PRECISE,1235,PASS,0/1,P026
19,27533296,DUP00000043,DUP,29052084,19,29052084,1518788,9,11,PRECISE,525,PASS,1/1,P026
19,29052085,DEL00000050,DEL,45116000,19,45116000,-16063915,23,14,PRECISE,847,PASS,0/1,P026
19,45116001,DEL00000051,DEL,45943875,19,45943875,-827874,8,21,PRECISE,663,PASS,0/1,P026
19,45943876,DUP00000044,DUP,49393693,19,49393693,3449817,28,20,PRECISE,1154,PASS,0/1,P026
19,49393694,DUP00000045,DUP,50057984,19,50057984,664290,25,17,PRECISE,979,PASS,1/1,P026
19,50057985,DEL00000052,DEL,50254655,19,50254655,-196670,38,16,PRECISE,1080,PASS,0/1,P026
19,50254656,DUP00000046,DUP,54500488,19,54500488,4245832,14,2,IMPRECISE,349,PASS,0/1,P026
19,54500489,DEL00000053,DEL,58617616,19,58617616,-4117127,39,1,IMPRECISE,840,PASS,0/1,P026
20,28100001,DUP00000047,DUP,64444167,20,64444167,36344166,4,3,IMPRECISE,292,PASS,1/1,P026
21,5848369,DEL00000054,DEL,7309197,21,7309197,-1460828,28,0,IMPRECISE,758,PASS,0/1,P026
21,7309198,DUP00000048,DUP,12191982,21,12191982,4882784,16,6,PRECISE,509,PASS,0/1,P026
21,12191983,DEL00000055,DEL,24446134,21,24446134,-12254151,12,4,PRECISE,419,PASS,0/1,P026
21,24446135,DUP00000049,DUP,33399803,21,33399803,8953668,31,17,PRECISE,1028,PASS,0/1,P026
21,33399804,DEL00000056,DEL,40485636,21,40485636,-7085832,16,7,PRECISE,589,PASS,1/1,P026
21,40485637,DUP00000050,DUP,46709983,21,46709983,6224346,37,13,PRECISE,1178,PASS,1/1,P026
22,42206214,DUP00000051,DUP,45886744,22,45886744,3680530,29,6,PRECISE,716,PASS,0/1,P026
22,45886745,DEL00000057,DEL,50818468,22,50818468,-4931723,31,0,IMPRECISE,685,PASS,1/1,P026
X,127034250,DEL00000058,DEL,129018193,X,129018193,-1983943,11,4,PRECISE,339,PASS,0/1,P026
X,129018194,DUP00000052,DUP,156040895,X,156040895,27022701,37,6,PRECISE,905,PASS,0/1,P026
11,117934235,DEL00000059,DEL,120513801,11,120513801,-2579566,16,23,PRECISE,873,PASS,0/1,P026
8,67914073,DUP00000053,DUP,67979923,8,67979923,65850,38,5,PRECISE,1051,PASS,0/1,P026
2,48039538,BND00000001,BND,60597999,14,60597999,,5,12,PRECISE,397,PASS,0/1,P026
11,110383333,DEL00000060,DEL,110389254,11,110389254,-5921,17,21,PRECISE,942,PASS,0/1,P026
5,98326686,INS00000001,INS,98326687,5,98326687,5737,10,8,PRECISE,468,PASS,0/1,P026
19,39079523,INV00000001,INV,39528391,19,39528391,448868,38,6,PRECISE,1011,PASS,0/1,P026
21,10925300,INV00000002,INV,13184356,21,13184356,2259056,12,24,PRECISE,734,PASS,0/1,P026
16,84158886,DEL00000061,DEL,86717745,16,86717745,-2558859,22,0,IMPRECISE,618,PASS,1/1,P026
19,28560171,INS00000002,INS,28560172,19,28560172,3258,34,4,PRECISE,927,PASS,0/1,P026
11,96977091,DEL00000062,DEL,97305033,11,97305033,-327942,2,9,PRECISE,222,PASS,0/1,P026
12,100910087,DEL00000063,DEL,100920329,12,100920329,-10242,32,14,PRECISE,1100,PASS,1/1,P026
5,117361300,DEL00000064,DEL,117484541,5,117484541,-123241,27,7,PRECISE,854,PASS,0/1,P026
3,127972493,DEL00000065,DEL,129186382,3,129186382,-1213889,18,16,PRECISE,798,PASS,1/1,P026
X,80405860,DEL00000066,DEL,80407331,X,80407331,-1471,19,1,IMPRECISE,442,PASS,0/1,P026
6,130872395,INV00000003,INV,131500943,6,131500943,628548,23,6,PRECISE,754,PASS,1/1,P026
18,68864063,DEL00000067,DEL,69166236,18,69166236,-302173,15,23,PRECISE,788,PASS,0/1,P026
10,121645556,BND00000002,BND,4277686,6,4277686,,26,6,PRECISE,817,PASS,1/1,P026
12,38326139,DEL00000068,DEL,38541257,12,38541257,-215118,37,3,IMPRECISE,823,PASS,1/1,P026
X,152647713,DUP00000054,DUP,152778116,X,152778116,130403,35,13,PRECISE,986,PASS,0/1,P026
20,5159982,DEL00000069,DEL,5189846,20,5189846,-29864,15,23,PRECISE,945,PASS,0/1,P026
1,233891202,DUP00000055,DUP,233896934,1,233896934,5732,11,20,PRECISE,684,PASS,1/1,P026
11,55467345,DUP00000056,DUP,55851164,11,55851164,383819,18,1,IMPRECISE,472,PASS,0/1,P026
5,67916441,DUP00000057,DUP,67943074,5,67943074,26633,39,10,PRECISE,1151,PASS,0/1,P026
10,109158711,BND00000003,BND,38650758,16,38650758,,6,7,PRECISE,414,PASS,0/1,P026
5,71283881,INS00000003,INS,71283882,5,71283882,1130,30,9,PRECISE,954,PASS,1/1,P026
3,169168104,INV00000004,INV,169188264,3,169188264,20160,18,5,PRECISE,642,PASS,1/1,P026
6,125354806,DEL00000070,DEL,125457043,6,125457043,-102237,27,16,PRECISE,882,PASS,0/1,P026
17,32316227,INV00000005,INV,32736181,17,32736181,419954,10,5,PRECISE,419,PASS,0/1,P026
8,134831564,INS00000004,INS,134831565,8,134831565,3436,38,20,PRECISE,1312,PASS,0/1,P026
9,119770105,INS00000005,INS,119770106,9,119770106,4183,9,13,PRECISE,570,PASS,0/1,P026
22,4537001,DEL00000071,DEL,4680112,22,4680112,-143111,33,3,IMPRECISE,734,PASS,0/1,P026
18,42464086,INV00000006,INV,42565167,18,42565167,101081,9,15,PRECISE,667,PASS,0/1,P026
7,93927438,DEL00000072,DEL,93928881,7,93928881,-1443,22,8,PRECISE,733,PASS,0/1,P026
10,90759758,INS00000006,INS,90759759,10,90759759,1674,20,3,IMPRECISE,599,PASS,0/1,P026
14,22157165,DEL00000073,DEL,22173272,14,22173272,-16107,19,21,PRECISE,816,PASS,0/1,P026
3,12281514,DEL00000074,DEL,12282345,3,12282345,-831,38,22,PRECISE,1390,PASS,0/1,P026
14,53016879,DUP00000058,DUP,53117149,14,53117149,100270,33,8,PRECISE,858,PASS,0/1,P026
5,97529210,DUP00000059,DUP,97550502,5,97550502,21292,4,6,PRECISE,279,PASS,1/1,P026
14,21164188,DUP00000060,DUP,21353793,14,21353793,189605,4,15,PRECISE,563,PASS,1/1,P026
14,31406115,INV00000007,INV,32288970,14,32288970,882855,6,8,PRECISE,410,PASS,0/1,P026
15,96714155,DEL00000075,DEL,98932366,15,98932366,-2218211,24,17,PRECISE,992,PASS,1/1,P026
14,17643966,INV00000008,INV,20472206,14,20472206,2828240,36,20,PRECISE,1188,PASS,0/1,P026
18,60739154,DEL00000076,DEL,60792376,18,60792376,-53222,22,21,PRECISE,889,PASS,0/1,P026
13,24117359,DEL00000077,DEL,24118453,13,24118453,-1094,33,4,PRECISE,746,PASS,0/1,P026
22,24813140,DEL00000078,DEL,24815697,22,24815697,-2557,7,2,IMPRECISE,204,PASS,1/1,P026
19,35109903,INV00000009,INV,35822918,19,35822918,713015,7,20,PRECISE,595,PASS,0/1,P026
1,187251133,INS00000007,INS,187251134,1,187251134,1344,1,4,PRECISE,164,LowQual,0/1,P026
12,103864838,INS00000008,INS,103864839,12,103864839,941,7,19,PRECISE,614,PASS,1/1,P026
16,30392745,DEL00000079,DEL,30407726,16,30407726,-14981,20,3,IMPRECISE,627,PASS,1/1,P026
15,11511877,DEL00000080,DEL,11512753,15,11512753,-876,18,18,PRECISE,828,PASS,0/1,P026
2,143365152,BND00000004,BND,51345037,1,51345037,,12,5,PRECISE,481,PASS,0/1,P026
14,24290128,DEL00000081,DEL,24291657,14,24291657,-1529,37,20,PRECISE,1254,PASS,1/1,P026
10,62206895,DEL00000082,DEL,62221172,10,62221172,-14277,25,24,PRECISE,1083,PASS,0/1,P026
16,52474961,INV00000010,INV,52481589,16,52481589,6628,2,7,PRECISE,369,PASS,0/1,P026
1,91104702,DEL00000001,DEL,111091017,1,111091017,-19986315,6,2,IMPRECISE,240,PASS,1/1,P027
1,111091018,DUP00000001,DUP,122015855,1,122015855,10924837,10,15,PRECISE,587,PASS,1/1,P027
1,122015856,DEL00000002,DEL,122588622,1,122588622,-572766,39,5,PRECISE,994,PASS,0/1,P027
1,192005869,DEL00000003,DEL,194083254,1,194083254,-2077385,38,13,PRECISE,1206,PASS,1/1,P027
2,43232182,DEL00000004,DEL,44701480,2,44701480,-1469298,34,16,PRECISE,1045,PASS,1/1,P027
4,171080697,DEL00000005,DEL,171269232,4,171269232,-188535,29,18,PRECISE,964,PASS,0/1,P027
4,171269233,DUP00000002,DUP,178160195,4,178160195,6890962,6,13,PRECISE,476,PASS,1/1,P027
4,178160196,DEL00000006,DEL,178799827,4,178799827,-639631,12,1,IMPRECISE,302,PASS,1/1,P027
4,178799828,DUP00000003,DUP,190214555,4,190214555,11414727,4,19,PRECISE,545,PASS,1/1,P027
5,125811194,DUP00000004,DUP,128097235,5,128097235,2286041,1,16,PRECISE,380,PASS,0/1,P027
5,128097236,DEL00000007,DEL,144188916,5,144188916,-16091680,1,13,PRECISE,427,PASS,0/1,P027
5,144188917,DEL00000008,DEL,151834453,5,151834453,-7645536,25,17,PRECISE,969,PASS,0/1,P027
5,151834454,DUP00000005,DUP,172874221,5,172874221,21039767,18,8,PRECISE,703,PASS,0/1,P027
5,172874222,DEL00000009,DEL,181538259,5,181538259,-8664037,34,16,PRECISE,1190,PASS,1/1,P027
6,28418168,DUP00000006,DUP,29649488,6,29649488,1231320,16,12,PRECISE,625,PASS,0/1,P027
9,9287883,DEL00000010,DEL,9597480,9,9597480,-309597,4,16,PRECISE,496,PASS,0/1,P027
10,29571720,DUP00000007,DUP,29988212,10,29988212,416492,40,22,PRECISE,1353,PASS,0/1,P027
10,29988213,DEL00000011,DEL,51895274,10,51895274,-21907061,4,18,PRECISE,629,PASS,0/1,P027
10,51895275,DUP00000008,DUP,59117714,10,59117714,7222439,1,8,PRECISE,299,PASS,0/1,P027
10,59117715,DEL00000012,DEL,60150875,10,60150875,-1033160,14,20,PRECISE,687,PASS,0/1,P027
10,60150876,DUP00000009,DUP,74153243,10,74153243,14002367,11,25,PRECISE,888,PASS,0/1,P027
12,82990445,DUP00000010,DUP,83356975,12,83356975,366530,26,6,PRECISE,650,PASS,0/1,P027
12,83356976,DEL00000013,DEL,115903860,12,115903860,-32546884,0,10,PRECISE,311,PASS,0/1,P027
12,115903861,DUP00000011,DUP,128243051,12,128243051,12339190,11,6,PRECISE,394,PASS,0/1,P027
12,128243052,DEL00000014,DEL,133275309,12,133275309,-5032257,29,0,IMPRECISE,688,PASS,0/1,P027
13,78944026,DUP00000012,DUP,112949996,13,112949996,34005970,1,9,PRECISE,385,PASS,0/1,P027
13,112949997,DEL00000015,DEL,114364328,13,114364328,-1414331,20,11,PRECISE,743,PASS,0/1,P027
14,12790021,DEL00000016,DEL,44718313,14,44718313,-31928292,8,5,PRECISE,306,PASS,0/1,P027
14,44718314,DUP00000013,DUP,62358634,14,62358634,17640320,38,20,PRECISE,1274,PASS,0/1,P027
14,62358635,DEL00000017,DEL,62632199,14,62632199,-273564,3,7,PRECISE,274,PASS,0/1,P027
14,62632200,DUP00000014,DUP,107043718,14,107043718,44411518,7,24,PRECISE,671,PASS,0/1,P027
15,43220447,DEL00000018,DEL,43573872,15,43573872,-353425,5,9,PRECISE,453,PASS,0/1,P027
15,43573873,DUP00000015,DUP,52579130,15,52579130,9005257,9,17,PRECISE,650,PASS,1/1,P027
15,52579131,DEL00000019,DEL,60468288,15,60468288,-7889157,15,13,PRECISE,638,PASS,0/1,P027
15,60468289,DUP00000016,DUP,87746871,15,87746871,27278582,1,7,PRECISE,347,PASS,0/1,P027
15,87746872,DUP00000017,DUP,101991189,15,101991189,14244317,30,15,PRECISE,996,PASS,0/1,P027
16,78303172,DEL00000020,DEL,80664663,16,80664663,-2361491,17,1,IMPRECISE,553,PASS,0/1,P027
16,80664664,DUP00000018,DUP,90338345,16,90338345,9673681,8,1,IMPRECISE,321,PASS,1/1,P027
18,20232014,DEL00000021,DEL,20472899,18,20472899,-240885,11,14,PRECISE,573,PASS,1/1,P027
18,20472900,DUP00000019,DUP,46911435,18,46911435,26438535,13,21,PRECISE,727,PASS,0/1,P027
18,46911436,DEL00000022,DEL,50747949,18,50747949,-3836513,4,11,PRECISE,341,PASS,0/1,P027
18,50747950,DUP00000020,DUP,58044994,18,58044994,7297044,15,7,PRECISE,541,PASS,0/1,P027
18,58044995,DUP00000021,DUP,58654152,18,58654152,609157,18,20,PRECISE,828,PASS,0/1,P027
18,58654153,DEL00000023,DEL,80373285,18,80373285,-21719132,19,23,PRECISE,906,PASS,0/1,P027
19,51463209,DEL00000024,DEL,53084256,19,53084256,-1621047,13,7,PRECISE,439,PASS,0/1,P027
19,53084257,DUP00000022,DUP,58617616,19,58617616,5533359,17,25,PRECISE,907,PASS,0/1,P027
21,23064643,DEL00000025,DEL,24601265,21,24601265,-1536622,37,21,PRECISE,1237,PASS,1/1,P027
21,24601266,DUP00000023,DUP,34143892,21,34143892,9542626,1,12,PRECISE,338,PASS,0/1,P027
21,34143893,DEL00000026,DEL,40713040,21,40713040,-6569147,23,4,PRECISE,540,PASS,0/1,P027
21,40713041,DUP00000024,DUP,42210843,21,42210843,1497802,12,10,PRECISE,464,PASS,0/1,P027
21,42210844,DEL00000027,DEL,46709983,21,46709983,-4499139,4,23,PRECISE,616,PASS,0/1,P027
22,5761580,DEL00000028,DEL,24411643,22,24411643,-18650063,6,11,PRECISE,416,PASS,1/1,P027
22,24411644,DUP00000025,DUP,29635560,22,29635560,5223916,36,17,PRECISE,1111,PASS,0/1,P027
22,29635561,DEL00000029,DEL,30008679,22,30008679,-373118,2,6,PRECISE,335,PASS,0/1,P027
22,30008680,DUP00000026,DUP,50818468,22,50818468,20809788,16,20,PRECISE,815,PASS,1/1,P027
7,118567296,BND00000001,BND,136335651,9,136335651,,25,25,PRECISE,1035,PASS,1/1,P027
10,64556069,BND00000002,BND,108877871,12,108877871,,20,18,PRECISE,778,PASS,0/1,P027
2,122258800,DUP00000027,DUP,122488533,2,122488533,229733,29,25,PRECISE,1256,PASS,1/1,P027
3,36951425,DUP00000028,DUP,36952456,3,36952456,1031,3,11,PRECISE,319,PASS,0/1,P027
16,46855874,DUP00000029,DUP,48059481,16,48059481,1203607,40,16,PRECISE,1301,PASS,0/1,P027
21,14951760,DEL00000030,DEL,14963123,21,14963123,-11363,39,3,IMPRECISE,894,PASS,0/1,P027
1,245522951,BND00000003,BND,56147411,16,56147411,,15,19,PRECISE,758,PASS,0/1,P027
9,7255467,INV00000001,INV,7256848,9,7256848,1381,15,23,PRECISE,862,PASS,0/1,P027
10,37180097,DEL00000031,DEL,37357875,10,37357875,-177778,40,14,PRECISE,1189,PASS,1/1,P027
19,23019732,INV00000002,INV,23039688,19,23039688,19956,13,14,PRECISE,722,PASS,1/1,P027
13,11294769,INS00000001,INS,11294770,13,11294770,3315,34,14,PRECISE,1012,PASS,1/1,P027
19,31806412,INS00000002,INS,31806413,19,31806413,2784,1,24,PRECISE,594,PASS,1/1,P027
5,73444403,BND00000004,BND,11943313,22,11943313,,24,18,PRECISE,869,PASS,0/1,P027
8,89556907,INS00000003,INS,89556908,8,89556908,5909,33,16,PRECISE,1003,PASS,1/1,P027
4,79439534,DUP00000030,DUP,80699492,4,80699492,1259958,4,15,PRECISE,399,PASS,0/1,P027
20,51864327,DEL00000032,DEL,51893966,20,51893966,-29639,27,1,IMPRECISE,758,PASS,0/1,P027
12,23853918,INV00000003,INV,23855755,12,23855755,1837,5,20,PRECISE,507,PASS,1/1,P027
3,113248087,DUP00000031,DUP,113265422,3,113265422,17335,19,2,IMPRECISE,523,PASS,1/1,P027
1,9760837,DEL00000033,DEL,9761704,1,9761704,-867,22,17,PRECISE,956,PASS,0/1,P027
17,24339139,INV00000004,INV,24355646,17,24355646,16507,19,4,PRECISE,468,PASS,0/1,P027
13,43474040,INS00000004,INS,43474041,13,43474041,2101,24,16,PRECISE,975,PASS,1/1,P027
X,58042222,DEL00000034,DEL,58089346,X,58089346,-47124,4,22,PRECISE,538,PASS,0/1,P027
8,47230856,INV00000005,INV,47234902,8,47234902,4046,11,2,IMPRECISE,400,PASS,1/1,P027
6,79847497,DEL00000035,DEL,79874505,6,79874505,-27008,27,23,PRECISE,1103,PASS,1/1,P027
6,61495184,DUP00000032,DUP,61600417,6,61600417,105233,20,7,PRECISE,619,PASS,0/1,P027
15,58948970,INV00000006,INV,59736824,15,59736824,787854,37,4,PRECISE,972,PASS,0/1,P027
21,5229974,INS00000005,INS,5229975,21,5229975,3134,6,9,PRECISE,351,PASS,1/1,P027
X,54215668,INV00000007,INV,59551747,X,59551747,5336079,5,9,PRECISE,343,PASS,0/1,P027
4,151203832,DUP00000033,DUP,151207292,4,151207292,3460,0,18,PRECISE,390,PASS,0/1,P027
7,95161430,DEL00000036,DEL,95165250,7,95165250,-3820,15,21,PRECISE,907,PASS,0/1,P027
11,1820112,INV00000008,INV,1821207,11,1821207,1095,29,18,PRECISE,1004,PASS,1/1,P027
3,117979661,BND00000005,BND,37414505,16,37414505,,28,13,PRECISE,845,PASS,0/1,P027
10,112062525,DEL00000037,DEL,112101614,10,112101614,-39089,2,9,PRECISE,281,PASS,0/1,P027
22,31443712,BND00000006,BND,47286388,13,47286388,,30,11,PRECISE,875,PASS,0/1,P027
22,25735893,DEL00000038,DEL,25955721,22,25955721,-219828,14,0,IMPRECISE,287,PASS,1/1,P027
1,8428024,DUP00000001,DUP,28532940,1,28532940,20104916,32,7,PRECISE,926,PASS,0/1,P028
1,28532941,DEL00000001,DEL,77785625,1,77785625,-49252684,23,3,IMPRECISE,709,PASS,0/1,P028
1,77785626,DUP00000002,DUP,96881541,1,96881541,19095915,6,24,PRECISE,700,PASS,0/1,P028
1,158947396,DEL00000002,DEL,161987316,1,161987316,-3039920,31,8,PRECISE,906,PASS,0/1,P028
1,237233267,DEL00000003,DEL,248956422,1,248956422,-11723155,12,0,IMPRECISE,265,PASS,0/1,P028
2,17182656,DEL00000004,DEL,19510433,2,19510433,-2327777,32,15,PRECISE,1111,PASS,1/1,P028
2,94399392,DEL00000005,DEL,103893919,2,103893919,-9494527,6,11,PRECISE,422,PASS,0/1,P028
2,103893920,DUP00000003,DUP,128487108,2,128487108,24593188,25,0,IMPRECISE,626,PASS,1/1,P028
2,128487109,DEL00000006,DEL,136069669,2,136069669,-7582560,6,6,PRECISE,408,PASS,0/1,P028
3,115971530,DUP00000004,DUP,153524882,3,153524882,37553352,23,25,PRECISE,984,PASS,1/1,P028
3,153524883,DEL00000007,DEL,156003026,3,156003026,-2478143,28,24,PRECISE,1228,PASS,1/1,P028
3,156003027,DEL00000008,DEL,161345036,3,161345036,-5342009,11,13,PRECISE,671,PASS,0/1,P028
3,161345037,DUP00000005,DUP,181550247,3,181550247,20205210,14,9,PRECISE,596,PASS,0/1,P028
3,181550248,DEL00000009,DEL,184661646,3,184661646,-3111398,20,21,PRECISE,863,PASS,0/1,P028
3,184661647,DUP00000006,DUP,198295559,3,198295559,13633912,20,0,IMPRECISE,546,PASS,0/1,P028
4,36844958,DEL00000010,DEL,49849635,4,49849635,-13004677,6,19,PRECISE,692,PASS,0/1,P028
4,49849636,DUP00000007,DUP,66179302,4,66179302,16329666,5,12,PRECISE,373,PASS,1/1,P028
4,66179303,DEL00000011,DEL,67541941,4,67541941,-1362638,25,24,PRECISE,1036,PASS,0/1,P028
4,67541942,DUP00000008,DUP,105636507,4,105636507,38094565,28,17,PRECISE,977,PASS,0/1,P028
4,105636508,DEL00000012,DEL,107498833,4,107498833,-1862325,33,2,IMPRECISE,870,PASS,1/1,P028
4,107498834,DUP00000009,DUP,108702113,4,108702113,1203279,25,11,PRECISE,914,PASS,0/1,P028
4,108702114,DUP00000010,DUP,125429673,4,125429673,16727559,13,9,PRECISE,569,PASS,1/1,P028
4,125429674,DEL00000013,DEL,153592527,4,153592527,-28162853,35,0,IMPRECISE,858,PASS,1/1,P028
4,153592528,DEL00000014,DEL,162066565,4,162066565,-8474037,12,21,PRECISE,814,PASS,0/1,P028
4,162066566,DUP00000011,DUP,187534588,4,187534588,25468022,29,7,PRECISE,882,PASS,0/1,P028
4,187534589,DEL00000015,DEL,190214555,4,190214555,-2679966,25,15,PRECISE,933,PASS,0/1,P028
5,96249238,DEL00000016,DEL,97272322,5,97272322,-1023084,6,13,PRECISE,441,PASS,0/1,P028
6,14233326,DUP00000012,DUP,15149616,6,15149616,916290,15,18,PRECISE,852,PASS,0/1,P028
6,15149617,DEL00000017,DEL,58011673,6,58011673,-42862056,10,10,PRECISE,514,PASS,1/1,P028
6,58011674,DEL00000018,DEL,73294345,6,73294345,-15282671,30,10,PRECISE,975,PASS,0/1,P028
6,73294346,DUP00000013,DUP,91413326,6,91413326,18118980,28,23,PRECISE,1170,PASS,0/1,P028
6,91413327,DEL00000019,DEL,94466714,6,94466714,-3053387,16,22,PRECISE,918,PASS,1/1,P028
6,94466715,DUP00000014,DUP,112320708,6,112320708,17853993,10,23,PRECISE,698,PASS,0/1,P028
6,112320709,DUP00000015,DUP,114482625,6,114482625,2161916,1,24,PRECISE,627,PASS,0/1,P028
6,114482626,DEL00000020,DEL,130196643,6,130196643,-15714017,3,7,PRECISE,396,PASS,1/1,P028
6,130196644,DEL00000021,DEL,130616353,6,130616353,-419709,5,25,PRECISE,637,PASS,0/1,P028
6,130616354,DUP00000016,DUP,134799699,6,134799699,4183345,22,5,PRECISE,565,PASS,0/1,P028
6,134799700,DEL00000022,DEL,135476181,6,135476181,-676481,21,3,IMPRECISE,517,PASS,0/1,P028
6,135476182,DUP00000017,DUP,170805979,6,170805979,35329797,29,22,PRECISE,1111,PASS,1/1,P028
7,14631000,DUP00000018,DUP,27135584,7,27135584,12504584,7,15,PRECISE,612,PASS,1/1,P028
7,27135585,DEL00000023,DEL,65896109,7,65896109,-38760524,9,16,PRECISE,577,PASS,1/1,P028
7,65896110,DEL00000024,DEL,67523501,7,67523501,-1627391,28,16,PRECISE,898,PASS,0/1,P028
7,121681347,DEL00000025,DEL,123723161,7,123723161,-2041814,39,14,PRECISE,1256,PASS,0/1,P028
7,123723162,DUP00000019,DUP,133985908,7,133985908,10262746,13,5,PRECISE,547,PASS,0/1,P028
7,133985909,DUP00000020,DUP,134778667,7,134778667,792758,13,11,PRECISE,633,PASS,0/1,P028
7,134778668,DEL00000026,DEL,141257567,7,141257567,-6478899,23,9,PRECISE,720,PASS,0/1,P028
7,141257568,DEL00000027,DEL,158552864,7,158552864,-17295296,22,11,PRECISE,671,PASS,1/1,P028
7,158552865,DUP00000021,DUP,159345973,7,159345973,793108,2,16,PRECISE,445,PASS,0/1,P028
8,34438762,DUP00000022,DUP,46879784,8,46879784,12441022,13,18,PRECISE,775,PASS,1/1,P028
8,46879785,DEL00000028,DEL,84754539,8,84754539,-37874754,39,21,PRECISE,1379,PASS,0/1,P028
8,84754540,DEL00000029,DEL,102030935,8,102030935,-17276395,9,12,PRECISE,451,PASS,0/1,P028
8,102030936,DUP00000023,DUP,145138636,8,145138636,43107700,34,24,PRECISE,1329,PASS,0/1,P028
9,3462272,DUP00000024,DUP,19288234,9,19288234,15825962,40,14,PRECISE,1135,PASS,0/1,P028
9,74945797,DEL00000030,DEL,86193518,9,86193518,-11247721,3,7,PRECISE,244,PASS,0/1,P028
9,86193519,DUP00000025,DUP,114134844,9,114134844,27941325,14,14,PRECISE,603,PASS,1/1,P028
9,114134845,DUP00000026,DUP,118336000,9,118336000,4201155,28,15,PRECISE,1041,PASS,0/1,P028
9,118336001,DEL00000031,DEL,138394717,9,138394717,-20058716,7,0,IMPRECISE,276,PASS,0/1,P028
10,14884368,DUP00000027,DUP,16684170,10,16684170,1799802,5,13,PRECISE,458,PASS,1/1,P028
10,16684171,DEL00000032,DEL,51625522,10,51625522,-34941351,5,4,PRECISE,369,PASS,0/1,P028
10,51625523,DEL00000033,DEL,52349999,10,52349999,-724476,20,7,PRECISE,604,PASS,0/1,P028
11,42768131,DEL00000034,DEL,55982530,11,55982530,-13214399,20,17,PRECISE,767,PASS,0/1,P028
11,128004563,DEL00000035,DEL,130502808,11,130502808,-2498245,28,16,PRECISE,882,PASS,1/1,P028
11,130502809,DUP00000028,DUP,135086622,11,135086622,4583813,7,3,IMPRECISE,226,PASS,0/1,P028
12,17405865,DEL00000036,DEL,17738309,12,17738309,-332444,37,7,PRECISE,967,PASS,0/1,P028
12,17738310,DUP00000029,DUP,29819214,12,29819214,12080904,25,7,PRECISE,778,PASS,0/1,P028
12,29819215,DEL00000037,DEL,30712063,12,30712063,-892848,21,8,PRECISE,628,PASS,0/1,P028
12,112771064,DUP00000030,DUP,113454408,12,113454408,683344,10,19,PRECISE,727,PASS,0/1,P028
12,113454409,DEL00000038,DEL,133275309,12,133275309,-19820900,16,4,PRECISE,529,PASS,0/1,P028
13,14019228,DUP00000031,DUP,15875101,13,15875101,1855873,37,21,PRECISE,1353,PASS,0/1,P028
13,15875102,DEL00000039,DEL,33872356,13,33872356,-17997254,1,24,PRECISE,683,PASS,0/1,P028
13,33872357,DUP00000032,DUP,34292954,13,34292954,420597,15,23,PRECISE,806,PASS,0/1,P028
13,34292955,DEL00000040,DEL,45119952,13,45119952,-10826997,39,23,PRECISE,1240,PASS,0/1,P028
13,45119953,DUP00000033,DUP,45662870,13,45662870,542917,21,8,PRECISE,740,PASS,1/1,P028
13,45662871,DEL00000041,DEL,48690665,13,48690665,-3027794,4,6,PRECISE,314,PASS,0/1,P028
13,48690666,DUP00000034,DUP,63184959,13,63184959,14494293,12,10,PRECISE,522,PASS,0/1,P028
13,63184960,DEL00000042,DEL,67077422,13,67077422,-3892462,35,9,PRECISE,1052,PASS,0/1,P028
13,67077423,DUP00000035,DUP,69353615,13,69353615,2276192,34,7,PRECISE,884,PASS,0/1,P028
13,69353616,DEL00000043,DEL,114364328,13,114364328,-45010712,3,4,PRECISE,169,PASS,0/1,P028
14,29088137,DEL00000044,DEL,35425553,14,35425553,-6337416,37,20,PRECISE,1285,PASS,0/1,P028
15,13878038,DEL00000045,DEL,42693555,15,42693555,-28815517,10,20,PRECISE,637,PASS,1/1,P028
15,42693556,DUP00000036,DUP,63914926,15,63914926,21221370,38,21,PRECISE,1367,PASS,1/1,P028
15,63914927,DUP00000037,DUP,80671510,15,80671510,16756583,33,11,PRECISE,961,PASS,0/1,P028
15,80671511,DEL00000046,DEL,101991189,15,101991189,-21319678,13,0,IMPRECISE,375,PASS,0/1,P028
16,26367766,DUP00000038,DUP,28435346,16,28435346,2067580,25,16,PRECISE,1005,PASS,0/1,P028
16,28435347,DEL00000047,DEL,35376329,16,35376329,-6940982,31,20,PRECISE,1195,PASS,0/1,P028
16,35376330,DUP00000039,DUP,41879237,16,41879237,6502907,32,1,IMPRECISE,771,PASS,0/1,P028
16,41879238,DEL00000048,DEL,66589110,16,66589110,-24709872,14,3,IMPRECISE,493,PASS,0/1,P028
16,66589111,DUP00000040,DUP,67430920,16,67430920,841809,23,1,IMPRECISE,574,PASS,1/1,P028
16,67430921,DEL00000049,DEL,90338345,16,90338345,-22907424,12,18,PRECISE,680,PASS,0/1,P028
17,8260938,DUP00000041,DUP,9262038,17,9262038,1001100,4,15,PRECISE,420,PASS,1/1,P028
17,9262039,DEL00000050,DEL,25100000,17,25100000,-15837961,4,3,IMPRECISE,245,PASS,0/1,P028
17,25100001,DUP00000042,DUP,25863531,17,25863531,763530,33,4,PRECISE,867,PASS,0/1,P028
17,25863532,DUP00000043,DUP,30524250,17,30524250,4660718,20,0,IMPRECISE,477,PASS,1/1,P028
17,30524251,DEL00000051,DEL,69233392,17,69233392,-38709141,29,8,PRECISE,773,PASS,0/1,P028
17,69233393,DUP00000044,DUP,73292455,17,73292455,4059062,26,21,PRECISE,980,PASS,0/1,P028
17,73292456,DUP00000045,DUP,82491355,17,82491355,9198899,2,13,PRECISE,492,PASS,0/1,P028
17,82491356,DEL00000052,DEL,83257441,17,83257441,-766085,36,7,PRECISE,932,PASS,0/1,P028
18,2456833,DEL00000053,DEL,6736461,18,6736461,-4279628,6,17,PRECISE,521,PASS,0/1,P028
18,66335114,DEL00000054,DEL,69166986,18,69166986,-2831872,32,16,PRECISE,998,PASS,0/1,P028
18,69166987,DUP00000046,DUP,75935699,18,75935699,6768712,15,15,PRECISE,699,PASS,0/1,P028
18,75935700,DEL00000055,DEL,77790275,18,77790275,-1854575,0,13,PRECISE,410,PASS,0/1,P028
18,77790276,DUP00000047,DUP,80373285,18,80373285,2583009,0,8,PRECISE,190,PASS,1/1,P028
19,5234277,DEL00000056,DEL,16725556,19,16725556,-11491279,33,12,PRECISE,1083,PASS,0/1,P028
19,16725557,DUP00000048,DUP,17316273,19,17316273,590716,29,13,PRECISE,890,PASS,0/1,P028
19,17316274,DEL00000057,DEL,18758056,19,18758056,-1441782,32,1,IMPRECISE,855,PASS,0/1,P028
19,18758057,DUP00000049,DUP,29181213,19,29181213,10423156,19,16,PRECISE,784,PASS,0/1,P028
19,29181214,DUP00000050,DUP,58617616,19,58617616,29436402,39,13,PRECISE,1199,PASS,0/1,P028
20,1720482,DEL00000058,DEL,2859316,20,2859316,-1138834,30,18,PRECISE,983,PASS,0/1,P028
20,2859317,DUP00000051,DUP,4358985,20,4358985,1499668,9,0,IMPRECISE,380,PASS,0/1,P028
20,4358986,DUP00000052,DUP,4983963,20,4983963,624977,18,20,PRECISE,899,PASS,1/1,P028
20,4983964,DEL00000059,DEL,28100000,20,28100000,-23116036,16,20,PRECISE,848,PASS,1/1,P028
20,28100001,DUP00000053,DUP,28872420,20,28872420,772419,37,12,PRECISE,1124,PASS,0/1,P028
20,28872421,DEL00000060,DEL,30758639,20,30758639,-1886218,5,25,PRECISE,617,PASS,0/1,P028
20,30758640,DUP00000054,DUP,64444167,20,64444167,33685527,6,13,PRECISE,483,PASS,0/1,P028
21,22345393,DUP00000055,DUP,22923835,21,22923835,578442,32,7,PRECISE,828,PASS,0/1,P028
21,22923836,DEL00000061,DEL,29316106,21,29316106,-6392270,26,25,PRECISE,1068,PASS,0/1,P028
21,29316107,DUP00000056,DUP,37334885,21,37334885,8018778,24,12,PRECISE,739,PASS,1/1,P028
21,37334886,DEL00000062,DEL,46709983,21,46709983,-9375097,5,11,PRECISE,458,PASS,0/1,P028
22,2132648,DUP00000057,DUP,3921845,22,3921845,1789197,26,12,PRECISE,940,PASS,0/1,P028
22,3921846,DEL00000063,DEL,10079774,22,10079774,-6157928,9,19,PRECISE,636,PASS,1/1,P028
22,10079775,DEL00000064,DEL,11185030,22,11185030,-1105255,4,19,PRECISE,644,PASS,0/1,P028
22,11185031,DUP00000058,DUP,29175867,22,29175867,17990836,10,12,PRECISE,594,PASS,1/1,P028
22,29175868,DUP00000059,DUP,29492749,22,29492749,316881,22,0,IMPRECISE,613,PASS,0/1,P028
22,29492750,DEL00000065,DEL,32187497,22,32187497,-2694747,39,6,PRECISE,903,PASS,1/1,P028
22,32187498,DUP00000060,DUP,37356795,22,37356795,5169297,16,24,PRECISE,852,PASS,0/1,P028
22,37356796,DEL00000066,DEL,41158296,22,41158296,-3801500,21,19,PRECISE,862,PASS,0/1,P028
22,41158297,DEL00000067,DEL,42421333,22,42421333,-1263036,4,19,PRECISE,653,PASS,0/1,P028
22,42421334,DUP00000061,DUP,50818468,22,50818468,8397134,6,20,PRECISE,591,PASS,0/1,P028
11,117147668,DEL00000068,DEL,117185870,11,117185870,-38202,19,25,PRECISE,957,PASS,0/1,P028
4,98094875,BND00000001,BND,40465936,8,40465936,,11,0,IMPRECISE,396,PASS,0/1,P028
4,73900763,DEL00000069,DEL,73903044,4,73903044,-2281,14,21,PRECISE,899,PASS,1/1,P028
2,35358870,DEL00000070,DEL,35958474,2,35958474,-599604,5,0,IMPRECISE,139,LowQual,0/1,P028
18,2189150,INS00000001,INS,2189151,18,2189151,2633,7,4,PRECISE,368,PASS,1/1,P028
12,64999350,BND00000002,BND,154152461,7,154152461,,40,1,IMPRECISE,879,PASS,0/1,P028
7,51129035,BND00000003,BND,2577765,21,2577765,,21,12,PRECISE,698,PASS,0/1,P028
3,87323673,INV00000001,INV,88331800,3,88331800,1008127,22,22,PRECISE,1026,PASS,0/1,P028
1,147912717,DEL00000071,DEL,149382379,1,149382379,-1469662,12,0,IMPRECISE,419,PASS,0/1,P028
6,74607245,INV00000002,INV,74616362,6,74616362,9117,7,8,PRECISE,345,PASS,0/1,P028
19,23618218,DEL00000072,DEL,23618766,19,23618766,-548,18,19,PRECISE,874,PASS,0/1,P028
4,138261750,DUP00000062,DUP,138271655,4,138271655,9905,34,10,PRECISE,960,PASS,0/1,P028
20,55178884,DUP00000063,DUP,55180642,20,55180642,1758,39,20,PRECISE,1355,PASS,0/1,P028
17,39028030,BND00000004,BND,53742061,17,53742061,,23,13,PRECISE,839,PASS,0/1,P028
4,27900575,BND00000005,BND,68129298,12,68129298,,0,6,PRECISE,194,PASS,0/1,P028
20,58087007,DUP00000064,DUP,58497510,20,58497510,410503,39,8,PRECISE,1062,PASS,0/1,P028
16,44015947,INS00000002,INS,44015948,16,44015948,813,14,5,PRECISE,468,PASS,0/1,P028
17,39841762,INS00000003,INS,39841763,17,39841763,427,12,2,IMPRECISE,459,PASS,0/1,P028
9,117112390,INV00000003,INV,117605716,9,117605716,493326,13,15,PRECISE,753,PASS,0/1,P028
4,51086277,DEL00000073,DEL,51131160,4,51131160,-44883,25,25,PRECISE,1139,PASS,0/1,P028
X,20928059,DUP00000065,DUP,20939578,X,20939578,11519,34,24,PRECISE,1292,PASS,0/1,P028
9,50847078,DEL00000074,DEL,50847574,9,50847574,-496,4,2,IMPRECISE,161,PASS,0/1,P028
20,33096282,DUP00000066,DUP,33103080,20,33103080,6798,0,13,PRECISE,284,PASS,0/1,P028
18,31310453,DEL00000075,DEL,31326497,18,31326497,-16044,1,3,IMPRECISE,155,LowQual,0/1,P028
7,134506389,INV00000004,INV,134510395,7,134510395,4006,28,8,PRECISE,879,PASS,1/1,P028
10,54735640,DUP00000067,DUP,55086198,10,55086198,350558,16,19,PRECISE,743,PASS,1/1,P028
13,76265706,DUP00000068,DUP,78096985,13,78096985,1831279,22,0,IMPRECISE,508,PASS,0/1,P028
4,19020775,DEL00000076,DEL,19021613,4,19021613,-838,15,17,PRECISE,745,PASS,0/1,P028
19,14065361,DEL00000077,DEL,16669029,19,16669029,-2603668,35,19,PRECISE,1208,PASS,0/1,P028
18,70042965,DUP00000069,DUP,70399163,18,70399163,356198,37,9,PRECISE,945,PASS,1/1,P028
4,102871536,INV00000005,INV,102940999,4,102940999,69463,33,11,PRECISE,1050,PASS,1/1,P028
13,42750918,INV00000006,INV,42760829,13,42760829,9911,22,19,PRECISE,904,PASS,0/1,P028
15,15766776,DUP00000070,DUP,16567510,15,16567510,800734,22,23,PRECISE,905,PASS,1/1,P028
9,20281134,INV00000007,INV,21029501,9,21029501,748367,14,14,PRECISE,613,PASS,0/1,P028
21,11758991,INV00000008,INV,15468401,21,15468401,3709410,15,6,PRECISE,562,PASS,0/1,P028
5,137131640,DEL00000078,DEL,137132101,5,137132101,-461,20,3,IMPRECISE,536,PASS,0/1,P028
17,67534871,DEL00000079,DEL,67540312,17,67540312,-5441,10,11,PRECISE,606,PASS,0/1,P028
3,49236693,DUP00000071,DUP,49624440,3,49624440,387747,27,3,IMPRECISE,754,PASS,0/1,P028
20,32756168,BND00000006,BND,55821291,16,55821291,,16,24,PRECISE,824,PASS,0/1,P028
20,13404941,INV00000009,INV,13471566,20,13471566,66625,25,8,PRECISE,791,PASS,0/1,P028
10,110713887,DEL00000080,DEL,110715209,10,110715209,-1322,39,4,PRECISE,908,PASS,0/1,P028
3,188157839,INV00000010,INV,188188940,3,188188940,31101,27,0,IMPRECISE,735,PASS,0/1,P028
1,215431767,INS00000004,INS,215431768,1,215431768,2110,14,8,PRECISE,573,PASS,0/1,P028
22,42447333,DEL00000081,DEL,42552840,22,42552840,-105507,35,15,PRECISE,1006,PASS,0/1,P028
7,44304223,INV00000011,INV,44355685,7,44355685,51462,0,25,PRECISE,625,PASS,0/1,P028
13,43566603,INV00000012,INV,44330389,13,44330389,763786,19,13,PRECISE,814,PASS,0/1,P028
6,141065522,DEL00000082,DEL,141381433,6,141381433,-315911,38,15,PRECISE,1154,PASS,1/1,P028
20,42421184,DEL00000083,DEL,43139570,20,43139570,-718386,36,24,PRECISE,1378,PASS,0/1,P028
15,48554287,DUP00000072,DUP,48557002,15,48557002,2715,1,11,PRECISE,298,PASS,0/1,P028
1,65518533,DUP00000073,DUP,65600351,1,65600351,81818,5,20,PRECISE,524,PASS,0/1,P028
9,113462666,BND00000007,BND,40844580,3,40844580,,33,8,PRECISE,842,PASS,0/1,P028
6,134562320,DEL00000084,DEL,134615700,6,134615700,-53380,13,14,PRECISE,604,PASS,1/1,P028
12,25670288,BND00000008,BND,82628948,2,82628948,,21,20,PRECISE,888,PASS,0/1,P028
17,76609609,DEL00000085,DEL,76744911,17,76744911,-135302,11,6,PRECISE,453,PASS,0/1,P028
11,129503931,DEL00000086,DEL,129597255,11,129597255,-93324,22,9,PRECISE,786,PASS,0/1,P028
1,72479928,DEL00000087,DEL,72535994,1,72535994,-56066,8,24,PRECISE,814,PASS,0/1,P028
15,9474828,INS00000005,INS,9474829,15,9474829,1917,1,4,PRECISE,174,LowQual,0/1,P028
16,77771279,DEL00000088,DEL,77776203,16,77776203,-4924,11,22,PRECISE,673,PASS,1/1,P028
18,7609762,INV00000013,INV,8531489,18,8531489,921727,19,23,PRECISE,996,PASS,1/1,P028
7,151073636,INS00000006,INS,151073637,7,151073637,2498,18,14,PRECISE,788,PASS,1/1,P028
15,36380472,INV00000014,INV,36444295,15,36444295,63823,28,10,PRECISE,871,PASS,1/1,P028
19,52329566,BND00000009,BND,1020713,19,1020713,,33,14,PRECISE,956,PASS,0/1,P028
7,73620479,INV00000015,INV,74226223,7,74226223,605744,21,16,PRECISE,869,PASS,0/1,P028
2,41731299,DEL00000089,DEL,42176831,2,42176831,-445532,34,13,PRECISE,1010,PASS,0/1,P028
11,18274382,INV00000016,INV,18282004,11,18282004,7622,7,19,PRECISE,674,PASS,0/1,P028
19,33526155,BND00000010,BND,54832653,2,54832653,,22,23,PRECISE,1007,PASS,1/1,P028
5,122043032,INS00000007,INS,122043033,5,122043033,4398,8,18,PRECISE,524,PASS,1/1,P028
20,38125799,INV00000017,INV,38222625,20,38222625,96826,19,13,PRECISE,645,PASS,0/1,P028
3,31941124,BND00000011,BND,158474358,3,158474358,,26,25,PRECISE,1059,PASS,0/1,P028
15,31157846,BND00000012,BND,100774615,5,100774615,,32,13,PRECISE,968,PASS,1/1,P028
13,112022004,DUP00000074,DUP,112446516,13,112446516,424512,30,11,PRECISE,970,PASS,0/1,P028
1,126813636,INV00000018,INV,127006167,1,127006167,192531,39,2,IMPRECISE,987,PASS,1/1,P028
18,41858092,DEL00000090,DEL,43248980,18,43248980,-1390888,23,4,PRECISE,702,PASS,0/1,P028
18,50971688,DEL00000091,DEL,53647311,18,53647311,-2675623,28,24,PRECISE,1112,PASS,0/1,P028
8,70939580,DUP00000075,DUP,73087730,8,73087730,2148150,5,24,PRECISE,637,PASS,1/1,P028
11,18890117,DUP00000076,DUP,19407857,11,19407857,517740,40,11,PRECISE,1156,PASS,1/1,P028
X,59507652,INS00000008,INS,59507653,X,59507653,5172,3,0,IMPRECISE,236,LowQual,0/1,P028
10,17901519,DEL00000092,DEL,20959406,10,20959406,-3057887,0,10,PRECISE,249,PASS,0/1,P028
11,17468302,BND00000013,BND,25582485,19,25582485,,13,16,PRECISE,609,PASS,0/1,P028
20,60373034,DEL00000093,DEL,60376634,20,60376634,-3600,40,10,PRECISE,1110,PASS,0/1,P028
18,7954910,DEL00000094,DEL,7956151,18,7956151,-1241,22,21,PRECISE,927,PASS,0/1,P028
12,33769512,DEL00000095,DEL,33770728,12,33770728,-1216,36,23,PRECISE,1221,PASS,0/1,P028
1,20285081,DUP00000001,DUP,21521807,1,21521807,1236726,15,25,PRECISE,883,PASS,0/1,P029
1,224829874,DEL00000001,DEL,225416906,1,225416906,-587032,0,14,PRECISE,394,PASS,0/1,P029
1,225416907,DUP00000002,DUP,248956422,1,248956422,23539515,30,12,PRECISE,858,PASS,0/1,P029
2,168651044,DEL00000002,DEL,170265735,2,170265735,-1614691,28,17,PRECISE,935,PASS,0/1,P029
2,170265736,DUP00000003,DUP,199128390,2,199128390,28862654,27,12,PRECISE,910,PASS,0/1,P029
2,199128391,DUP00000004,DUP,200423439,2,200423439,1295048,12,22,PRECISE,851,PASS,0/1,P029
2,200423440,DEL00000003,DEL,242193529,2,242193529,-41770089,40,0,IMPRECISE,889,PASS,1/1,P029
3,15283254,DEL00000004,DEL,27226214,3,27226214,-11942960,15,2,IMPRECISE,348,PASS,0/1,P029
3,123904164,DEL00000005,DEL,126885652,3,126885652,-2981488,9,4,PRECISE,440,PASS,1/1,P029
3,126885653,DUP00000005,DUP,145760545,3,145760545,18874892,28,22,PRECISE,1194,PASS,0/1,P029
3,145760546,DEL00000006,DEL,146317920,3,146317920,-557374,12,13,PRECISE,597,PASS,0/1,P029
3,146317921,DUP00000006,DUP,148987546,3,148987546,2669625,6,12,PRECISE,560,PASS,0/1,P029
3,148987547,DEL00000007,DEL,152858737,3,152858737,-3871190,36,11,PRECISE,1021,PASS,0/1,P029
3,152858738,DUP00000007,DUP,154457213,3,154457213,1598475,6,11,PRECISE,366,PASS,0/1,P029
3,154457214,DUP00000008,DUP,167219598,3,167219598,12762384,20,5,PRECISE,606,PASS,0/1,P029
3,167219599,DEL00000008,DEL,172439961,3,172439961,-5220362,12,7,PRECISE,443,PASS,0/1,P029
3,172439962,DEL00000009,DEL,177692894,3,177692894,-5252932,15,25,PRECISE,976,PASS,1/1,P029
3,177692895,DUP00000009,DUP,198295559,3,198295559,20602664,25,13,PRECISE,874,PASS,0/1,P029
4,28100973,DUP00000010,DUP,30204727,4,30204727,2103754,8,22,PRECISE,722,PASS,0/1,P029
4,30204728,DEL00000010,DEL,73403691,4,73403691,-43198963,23,7,PRECISE,607,PASS,1/1,P029
4,73403692,DUP00000011,DUP,85597745,4,85597745,12194053,7,22,PRECISE,599,PASS,0/1,P029
4,85597746,DEL00000011,DEL,104848193,4,104848193,-19250447,25,25,PRECISE,1098,PASS,1/1,P029
4,104848194,DUP00000012,DUP,115393643,4,115393643,10545449,4,22,PRECISE,652,PASS,1/1,P029
4,115393644,DEL00000012,DEL,151960514,4,151960514,-36566870,40,0,IMPRECISE,932,PASS,0/1,P029
4,151960515,DEL00000013,DEL,155094566,4,155094566,-3134051,34,9,PRECISE,924,PASS,0/1,P029
4,155094567,DUP00000013,DUP,155995112,4,155995112,900545,40,14,PRECISE,1101,PASS,1/1,P029
4,155995113,DEL00000014,DEL,161390085,4,161390085,-5394972,34,15,PRECISE,1102,PASS,0/1,P029
4,161390086,DUP00000014,DUP,190214555,4,190214555,28824469,7,17,PRECISE,658,PASS,0/1,P029
5,16620332,DEL00000015,DEL,17738755,5,17738755,-1118423,27,19,PRECISE,1009,PASS,0/1,P029
5,17738756,DUP00000015,DUP,48945537,5,48945537,31206781,28,14,PRECISE,913,PASS,1/1,P029
5,48945538,DEL00000016,DEL,88573826,5,88573826,-39628288,14,22,PRECISE,903,PASS,1/1,P029
5,88573827,DUP00000016,DUP,91031115,5,91031115,2457288,26,21,PRECISE,1052,PASS,0/1,P029
5,91031116,DEL00000017,DEL,138946039,5,138946039,-47914923,25,16,PRECISE,944,PASS,0/1,P029
5,138946040,DUP00000017,DUP,173229013,5,173229013,34282973,25,10,PRECISE,764,PASS,0/1,P029
5,173229014,DEL00000018,DEL,181538259,5,181538259,-8309245,24,10,PRECISE,781,PASS,0/1,P029
6,30115699,DUP00000018,DUP,30928033,6,30928033,812334,17,5,PRECISE,586,PASS,0/1,P029
6,134498055,DUP00000019,DUP,144407376,6,144407376,9909321,14,7,PRECISE,478,PASS,0/1,P029
6,144407377,DEL00000019,DEL,167744771,6,167744771,-23337394,16,10,PRECISE,642,PASS,0/1,P029
6,167744772,DEL00000020,DEL,168438911,6,168438911,-694139,35,17,PRECISE,1178,PASS,1/1,P029
6,168438912,DUP00000020,DUP,170805979,6,170805979,2367067,35,1,IMPRECISE,769,PASS,0/1,P029
8,45200001,DUP00000021,DUP,70953413,8,70953413,25753412,15,1,IMPRECISE,378,PASS,0/1,P029
8,70953414,DEL00000021,DEL,89025938,8,89025938,-18072524,1,13,PRECISE,368,PASS,1/1,P029
9,654673,DEL00000022,DEL,31205918,9,31205918,-30551245,25,12,PRECISE,904,PASS,0/1,P029
9,31205919,DUP00000022,DUP,55685015,9,55685015,24479096,36,13,PRECISE,1174,PASS,1/1,P029
9,55685016,DEL00000023,DEL,56163781,9,56163781,-478765,11,17,PRECISE,680,PASS,0/1,P029
9,56163782,DUP00000023,DUP,61116615,9,61116615,4952833,33,3,IMPRECISE,807,PASS,0/1,P029
9,61116616,DUP00000024,DUP,89264920,9,89264920,28148304,15,10,PRECISE,608,PASS,0/1,P029
9,89264921,DEL00000024,DEL,102435264,9,102435264,-13170343,3,2,IMPRECISE,173,LowQual,0/1,P029
9,102435265,DEL00000025,DEL,113420967,9,113420967,-10985702,31,25,PRECISE,1187,PASS,1/1,P029
9,113420968,DUP00000025,DUP,126978164,9,126978164,13557196,12,17,PRECISE,635,PASS,0/1,P029
9,126978165,DUP00000026,DUP,138394717,9,138394717,11416552,21,19,PRECISE,983,PASS,0/1,P029
10,48127455,DEL00000026,DEL,70317804,10,70317804,-22190349,26,3,IMPRECISE,761,PASS,0/1,P029
11,16417065,DEL00000027,DEL,22869206,11,22869206,-6452141,22,6,PRECISE,623,PASS,0/1,P029
11,22869207,DUP00000027,DUP,55924957,11,55924957,33055750,9,20,PRECISE,603,PASS,0/1,P029
11,55924958,DEL00000028,DEL,57476542,11,57476542,-1551584,22,12,PRECISE,848,PASS,0/1,P029
11,57476543,DUP00000028,DUP,87039337,11,87039337,29562794,9,0,IMPRECISE,181,PASS,1/1,P029
11,87039338,DEL00000029,DEL,97386552,11,97386552,-10347214,40,2,IMPRECISE,1019,PASS,1/1,P029
11,97386553,DUP00000029,DUP,131916156,11,131916156,34529603,35,21,PRECISE,1165,PASS,0/1,P029
11,131916157,DEL00000030,DEL,133533071,11,133533071,-1616914,32,17,PRECISE,1044,PASS,0/1,P029
11,133533072,DUP00000030,DUP,135086622,11,135086622,1553550,24,18,PRECISE,1006,PASS,0/1,P029
12,4593006,DUP00000031,DUP,8576732,12,8576732,3983726,15,13,PRECISE,747,PASS,1/1,P029
12,8576733,DEL00000031,DEL,54897789,12,54897789,-46321056,37,22,PRECISE,1222,PASS,0/1,P029
12,54897790,DUP00000032,DUP,67242056,12,67242056,12344266,23,15,PRECISE,890,PASS,0/1,P029
12,67242057,DEL00000032,DEL,78695430,12,78695430,-11453373,36,16,PRECISE,1118,PASS,0/1,P029
12,78695431,DEL00000033,DEL,79204306,12,79204306,-508875,17,6,PRECISE,606,PASS,1/1,P029
12,79204307,DUP00000033,DUP,107438192,12,107438192,28233885,2,2,IMPRECISE,238,LowQual,0/1,P029
12,107438193,DEL00000034,DEL,108086178,12,108086178,-647985,2,16,PRECISE,416,PASS,0/1,P029
12,108086179,DUP00000034,DUP,108645010,12,108645010,558831,5,10,PRECISE,314,PASS,0/1,P029
12,108645011,DUP00000035,DUP,123734743,12,123734743,15089732,12,23,PRECISE,814,PASS,0/1,P029
12,123734744,DEL00000035,DEL,133275309,12,133275309,-9540565,15,9,PRECISE,538,PASS,0/1,P029
13,17700001,DEL00000036,DEL,37997687,13,37997687,-20297686,2,7,PRECISE,318,PASS,0/1,P029
13,37997688,DEL00000037,DEL,39916254,13,39916254,-1918566,12,22,PRECISE,866,PASS,0/1,P029
14,35670057,DEL00000038,DEL,37438519,14,37438519,-1768462,23,20,PRECISE,1034,PASS,1/1,P029
14,37438520,DUP00000036,DUP,75291345,14,75291345,37852825,33,24,PRECISE,1238,PASS,0/1,P029
14,75291346,DEL00000039,DEL,76275334,14,76275334,-983988,37,23,PRECISE,1393,PASS,1/1,P029
14,76275335,DUP00000037,DUP,95832295,14,95832295,19556960,12,7,PRECISE,425,PASS,0/1,P029
14,95832296,DEL00000040,DEL,105185273,14,105185273,-9352977,39,20,PRECISE,1209,PASS,0/1,P029
14,105185274,DUP00000038,DUP,107043718,14,107043718,1858444,8,8,PRECISE,454,PASS,1/1,P029
15,43959019,DEL00000041,DEL,51869191,15,51869191,-7910172,2,14,PRECISE,457,PASS,0/1,P029
15,51869192,DUP00000039,DUP,55282100,15,55282100,3412908,31,15,PRECISE,1004,PASS,1/1,P029
15,55282101,DEL00000042,DEL,69158193,15,69158193,-13876092,22,1,IMPRECISE,509,PASS,0/1,P029
15,69158194,DUP00000040,DUP,78123330,15,78123330,8965136,34,8,PRECISE,996,PASS,1/1,P029
15,78123331,DEL00000043,DEL,92425610,15,92425610,-14302279,28,16,PRECISE,1016,PASS,0/1,P029
15,92425611,DEL00000044,DEL,99417668,15,99417668,-6992057,14,9,PRECISE,464,PASS,0/1,P029
15,99417669,DUP00000041,DUP,101991189,15,101991189,2573520,17,20,PRECISE,814,PASS,0/1,P029
16,7658039,DEL00000045,DEL,13407334,16,13407334,-5749295,0,16,PRECISE,503,PASS,0/1,P029
16,75469039,DEL00000046,DEL,90338345,16,90338345,-14869306,14,22,PRECISE,865,PASS,0/1,P029
17,25100001,DUP00000042,DUP,31964420,17,31964420,6864419,27,7,PRECISE,763,PASS,0/1,P029
17,31964421,DUP00000043,DUP,36244185,17,36244185,4279764,14,6,PRECISE,501,PASS,0/1,P029
17,36244186,DEL00000047,DEL,44618441,17,44618441,-8374255,27,9,PRECISE,899,PASS,0/1,P029
17,44618442,DUP00000044,DUP,45219359,17,45219359,600917,10,22,PRECISE,773,PASS,0/1,P029
17,45219360,DEL00000048,DEL,83257441,17,83257441,-38038081,28,14,PRECISE,1034,PASS,0/1,P029
18,16731073,DEL00000049,DEL,18388712,18,18388712,-1657639,3,19,PRECISE,604,PASS,0/1,P029
19,4356650,DEL00000050,DEL,9195119,19,9195119,-4838469,20,9,PRECISE,706,PASS,0/1,P029
19,9195120,DUP00000045,DUP,12541829,19,12541829,3346709,20,19,PRECISE,913,PASS,1/1,P029
19,12541830,DEL00000051,DEL,13522164,19,13522164,-980334,2,1,IMPRECISE,122,LowQual,0/1,P029
19,13522165,DUP00000046,DUP,43349443,19,43349443,29827278,18,12,PRECISE,704,PASS,1/1,P029
19,43349444,DEL00000052,DEL,47645063,19,47645063,-4295619,31,5,PRECISE,833,PASS,0/1,P029
19,47645064,DUP00000047,DUP,52457752,19,52457752,4812688,26,9,PRECISE,769,PASS,1/1,P029
19,52457753,DEL00000053,DEL,55125242,19,55125242,-2667489,34,25,PRECISE,1333,PASS,0/1,P029
19,55125243,DUP00000048,DUP,58617616,19,58617616,3492373,11,22,PRECISE,762,PASS,0/1,P029
20,11978935,DEL00000054,DEL,12849231,20,12849231,-870296,23,13,PRECISE,804,PASS,0/1,P029
21,1346728,DUP00000049,DUP,2090975,21,2090975,744247,29,13,PRECISE,1004,PASS,1/1,P029
21,2090976,DEL00000055,DEL,5369666,21,5369666,-3278690,22,18,PRECISE,939,PASS,0/1,P029
21,5369667,DUP00000050,DUP,26289038,21,26289038,20919371,0,16,PRECISE,499,PASS,1/1,P029
21,26289039,DEL00000056,DEL,28273242,21,28273242,-1984203,26,19,PRECISE,1052,PASS,0/1,P029
21,28273243,DEL00000057,DEL,31289346,21,31289346,-3016103,15,20,PRECISE,724,PASS,0/1,P029
21,31289347,DUP00000051,DUP,34790285,21,34790285,3500938,7,25,PRECISE,811,PASS,0/1,P029
21,34790286,DEL00000058,DEL,36323235,21,36323235,-1532949,5,8,PRECISE,434,PASS,0/1,P029
21,36323236,DUP00000052,DUP,39012701,21,39012701,2689465,10,15,PRECISE,660,PASS,0/1,P029
21,39012702,DUP00000053,DUP,40108246,21,40108246,1095544,20,0,IMPRECISE,481,PASS,0/1,P029
21,40108247,DEL00000059,DEL,46709983,21,46709983,-6601736,17,22,PRECISE,961,PASS,0/1,P029
22,8260679,DEL00000060,DEL,11419025,22,11419025,-3158346,22,8,PRECISE,630,PASS,0/1,P029
22,11419026,DUP00000054,DUP,32711331,22,32711331,21292305,8,7,PRECISE,379,PASS,1/1,P029
22,32711332,DEL00000061,DEL,42444753,22,42444753,-9733421,32,19,PRECISE,1069,PASS,0/1,P029
22,42444754,DUP00000055,DUP,46720203,22,46720203,4275449,19,14,PRECISE,675,PASS,0/1,P029
22,46720204,DEL00000062,DEL,50818468,22,50818468,-4098264,39,4,PRECISE,951,PASS,1/1,P029
19,13285291,DEL00000063,DEL,13302812,19,13302812,-17521,28,19,PRECISE,990,PASS,0/1,P029
5,178773070,BND00000001,BND,95569783,12,95569783,,29,15,PRECISE,952,PASS,0/1,P029
15,72263411,INS00000001,INS,72263412,15,72263412,2718,24,16,PRECISE,944,PASS,0/1,P029
14,38218161,DEL00000064,DEL,39545705,14,39545705,-1327544,20,20,PRECISE,840,PASS,0/1,P029
9,61324465,DEL00000065,DEL,61514925,9,61514925,-190460,19,6,PRECISE,582,PASS,0/1,P029
12,89011671,DEL00000066,DEL,92068777,12,92068777,-3057106,26,24,PRECISE,1067,PASS,1/1,P029
17,61054525,INV00000001,INV,61121395,17,61121395,66870,19,6,PRECISE,631,PASS,1/1,P029
13,31547448,INV00000002,INV,31629756,13,31629756,82308,12,4,PRECISE,345,PASS,0/1,P029
8,22644649,INS00000002,INS,22644650,8,22644650,3230,39,13,PRECISE,1091,PASS,0/1,P029
1,23610781,DEL00000067,DEL,23867965,1,23867965,-257184,18,20,PRECISE,797,PASS,0/1,P029
12,97108208,INS00000003,INS,97108209,12,97108209,1166,1,6,PRECISE,302,PASS,0/1,P029
1,138641754,DUP00000056,DUP,138643853,1,138643853,2099,7,6,PRECISE,374,PASS,0/1,P029
6,28817596,DEL00000068,DEL,28822126,6,28822126,-4530,29,10,PRECISE,847,PASS,0/1,P029
13,43797442,DEL00000069,DEL,43802969,13,43802969,-5527,7,2,IMPRECISE,267,PASS,0/1,P029
14,53897569,INV00000003,INV,54020288,14,54020288,122719,22,0,IMPRECISE,577,PASS,0/1,P029
X,30269270,DEL00000070,DEL,30954576,X,30954576,-685306,39,4,PRECISE,1005,PASS,0/1,P029
18,3663660,DUP00000057,DUP,4665113,18,4665113,1001453,11,4,PRECISE,481,PASS,0/1,P029
2,118149385,BND00000002,BND,77311718,12,77311718,,21,8,PRECISE,585,PASS,0/1,P029
15,43755093,INS00000004,INS,43755094,15,43755094,374,26,21,PRECISE,1079,PASS,0/1,P029
9,53350651,DEL00000071,DEL,54816811,9,54816811,-1466160,22,21,PRECISE,1045,PASS,0/1,P029
10,73678577,INV00000004,INV,73685179,10,73685179,6602,38,8,PRECISE,962,PASS,0/1,P029
12,124178615,DUP00000058,DUP,124785108,12,124785108,606493,10,1,IMPRECISE,382,PASS,0/1,P029
13,79040745,DUP00000059,DUP,79083175,13,79083175,42430,24,15,PRECISE,820,PASS,0/1,P029
16,6799238,DUP00000060,DUP,6808341,16,6808341,9103,13,9,PRECISE,600,PASS,0/1,P029
8,90853077,DEL00000072,DEL,90882473,8,90882473,-29396,39,9,PRECISE,1086,PASS,0/1,P029
10,54225883,BND00000003,BND,10874787,19,10874787,,27,1,IMPRECISE,743,PASS,0/1,P029
3,42850783,DEL00000073,DEL,42852489,3,42852489,-1706,37,17,PRECISE,1134,PASS,1/1,P029
20,7985869,DEL00000074,DEL,7986621,20,7986621,-752,24,5,PRECISE,642,PASS,0/1,P029
12,75658853,INV00000005,INV,75662310,12,75662310,3457,36,24,PRECISE,1209,PASS,0/1,P029
12,25141643,DEL00000075,DEL,26794891,12,26794891,-1653248,18,13,PRECISE,796,PASS,0/1,P029
19,40532347,INS00000005,INS,40532348,19,40532348,5838,30,17,PRECISE,1023,PASS,0/1,P029
8,138440274,DEL00000076,DEL,138906883,8,138906883,-466609,20,18,PRECISE,894,PASS,0/1,P029
5,140185159,DEL00000077,DEL,141702642,5,141702642,-1517483,40,4,PRECISE,895,PASS,0/1,P029
7,16490026,DEL00000078,DEL,16670105,7,16670105,-180079,37,7,PRECISE,1042,PASS,1/1,P029
X,129378681,DEL00000079,DEL,129397087,X,129397087,-18406,30,6,PRECISE,832,PASS,1/1,P029
X,143775358,INS00000006,INS,143775359,X,143775359,5325,22,23,PRECISE,1059,PASS,0/1,P029
6,121491570,DEL00000080,DEL,121531651,6,121531651,-40081,34,19,PRECISE,1202,PASS,1/1,P029
7,83017320,INV00000006,INV,86055072,7,86055072,3037752,36,16,PRECISE,1199,PASS,0/1,P029
7,123633496,INS00000007,INS,123633497,7,123633497,2754,26,18,PRECISE,917,PASS,1/1,P029
13,95336927,INV00000007,INV,95387305,13,95387305,50378,33,25,PRECISE,1196,PASS,0/1,P029
2,11725815,BND00000004,BND,32565345,22,32565345,,27,10,PRECISE,770,PASS,0/1,P029
10,72238335,INV00000008,INV,72248473,10,72248473,10138,18,3,IMPRECISE,480,PASS,0/1,P029
2,32550438,DEL00000081,DEL,33789613,2,33789613,-1239175,16,25,PRECISE,1010,PASS,0/1,P029
14,71857733,INV00000009,INV,71868514,14,71868514,10781,13,10,PRECISE,623,PASS,0/1,P029
20,38049916,DEL00000082,DEL,38363101,20,38363101,-313185,4,18,PRECISE,581,PASS,0/1,P029
2,155272475,DEL00000083,DEL,155352830,2,155352830,-80355,11,22,PRECISE,829,PASS,0/1,P029
20,42802458,BND00000005,BND,63546826,7,63546826,,5,20,PRECISE,615,PASS,0/1,P029
5,169210106,DUP00000061,DUP,169233432,5,169233432,23326,34,7,PRECISE,1014,PASS,1/1,P029
21,34235312,DEL00000084,DEL,35249673,21,35249673,-1014361,16,23,PRECISE,842,PASS,0/1,P029
15,24098326,DEL00000085,DEL,24098814,15,24098814,-488,20,2,IMPRECISE,454,PASS,0/1,P029
19,20883338,INV00000010,INV,21331457,19,21331457,448119,34,20,PRECISE,1192,PASS,1/1,P029
4,54971795,DEL00000086,DEL,57885248,4,57885248,-2913453,3,17,PRECISE,536,PASS,1/1,P029
17,46321406,INS00000008,INS,46321407,17,46321407,3829,22,5,PRECISE,628,PASS,1/1,P029
14,43234562,DEL00000087,DEL,43287366,14,43287366,-52804,16,0,IMPRECISE,402,PASS,0/1,P029
20,49181784,DUP00000062,DUP,49595792,20,49595792,414008,15,17,PRECISE,763,PASS,1/1,P029
10,99788760,INS00000009,INS,99788761,10,99788761,2994,18,10,PRECISE,757,PASS,0/1,P029
3,82670632,DEL00000001,DEL,82770846,3,82770846,-100214,11,23,PRECISE,799,PASS,0/1,P030
4,14199266,DEL00000002,DEL,15993216,4,15993216,-1793950,0,7,PRECISE,186,PASS,1/1,P030
4,152957898,DUP00000001,DUP,153296060,4,153296060,338162,3,9,PRECISE,439,PASS,0/1,P030
4,153296061,DEL00000003,DEL,161158971,4,161158971,-7862910,3,6,PRECISE,291,PASS,0/1,P030
4,161158972,DEL00000004,DEL,167767832,4,167767832,-6608860,32,25,PRECISE,1336,PASS,0/1,P030
4,167767833,DUP00000002,DUP,190214555,4,190214555,22446722,36,20,PRECISE,1202,PASS,1/1,P030
5,36723487,DEL00000005,DEL,37128541,5,37128541,-405054,39,13,PRECISE,1210,PASS,1/1,P030
5,37128542,DUP00000003,DUP,48800000,5,48800000,11671458,39,15,PRECISE,1084,PASS,0/1,P030
5,48800001,DEL00000006,DEL,52791771,5,52791771,-3991770,21,18,PRECISE,859,PASS,1/1,P030
5,52791772,DUP00000004,DUP,62924026,5,62924026,10132254,12,4,PRECISE,378,PASS,0/1,P030
6,157185249,DEL00000007,DEL,170805979,6,170805979,-13620730,26,14,PRECISE,981,PASS,0/1,P030
7,38561987,DEL00000008,DEL,43794022,7,43794022,-5232035,4,20,PRECISE,566,PASS,1/1,P030
7,43794023,DUP00000005,DUP,60100000,7,60100000,16305977,10,6,PRECISE,396,PASS,1/1,P030
8,639666,DEL00000009,DEL,1511309,8,1511309,-871643,28,14,PRECISE,1013,PASS,1/1,P030
8,101098434,DUP00000006,DUP,118443341,8,118443341,17344907,21,14,PRECISE,705,PASS,1/1,P030
8,118443342,DEL00000010,DEL,145138636,8,145138636,-26695294,11,21,PRECISE,826,PASS,0/1,P030
9,94836069,DEL00000011,DEL,126704317,9,126704317,-31868248,30,7,PRECISE,800,PASS,0/1,P030
9,126704318,DUP00000007,DUP,138394717,9,138394717,11690399,4,1,IMPRECISE,233,LowQual,1/1,P030
10,71308639,DUP00000008,DUP,72111590,10,72111590,802951,17,9,PRECISE,637,PASS,0/1,P030
10,72111591,DEL00000012,DEL,89859980,10,89859980,-17748389,17,19,PRECISE,902,PASS,1/1,P030
10,89859981,DEL00000013,DEL,90539317,10,90539317,-679336,29,3,IMPRECISE,683,PASS,0/1,P030
10,90539318,DUP00000009,DUP,133797422,10,133797422,43258104,40,14,PRECISE,1098,PASS,0/1,P030
11,8345030,DEL00000014,DEL,26804238,11,26804238,-18459208,5,1,IMPRECISE,215,PASS,0/1,P030
11,26804239,DUP00000010,DUP,66400929,11,66400929,39596690,8,23,PRECISE,728,PASS,0/1,P030
11,66400930,DEL00000015,DEL,67262898,11,67262898,-861968,27,25,PRECISE,1054,PASS,0/1,P030
11,118190279,DUP00000011,DUP,121498228,11,121498228,3307949,17,22,PRECISE,791,PASS,1/1,P030
11,121498229,DEL00000016,DEL,135086622,11,135086622,-13588393,36,8,PRECISE,1019,PASS,1/1,P030
12,18888067,DUP00000012,DUP,19261514,12,19261514,373447,23,5,PRECISE,571,PASS,1/1,P030
12,19261515,DEL00000017,DEL,34821176,12,34821176,-15559661,40,19,PRECISE,1315,PASS,0/1,P030
12,34821177,DEL00000018,DEL,41635539,12,41635539,-6814362,31,25,PRECISE,1130,PASS,0/1,P030
13,20437303,DEL00000019,DEL,22594450,13,22594450,-2157147,30,5,PRECISE,808,PASS,0/1,P030
13,82882269,DEL00000020,DEL,83420362,13,83420362,-538093,1,7,PRECISE,274,PASS,0/1,P030
13,83420363,DUP00000013,DUP,114364328,13,114364328,30943965,27,3,IMPRECISE,769,PASS,0/1,P030
14,34128917,DEL00000021,DEL,34745054,14,34745054,-616137,25,19,PRECISE,1009,PASS,0/1,P030
15,16505756,DEL00000022,DEL,18261781,15,18261781,-1756025,27,3,IMPRECISE,620,PASS,1/1,P030
15,85291219,DEL00000023,DEL,85790795,15,85790795,-499576,9,5,PRECISE,385,PASS,0/1,P030
15,85790796,DUP00000014,DUP,101991189,15,101991189,16200393,38,2,IMPRECISE,883,PASS,0/1,P030
17,40143623,DUP00000015,DUP,41145482,17,41145482,1001859,35,3,IMPRECISE,907,PASS,0/1,P030
17,41145483,DEL00000024,DEL,56478493,17,56478493,-15333010,6,15,PRECISE,617,PASS,1/1,P030
17,56478494,DUP00000016,DUP,57073138,17,57073138,594644,9,6,PRECISE,369,PASS,0/1,P030
17,57073139,DEL00000025,DEL,83257441,17,83257441,-26184302,9,4,PRECISE,424,PASS,0/1,P030
18,18500001,DEL00000026,DEL,24169254,18,24169254,-5669253,16,19,PRECISE,862,PASS,1/1,P030
18,24169255,DUP00000017,DUP,28174077,18,28174077,4004822,3,7,PRECISE,252,PASS,0/1,P030
19,22235712,DEL00000027,DEL,22406007,19,22406007,-170295,20,22,PRECISE,923,PASS,1/1,P030
19,22406008,DUP00000018,DUP,27276491,19,27276491,4870483,0,22,PRECISE,467,PASS,0/1,P030
19,27276492,DUP00000019,DUP,30415243,19,30415243,3138751,2,9,PRECISE,333,PASS,1/1,P030
19,30415244,DEL00000028,DEL,33599893,19,33599893,-3184649,33,9,PRECISE,975,PASS,0/1,P030
19,33599894,DUP00000020,DUP,37478251,19,37478251,3878357,6,21,PRECISE,672,PASS,0/1,P030
19,37478252,DEL00000029,DEL,58617616,19,58617616,-21139364,13,7,PRECISE,566,PASS,0/1,P030
20,13106806,DEL00000030,DEL,27695187,20,27695187,-14588381,2,4,PRECISE,219,PASS,0/1,P030
20,27695188,DUP00000021,DUP,28100000,20,28100000,404812,5,16,PRECISE,601,PASS,1/1,P030
20,28100001,DUP00000022,DUP,58818298,20,58818298,30718297,38,8,PRECISE,1117,PASS,1/1,P030
20,58818299,DEL00000031,DEL,59310701,20,59310701,-492402,0,16,PRECISE,508,PASS,0/1,P030
20,59310702,DUP00000023,DUP,64444167,20,64444167,5133465,28,20,PRECISE,1031,PASS,0/1,P030
21,17032605,DUP00000024,DUP,17750875,21,17750875,718270,29,12,PRECISE,908,PASS,1/1,P030
21,17750876,DEL00000032,DEL,46709983,21,46709983,-28959107,16,23,PRECISE,955,PASS,1/1,P030
6,9255171,INV00000001,INV,10177294,6,10177294,922123,23,22,PRECISE,1070,PASS,0/1,P030
19,10979461,INV00000002,INV,12589201,19,12589201,1609740,15,15,PRECISE,708,PASS,1/1,P030
20,58154923,DEL00000033,DEL,58155996,20,58155996,-1073,38,14,PRECISE,1191,PASS,0/1,P030
16,57265722,DEL00000034,DEL,57267165,16,57267165,-1443,20,9,PRECISE,666,PASS,0/1,P030
6,135753536,INV00000003,INV,135759497,6,135759497,5961,7,3,IMPRECISE,200,PASS,0/1,P030
20,19586263,DEL00000035,DEL,19711580,20,19711580,-125317,23,5,PRECISE,625,PASS,0/1,P030
21,12411128,INV00000004,INV,12438160,21,12438160,27032,8,21,PRECISE,603,PASS,0/1,P030
22,46978736,DEL00000036,DEL,46980045,22,46980045,-1309,13,14,PRECISE,641,PASS,0/1,P030
7,81644972,DEL00000037,DEL,81663274,7,81663274,-18302,19,15,PRECISE,772,PASS,0/1,P030
2,59818563,DEL00000038,DEL,60555740,2,60555740,-737177,36,2,IMPRECISE,822,PASS,0/1,P030
9,29250337,DUP00000025,DUP,29255277,9,29255277,4940,3,23,PRECISE,548,PASS,0/1,P030
9,111830650,INS00000001,INS,111830651,9,111830651,2921,10,20,PRECISE,753,PASS,0/1,P030
14,9322562,DEL00000039,DEL,9880082,14,9880082,-557520,29,24,PRECISE,1153,PASS,1/1,P030
8,125472410,DEL00000040,DEL,125473938,8,125473938,-1528,32,24,PRECISE,1294,PASS,0/1,P030
1,151199253,INV00000005,INV,152998652,1,152998652,1799399,12,23,PRECISE,717,PASS,1/1,P030
X,29183031,DEL00000041,DEL,29184206,X,29184206,-1175,29,23,PRECISE,1119,PASS,1/1,P030
9,63823114,INV00000006,INV,63833535,9,63833535,10421,25,13,PRECISE,764,PASS,0/1,P030
11,122186981,INV00000007,INV,122422501,11,122422501,235520,28,18,PRECISE,1006,PASS,0/1,P030
9,21051811,INV00000008,INV,21357043,9,21357043,305232,39,22,PRECISE,1252,PASS,0/1,P030
13,49124111,INV00000009,INV,49209529,13,49209529,85418,26,21,PRECISE,1022,PASS,0/1,P030
X,6031282,DEL00000042,DEL,6034631,X,6034631,-3349,11,22,PRECISE,722,PASS,1/1,P030
5,166547671,DEL00000043,DEL,169543723,5,169543723,-2996052,37,20,PRECISE,1195,PASS,1/1,P030
8,14914869,BND00000001,BND,230568591,2,230568591,,38,13,PRECISE,1141,PASS,0/1,P030
13,25862524,BND00000002,BND,89274277,11,89274277,,17,13,PRECISE,777,PASS,0/1,P030
11,18490136,INS00000002,INS,18490137,11,18490137,1058,34,16,PRECISE,1019,PASS,0/1,P030
17,16277487,INV00000010,INV,16290235,17,16290235,12748,20,2,IMPRECISE,632,PASS,0/1,P030
4,107798402,INV00000011,INV,109817343,4,109817343,2018941,23,15,PRECISE,841,PASS,0/1,P030
19,8171243,DEL00000044,DEL,10015263,19,10015263,-1844020,31,16,PRECISE,1085,PASS,0/1,P030
20,3058977,DEL00000045,DEL,3064053,20,3064053,-5076,1,13,PRECISE,354,PASS,1/1,P030
4,14086026,DEL00000046,DEL,14104312,4,14104312,-18286,23,21,PRECISE,982,PASS,0/1,P030
16,87720865,INV00000012,INV,88192004,16,88192004,471139,39,25,PRECISE,1315,PASS,0/1,P030
8,10516305,INV00000013,INV,11236910,8,11236910,720605,14,4,PRECISE,406,PASS,0/1,P030
18,78866194,INV00000014,INV,78875155,18,78875155,8961,17,10,PRECISE,598,PASS,0/1,P030
15,43889600,INV00000015,INV,43896582,15,43896582,6982,11,22,PRECISE,832,PASS,0/1,P030
6,163079437,DEL00000047,DEL,163093093,6,163093093,-13656,2,3,IMPRECISE,174,LowQual,0/1,P030
9,124627993,INS00000003,INS,124627994,9,124627994,1080,33,3,IMPRECISE,809,PASS,0/1,P030
17,7913866,BND00000003,BND,12237722,21,12237722,,23,8,PRECISE,742,PASS,0/1,P030
21,22260230,INS00000004,INS,22260231,21,22260231,822,6,15,PRECISE,454,PASS,0/1,P030
12,2665514,DUP00000026,DUP,2673456,12,2673456,7942,16,14,PRECISE,630,PASS,0/1,P030
9,20292280,DEL00000048,DEL,20344920,9,20344920,-52640,37,12,PRECISE,1097,PASS,0/1,P030
1,128921338,DEL00000049,DEL,129179621,1,129179621,-258283,34,24,PRECISE,1349,PASS,0/1,P030
6,43105568,DEL00000050,DEL,43106085,6,43106085,-517,3,12,PRECISE,467,PASS,0/1,P030
11,100457608,INS00000005,INS,100457609,11,100457609,5373,31,11,PRECISE,930,PASS,0/1,P030
X,95615581,INS00000006,INS,95615582,X,95615582,1642,33,14,PRECISE,1016,PASS,0/1,P030
14,82945243,DEL00000051,DEL,83235736,14,83235736,-290493,29,24,PRECISE,1075,PASS,1/1,P030
18,16097704,DEL00000052,DEL,17081173,18,17081173,-983469,11,4,PRECISE,401,PASS,0/1,P030
6,48301779,INS00000007,INS,48301780,6,48301780,561,16,25,PRECISE,849,PASS,0/1,P030
X,42322735,INV00000016,INV,42357195,X,42357195,34460,12,0,IMPRECISE,339,PASS,0/1,P030
18,71076886,BND00000004,BND,47273799,8,47273799,,27,19,PRECISE,1019,PASS,0/1,P030
18,49195610,DEL00000053,DEL,49228584,18,49228584,-32974,36,19,PRECISE,1123,PASS,0/1,P030
12,82276479,INS00000008,INS,82276480,12,82276480,3376,29,19,PRECISE,1032,PASS,0/1,P030
4,170153535,DEL00000054,DEL,171149608,4,171149608,-996073,12,16,PRECISE,755,PASS,0/1,P030
10,25675523,INS00000009,INS,25675524,10,25675524,991,19,0,IMPRECISE,552,PASS,1/1,P030
3,11921538,DEL00000055,DEL,11923071,3,11923071,-1533,7,5,PRECISE,369,PASS,0/1,P030
2,106597478,DEL00000056,DEL,106599185,2,106599185,-1707,36,24,PRECISE,1313,PASS,0/1,P030
6,13017770,INV00000017,INV,13021443,6,13021443,3673,11,6,PRECISE,358,PASS,1/1,P030
20,38957908,DEL00000057,DEL,38964429,20,38964429,-6521,9,20,PRECISE,716,PASS,1/1,P030
7,35659458,DEL00000058,DEL,35757386,7,35757386,-97928,4,24,PRECISE,625,PASS,0/1,P030
20,33495816,DUP00000027,DUP,33573444,20,33573444,77628,25,21,PRECISE,1081,PASS,0/1,P030
8,44054340,DUP00000028,DUP,44059091,8,44059091,4751,31,24,PRECISE,1243,PASS,0/1,P030
6,118324964,BND00000005,BND,51866984,8,51866984,,7,5,PRECISE,263,PASS,0/1,P030
18,30108242,DEL00000059,DEL,30111056,18,30111056,-2814,22,8,PRECISE,769,PASS,0/1,P030
17,44199423,DEL00000060,DEL,44204256,17,44204256,-4833,26,6,PRECISE,795,PASS,1/1,P030
7,21611692,DEL00000061,DEL,22094016,7,22094016,-482324,10,18,PRECISE,683,PASS,0/1,P030
19,19213190,INS00000010,INS,19213191,19,19213191,4562,38,19,PRECISE,1301,PASS,0/1,P030
10,75221994,DEL00000062,DEL,75222353,10,75222353,-359,4,5,PRECISE,212,PASS,0/1,P030
9,93558998,INS00000011,INS,93558999,9,93558999,1160,24,19,PRECISE,919,PASS,0/1,P030
17,59812972,INV00000018,INV,59824013,17,59824013,11041,27,19,PRECISE,1006,PASS,0/1,P030
2,4237753,DUP00000029,DUP,4679988,2,4679988,442235,9,19,PRECISE,582,PASS,0/1,P030
2,6702889,INS00000012,INS,6702890,2,6702890,3164,39,16,PRECISE,1187,PASS,0/1,P030
9,21210454,DUP00000030,DUP,21252144,9,21252144,41690,17,7,PRECISE,585,PASS,0/1,P030
4,181076901,BND00000006,BND,82033064,1,82033064,,40,5,PRECISE,930,PASS,1/1,P030
21,37355531,BND00000007,BND,24137643,19,24137643,,15,12,PRECISE,646,PASS,1/1,P030
12,92274325,INV00000019,INV,92313570,12,92313570,39245,2,16,PRECISE,447,PASS,1/1,P030
19,24611381,DEL00000063,DEL,24616965,19,24616965,-5584,32,9,PRECISE,870,PASS,0/1,P030
11,17227602,DEL00000064,DEL,18461011,11,18461011,-1233409,1,21,PRECISE,561,PASS,0/1,P030
10,52873264,INV00000020,INV,52897475,10,52897475,24211,32,16,PRECISE,964,PASS,0/1,P030
13,78781044,INS00000013,INS,78781045,13,78781045,5097,23,6,PRECISE,750,PASS,0/1,P030
16,43088512,INS00000014,INS,43088513,16,43088513,2824,11,3,IMPRECISE,333,PASS,0/1,P030
1,183387846,INV00000021,INV,183936573,1,183936573,548727,14,13,PRECISE,642,PASS,0/1,P030
15,82754079,INS00000015,INS,82754080,15,82754080,3791,27,20,PRECISE,1093,PASS,0/1,P030
14,32783298,DEL00000065,DEL,33691087,14,33691087,-907789,36,3,IMPRECISE,804,PASS,0/1,P030
6,142221344,INS00000016,INS,142221345,6,142221345,4793,0,23,PRECISE,634,PASS,0/1,P030
X,151214142,INV00000022,INV,153809025,X,153809025,2594883,9,22,PRECISE,693,PASS,0/1,P030
1,47215682,DUP00000001,DUP,49155027,1,49155027,1939345,35,23,PRECISE,1275,PASS,1/1,P031
1,49155028,DEL00000001,DEL,50599727,1,50599727,-1444699,4,18,PRECISE,528,PASS,0/1,P031
1,50599728,DUP00000002,DUP,62771963,1,62771963,12172235,39,5,PRECISE,998,PASS,0/1,P031
1,176888760,DEL00000002,DEL,200241268,1,200241268,-23352508,30,10,PRECISE,899,PASS,0/1,P031
1,200241269,DUP00000003,DUP,248956422,1,248956422,48715153,29,13,PRECISE,857,PASS,0/1,P031
2,25561698,DUP00000004,DUP,30049804,2,30049804,4488106,20,13,PRECISE,670,PASS,0/1,P031
2,89399547,DEL00000003,DEL,92109579,2,92109579,-2710032,35,19,PRECISE,1134,PASS,0/1,P031
2,92109580,DUP00000005,DUP,95845480,2,95845480,3735900,37,5,PRECISE,1039,PASS,1/1,P031
2,95845481,DEL00000004,DEL,122485272,2,122485272,-26639791,30,10,PRECISE,900,PASS,0/1,P031
2,122485273,DUP00000006,DUP,163497815,2,163497815,41012542,23,10,PRECISE,679,PASS,0/1,P031
2,163497816,DEL00000005,DEL,164181627,2,164181627,-683811,14,18,PRECISE,651,PASS,1/1,P031
2,164181628,DUP00000007,DUP,180041156,2,180041156,15859528,2,21,PRECISE,567,PASS,1/1,P031
2,180041157,DEL00000006,DEL,180891489,2,180891489,-850332,10,9,PRECISE,520,PASS,1/1,P031
3,2673778,DUP00000008,DUP,7335183,3,7335183,4661405,32,21,PRECISE,1063,PASS,0/1,P031
3,7335184,DEL00000007,DEL,9628910,3,9628910,-2293726,25,20,PRECISE,1073,PASS,0/1,P031
3,9628911,DUP00000009,DUP,14499057,3,14499057,4870146,24,19,PRECISE,882,PASS,0/1,P031
4,49435139,DEL00000008,DEL,56868873,4,56868873,-7433734,25,23,PRECISE,1015,PASS,1/1,P031
5,89494697,DUP00000010,DUP,94546607,5,94546607,5051910,20,8,PRECISE,665,PASS,0/1,P031
5,153504026,DUP00000011,DUP,165006489,5,165006489,11502463,4,14,PRECISE,442,PASS,1/1,P031
5,165006490,DEL00000009,DEL,181538259,5,181538259,-16531769,33,2,IMPRECISE,863,PASS,0/1,P031
6,12482174,DEL00000010,DEL,17901736,6,17901736,-5419562,38,24,PRECISE,1332,PASS,0/1,P031
6,84684284,DUP00000012,DUP,85015573,6,85015573,331289,10,23,PRECISE,731,PASS,0/1,P031
7,42746668,DEL00000011,DEL,43275548,7,43275548,-528880,4,16,PRECISE,426,PASS,0/1,P031
7,43275549,DUP00000013,DUP,82169466,7,82169466,38893917,13,11,PRECISE,565,PASS,1/1,P031
7,82169467,DUP00000014,DUP,86866952,7,86866952,4697485,28,13,PRECISE,970,PASS,0/1,P031
8,134081965,DEL00000012,DEL,145138636,8,145138636,-11056671,7,20,PRECISE,551,PASS,0/1,P031
9,4208583,DEL00000013,DEL,4599349,9,4599349,-390766,33,6,PRECISE,851,PASS,1/1,P031
9,79618501,DUP00000015,DUP,79988613,9,79988613,370112,1,24,PRECISE,597,PASS,1/1,P031
9,79988614,DEL00000014,DEL,106744653,9,106744653,-26756039,38,20,PRECISE,1247,PASS,0/1,P031
9,106744654,DUP00000016,DUP,110430360,9,110430360,3685706,40,19,PRECISE,1276,PASS,1/1,P031
9,110430361,DEL00000015,DEL,122830341,9,122830341,-12399980,28,8,PRECISE,893,PASS,1/1,P031
9,122830342,DEL00000016,DEL,123568669,9,123568669,-738327,21,8,PRECISE,658,PASS,0/1,P031
9,123568670,DUP00000017,DUP,138394717,9,138394717,14826047,21,6,PRECISE,733,PASS,1/1,P031
10,78864135,DUP00000018,DUP,88373689,10,88373689,9509554,5,21,PRECISE,542,PASS,0/1,P031
10,88373690,DEL00000017,DEL,126683705,10,126683705,-38310015,13,12,PRECISE,604,PASS,1/1,P031
10,126683706,DUP00000019,DUP,128870450,10,128870450,2186744,0,22,PRECISE,562,PASS,0/1,P031
10,128870451,DEL00000018,DEL,133797422,10,133797422,-4926971,13,9,PRECISE,552,PASS,0/1,P031
11,59334662,DUP00000020,DUP,67939754,11,67939754,8605092,40,22,PRECISE,1348,PASS,0/1,P031
11,67939755,DEL00000019,DEL,72122413,11,72122413,-4182658,5,9,PRECISE,462,PASS,0/1,P031
11,72122414,DEL00000020,DEL,72645021,11,72645021,-522607,4,2,IMPRECISE,294,PASS,0/1,P031
11,131312733,DEL00000021,DEL,132050282,11,132050282,-737549,36,6,PRECISE,848,PASS,0/1,P031
11,132050283,DUP00000021,DUP,135086622,11,135086622,3036339,12,3,IMPRECISE,416,PASS,1/1,P031
12,80322617,DEL00000022,DEL,83578480,12,83578480,-3255863,36,2,IMPRECISE,947,PASS,0/1,P031
12,83578481,DUP00000022,DUP,128580719,12,128580719,45002238,27,18,PRECISE,1038,PASS,0/1,P031
12,128580720,DEL00000023,DEL,128854998,12,128854998,-274278,32,10,PRECISE,876,PASS,0/1,P031
12,128854999,DUP00000023,DUP,133275309,12,133275309,4420310,40,25,PRECISE,1364,PASS,0/1,P031
13,7363265,DEL00000024,DEL,9524848,13,9524848,-2161583,10,15,PRECISE,552,PASS,0/1,P031
13,9524849,DUP00000024,DUP,19658351,13,19658351,10133502,9,17,PRECISE,591,PASS,0/1,P031
13,19658352,DUP00000025,DUP,20356077,13,20356077,697725,28,25,PRECISE,1144,PASS,1/1,P031
13,20356078,DEL00000025,DEL,23518781,13,23518781,-3162703,15,18,PRECISE,779,PASS,0/1,P031
13,23518782,DEL00000026,DEL,25043778,13,25043778,-1524996,18,15,PRECISE,780,PASS,0/1,P031
13,25043779,DUP00000026,DUP,29568757,13,29568757,4524978,11,18,PRECISE,738,PASS,0/1,P031
13,91740300,DUP00000027,DUP,95392753,13,95392753,3652453,4,24,PRECISE,701,PASS,0/1,P031
13,95392754,DEL00000027,DEL,97358203,13,97358203,-1965449,0,18,PRECISE,542,PASS,1/1,P031
13,97358204,DUP00000028,DUP,99705018,13,99705018,2346814,18,24,PRECISE,861,PASS,1/1,P031
13,99705019,DEL00000028,DEL,114364328,13,114364328,-14659309,3,0,IMPRECISE,217,LowQual,0/1,P031
14,4910076,DEL00000029,DEL,12298304,14,12298304,-7388228,22,6,PRECISE,732,PASS,1/1,P031
14,12298305,DUP00000029,DUP,34129167,14,34129167,21830862,11,18,PRECISE,709,PASS,0/1,P031
14,34129168,DEL00000030,DEL,80835177,14,80835177,-46706009,13,3,IMPRECISE,392,PASS,0/1,P031
14,80835178,DEL00000031,DEL,81684481,14,81684481,-849303,6,15,PRECISE,459,PASS,0/1,P031
14,81684482,DUP00000030,DUP,84618859,14,84618859,2934377,32,13,PRECISE,957,PASS,1/1,P031
14,84618860,DEL00000032,DEL,85373048,14,85373048,-754188,35,13,PRECISE,1079,PASS,1/1,P031
14,85373049,DUP00000031,DUP,102040513,14,102040513,16667464,6,23,PRECISE,627,PASS,0/1,P031
14,102040514,DUP00000032,DUP,102440278,14,102440278,399764,15,24,PRECISE,841,PASS,0/1,P031
14,102440279,DEL00000033,DEL,107043718,14,107043718,-4603439,32,21,PRECISE,1215,PASS,0/1,P031
15,37101453,DEL00000034,DEL,45835234,15,45835234,-8733781,22,8,PRECISE,671,PASS,0/1,P031
16,4626726,DUP00000033,DUP,36398728,16,36398728,31772002,6,18,PRECISE,543,PASS,0/1,P031
16,36398729,DEL00000035,DEL,43581367,16,43581367,-7182638,3,0,IMPRECISE,116,LowQual,0/1,P031
16,43581368,DUP00000034,DUP,55125630,16,55125630,11544262,19,9,PRECISE,663,PASS,0/1,P031
16,55125631,DUP00000035,DUP,90338345,16,90338345,35212714,19,10,PRECISE,739,PASS,1/1,P031
17,2141816,DEL00000036,DEL,4458174,17,4458174,-2316358,21,21,PRECISE,980,PASS,0/1,P031
17,4458175,DUP00000036,DUP,6562783,17,6562783,2104608,18,17,PRECISE,759,PASS,0/1,P031
17,6562784,DEL00000037,DEL,11420843,17,11420843,-4858059,21,1,IMPRECISE,556,PASS,0/1,P031
17,75916931,DEL00000038,DEL,83257441,17,83257441,-7340510,13,2,IMPRECISE,357,PASS,1/1,P031
18,75003637,DUP00000037,DUP,75646812,18,75646812,643175,20,5,PRECISE,691,PASS,1/1,P031
18,75646813,DEL00000039,DEL,80373285,18,80373285,-4726472,32,24,PRECISE,1190,PASS,0/1,P031
19,49643215,DUP00000038,DUP,58617616,19,58617616,8974401,12,0,IMPRECISE,386,PASS,0/1,P031
20,10931427,DEL00000040,DEL,11571261,20,11571261,-639834,36,24,PRECISE,1338,PASS,0/1,P031
20,11571262,DUP00000039,DUP,12091311,20,12091311,520049,20,7,PRECISE,571,PASS,0/1,P031
20,12091312,DUP00000040,DUP,15564211,20,15564211,3472899,15,1,IMPRECISE,374,PASS,1/1,P031
20,15564212,DEL00000041,DEL,27609128,20,27609128,-12044916,28,23,PRECISE,1171,PASS,0/1,P031
20,27609129,DEL00000042,DEL,27808984,20,27808984,-199855,6,9,PRECISE,350,PASS,0/1,P031
20,27808985,DUP00000041,DUP,40971702,20,40971702,13162717,31,4,PRECISE,714,PASS,0/1,P031
20,40971703,DUP00000042,DUP,41944372,20,41944372,972669,30,16,PRECISE,976,PASS,1/1,P031
20,41944373,DEL00000043,DEL,49065514,20,49065514,-7121141,8,7,PRECISE,420,PASS,1/1,P031
20,49065515,DUP00000043,DUP,64444167,20,64444167,15378652,35,8,PRECISE,1015,PASS,1/1,P031
21,23085704,DEL00000044,DEL,40269918,21,40269918,-17184214,4,9,PRECISE,392,PASS,0/1,P031
21,40269919,DUP00000044,DUP,46709983,21,46709983,6440064,0,21,PRECISE,575,PASS,0/1,P031
22,31052583,DUP00000045,DUP,40398630,22,40398630,9346047,36,22,PRECISE,1194,PASS,0/1,P031
22,40398631,DEL00000045,DEL,50818468,22,50818468,-10419837,25,25,PRECISE,1078,PASS,0/1,P031
19,38697921,INS00000001,INS,38697922,19,38697922,196,31,0,IMPRECISE,621,PASS,1/1,P031
15,45445040,DEL00000046,DEL,45454230,15,45454230,-9190,32,25,PRECISE,1164,PASS,0/1,P031
3,168308328,DUP00000046,DUP,169095701,3,169095701,787373,23,2,IMPRECISE,609,PASS,0/1,P031
19,25993149,BND00000001,BND,51280450,19,51280450,,21,25,PRECISE,1082,PASS,1/1,P031
4,109896014,INS00000002,INS,109896015,4,109896015,2562,8,0,IMPRECISE,224,PASS,0/1,P031
X,22506505,DEL00000047,DEL,22651307,X,22651307,-144802,7,23,PRECISE,760,PASS,0/1,P031
11,115959600,DEL00000048,DEL,115960743,11,115960743,-1143,19,25,PRECISE,909,PASS,0/1,P031
22,32533051,INV00000001,INV,32537737,22,32537737,4686,22,5,PRECISE,543,PASS,0/1,P031
12,118124464,DEL00000049,DEL,118125267,12,118125267,-803,1,3,IMPRECISE,149,LowQual,1/1,P031
7,111600527,DUP00000047,DUP,111644859,7,111644859,44332,5,4,PRECISE,377,PASS,0/1,P031
11,94601914,DEL00000050,DEL,94606338,11,94606338,-4424,40,2,IMPRECISE,1031,PASS,1/1,P031
5,140852235,INS00000003,INS,140852236,5,140852236,2790,24,21,PRECISE,997,PASS,0/1,P031
7,133866536,INS00000004,INS,133866537,7,133866537,145,18,8,PRECISE,599,PASS,1/1,P031
3,156318288,DEL00000051,DEL,156393336,3,156393336,-75048,22,18,PRECISE,915,PASS,0/1,P031
X,136872268,DEL00000052,DEL,136909671,X,136909671,-37403,4,6,PRECISE,288,PASS,0/1,P031
3,172936274,DEL00000053,DEL,173368595,3,173368595,-432321,2,25,PRECISE,623,PASS,0/1,P031
9,43519727,INV00000002,INV,43590361,9,43590361,70634,32,23,PRECISE,1212,PASS,0/1,P031
5,122983585,DEL00000054,DEL,123031857,5,123031857,-48272,29,23,PRECISE,1149,PASS,1/1,P031
4,17106203,DUP00000048,DUP,17253802,4,17253802,147599,1,23,PRECISE,502,PASS,0/1,P031
5,116329055,BND00000002,BND,26710727,22,26710727,,35,3,IMPRECISE,842,PASS,0/1,P031
18,68680904,INS00000005,INS,68680905,18,68680905,2217,16,16,PRECISE,790,PASS,1/1,P031
11,87248260,INV00000003,INV,87647536,11,87647536,399276,38,24,PRECISE,1290,PASS,0/1,P031
7,17542593,INV00000004,INV,17543657,7,17543657,1064,35,21,PRECISE,1146,PASS,0/1,P031
12,10683283,INV00000005,INV,12519694,12,12519694,1836411,16,15,PRECISE,810,PASS,1/1,P031
2,151791355,DEL00000055,DEL,152221095,2,152221095,-429740,32,12,PRECISE,1025,PASS,0/1,P031
13,51511150,DUP00000049,DUP,51523405,13,51523405,12255,33,15,PRECISE,1100,PASS,0/1,P031
14,35040268,BND00000003,BND,69811996,10,69811996,,21,12,PRECISE,778,PASS,0/1,P031
15,91166239,INS00000006,INS,91166240,15,91166240,4494,23,15,PRECISE,797,PASS,0/1,P031
9,37678519,DUP00000050,DUP,37756860,9,37756860,78341,19,6,PRECISE,535,PASS,1/1,P031
11,94509726,INV00000006,INV,94510922,11,94510922,1196,12,3,IMPRECISE,378,PASS,0/1,P031
10,132571733,INV00000007,INV,132647013,10,132647013,75280,12,8,PRECISE,548,PASS,0/1,P031
14,66417450,DEL00000056,DEL,66419754,14,66419754,-2304,3,24,PRECISE,726,PASS,0/1,P031
1,25015764,DUP00000001,DUP,30573947,1,30573947,5558183,36,10,PRECISE,1047,PASS,1/1,P032
1,30573948,DEL00000001,DEL,34738659,1,34738659,-4164711,32,4,PRECISE,854,PASS,0/1,P032
1,34738660,DUP00000002,DUP,36389152,1,36389152,1650492,13,15,PRECISE,708,PASS,0/1,P032
1,87101100,DEL00000002,DEL,126316265,1,126316265,-39215165,3,19,PRECISE,602,PASS,0/1,P032
1,126316266,DUP00000003,DUP,144419607,1,144419607,18103341,21,7,PRECISE,646,PASS,0/1,P032
1,144419608,DEL00000003,DEL,144857845,1,144857845,-438237,6,25,PRECISE,772,PASS,0/1,P032
2,205406728,DEL00000004,DEL,205808971,2,205808971,-402243,7,18,PRECISE,689,PASS,0/1,P032
2,205808972,DUP00000004,DUP,242193529,2,242193529,36384557,33,13,PRECISE,1095,PASS,1/1,P032
3,106926431,DUP00000005,DUP,107299093,3,107299093,372662,25,13,PRECISE,901,PASS,0/1,P032
3,176424790,DUP00000006,DUP,176940838,3,176940838,516048,28,25,PRECISE,1228,PASS,0/1,P032
3,176940839,DEL00000005,DEL,198295559,3,198295559,-21354720,29,25,PRECISE,1216,PASS,1/1,P032
4,44961604,DEL00000006,DEL,47992145,4,47992145,-3030541,11,15,PRECISE,719,PASS,0/1,P032
5,24113672,DEL00000007,DEL,29668311,5,29668311,-5554639,13,11,PRECISE,611,PASS,0/1,P032
5,29668312,DUP00000007,DUP,30177736,5,30177736,509424,1,20,PRECISE,459,PASS,0/1,P032
5,30177737,DUP00000008,DUP,77631981,5,77631981,47454244,33,17,PRECISE,1041,PASS,1/1,P032
5,77631982,DEL00000008,DEL,115082152,5,115082152,-37450170,25,20,PRECISE,1083,PASS,0/1,P032
5,115082153,DEL00000009,DEL,116034624,5,116034624,-952471,5,2,IMPRECISE,159,PASS,1/1,P032
5,175072834,DEL00000010,DEL,181538259,5,181538259,-6465425,9,3,IMPRECISE,334,PASS,1/1,P032
7,9804256,DUP00000009,DUP,16797764,7,16797764,6993508,18,25,PRECISE,995,PASS,0/1,P032
7,16797765,DEL00000011,DEL,19016164,7,19016164,-2218399,0,15,PRECISE,411,PASS,0/1,P032
7,19016165,DUP00000010,DUP,30845144,7,30845144,11828979,5,18,PRECISE,559,PASS,0/1,P032
7,30845145,DEL00000012,DEL,61963399,7,61963399,-31118254,24,6,PRECISE,752,PASS,1/1,P032
7,61963400,DUP00000011,DUP,77085080,7,77085080,15121680,6,1,IMPRECISE,201,PASS,0/1,P032
8,45200001,DUP00000012,DUP,52388405,8,52388405,7188404,6,21,PRECISE,692,PASS,0/1,P032
8,52388406,DEL00000013,DEL,57147900,8,57147900,-4759494,27,5,PRECISE,773,PASS,1/1,P032
9,23754378,DEL00000014,DEL,24195325,9,24195325,-440947,3,9,PRECISE,314,PASS,0/1,P032
9,24195326,DUP00000013,DUP,48924728,9,48924728,24729402,28,22,PRECISE,1162,PASS,0/1,P032
9,48924729,DEL00000015,DEL,49407784,9,49407784,-483055,17,11,PRECISE,691,PASS,0/1,P032
9,49407785,DUP00000014,DUP,56229719,9,56229719,6821934,7,25,PRECISE,706,PASS,0/1,P032
9,56229720,DUP00000015,DUP,87555071,9,87555071,31325351,8,23,PRECISE,668,PASS,0/1,P032
9,87555072,DEL00000016,DEL,118884350,9,118884350,-31329278,14,21,PRECISE,756,PASS,0/1,P032
9,118884351,DUP00000016,DUP,135152144,9,135152144,16267793,22,2,IMPRECISE,621,PASS,0/1,P032
9,135152145,DEL00000017,DEL,138394717,9,138394717,-3242572,22,17,PRECISE,920,PASS,0/1,P032
10,6217252,DEL00000018,DEL,28896510,10,28896510,-22679258,0,14,PRECISE,352,PASS,1/1,P032
10,28896511,DUP00000017,DUP,59461760,10,59461760,30565249,10,5,PRECISE,300,PASS,0/1,P032
10,59461761,DUP00000018,DUP,63244412,10,63244412,3782651,33,1,IMPRECISE,849,PASS,0/1,P032
10,63244413,DEL00000019,DEL,111528428,10,111528428,-48284015,11,14,PRECISE,619,PASS,0/1,P032
10,111528429,DEL00000020,DEL,133797422,10,133797422,-22268993,38,13,PRECISE,1150,PASS,0/1,P032
12,12006131,DUP00000019,DUP,14395266,12,14395266,2389135,26,6,PRECISE,776,PASS,0/1,P032
12,14395267,DEL00000021,DEL,62910438,12,62910438,-48515171,4,4,PRECISE,343,PASS,0/1,P032
12,62910439,DUP00000020,DUP,64985949,12,64985949,2075510,26,2,IMPRECISE,744,PASS,0/1,P032
12,64985950,DEL00000022,DEL,86228389,12,86228389,-21242439,6,9,PRECISE,455,PASS,1/1,P032
12,86228390,DEL00000023,DEL,92278491,12,92278491,-6050101,33,15,PRECISE,1093,PASS,0/1,P032
12,92278492,DUP00000021,DUP,93031982,12,93031982,753490,5,6,PRECISE,278,PASS,0/1,P032
12,93031983,DEL00000024,DEL,123283786,12,123283786,-30251803,21,1,IMPRECISE,605,PASS,0/1,P032
12,123283787,DUP00000022,DUP,133275309,12,133275309,9991522,16,24,PRECISE,953,PASS,0/1,P032
13,66532112,DEL00000025,DEL,67787917,13,67787917,-1255805,25,25,PRECISE,1008,PASS,0/1,P032
13,67787918,DUP00000023,DUP,70676621,13,70676621,2888703,6,7,PRECISE,313,PASS,0/1,P032
13,70676622,DUP00000024,DUP,71450276,13,71450276,773654,5,25,PRECISE,617,PASS,0/1,P032
13,71450277,DEL00000026,DEL,75618945,13,75618945,-4168668,11,25,PRECISE,910,PASS,1/1,P032
13,75618946,DEL00000027,DEL,77372786,13,77372786,-1753840,25,3,IMPRECISE,694,PASS,0/1,P032
13,77372787,DUP00000025,DUP,114364328,13,114364328,36991541,21,14,PRECISE,856,PASS,1/1,P032
14,24137581,DUP00000026,DUP,49296411,14,49296411,25158830,18,14,PRECISE,668,PASS,1/1,P032
14,49296412,DEL00000028,DEL,55536460,14,55536460,-6240048,12,15,PRECISE,682,PASS,0/1,P032
14,55536461,DEL00000029,DEL,81061041,14,81061041,-25524580,2,5,PRECISE,248,PASS,1/1,P032
14,81061042,DUP00000027,DUP,101352421,14,101352421,20291379,2,2,IMPRECISE,214,LowQual,1/1,P032
14,101352422,DEL00000030,DEL,107043718,14,107043718,-5691296,25,10,PRECISE,847,PASS,1/1,P032
15,24707575,DUP00000028,DUP,25080551,15,25080551,372976,14,19,PRECISE,797,PASS,0/1,P032
17,2540215,DUP00000029,DUP,9368817,17,9368817,6828602,38,17,PRECISE,1242,PASS,0/1,P032
17,9368818,DEL00000031,DEL,14674492,17,14674492,-5305674,24,4,PRECISE,733,PASS,1/1,P032
17,14674493,DEL00000032,DEL,15280403,17,15280403,-605910,27,17,PRECISE,1003,PASS,0/1,P032
17,15280404,DUP00000030,DUP,24779650,17,24779650,9499246,5,19,PRECISE,636,PASS,0/1,P032
17,24779651,DUP00000031,DUP,58031550,17,58031550,33251899,16,6,PRECISE,620,PASS,0/1,P032
17,58031551,DEL00000033,DEL,83257441,17,83257441,-25225890,36,8,PRECISE,974,PASS,1/1,P032
18,39298428,DEL00000034,DEL,63159319,18,63159319,-23860891,34,17,PRECISE,1094,PASS,1/1,P032
18,63159320,DUP00000032,DUP,80373285,18,80373285,17213965,10,21,PRECISE,724,PASS,1/1,P032
19,11812243,DEL00000035,DEL,12696743,19,12696743,-884500,20,4,PRECISE,547,PASS,0/1,P032
19,12696744,DUP00000033,DUP,37122543,19,37122543,24425799,11,23,PRECISE,782,PASS,1/1,P032
19,37122544,DUP00000034,DUP,37784844,19,37784844,662300,28,13,PRECISE,893,PASS,1/1,P032
19,37784845,DEL00000036,DEL,43530982,19,43530982,-5746137,38,23,PRECISE,1387,PASS,1/1,P032
19,43530983,DUP00000035,DUP,58617616,19,58617616,15086633,17,2,IMPRECISE,387,PASS,0/1,P032
20,28100001,DUP00000036,DUP,64444167,20,64444167,36344166,38,24,PRECISE,1399,PASS,0/1,P032
21,8287823,DEL00000037,DEL,14141437,21,14141437,-5853614,24,5,PRECISE,628,PASS,0/1,P032
21,14141438,DUP00000037,DUP,16189092,21,16189092,2047654,21,17,PRECISE,806,PASS,0/1,P032
21,16189093,DEL00000038,DEL,20383605,21,20383605,-4194512,25,21,PRECISE,985,PASS,1/1,P032
21,20383606,DEL00000039,DEL,23751329,21,23751329,-3367723,19,25,PRECISE,1050,PASS,1/1,P032
21,23751330,DUP00000038,DUP,24659337,21,24659337,908007,34,0,IMPRECISE,879,PASS,0/1,P032
21,24659338,DEL00000040,DEL,25033091,21,25033091,-373753,12,9,PRECISE,581,PASS,0/1,P032
21,25033092,DUP00000039,DUP,40149019,21,40149019,15115927,22,8,PRECISE,751,PASS,0/1,P032
21,40149020,DEL00000041,DEL,46709983,21,46709983,-6560963,38,8,PRECISE,1110,PASS,0/1,P032
22,1317889,DEL00000042,DEL,6261406,22,6261406,-4943517,5,9,PRECISE,286,PASS,1/1,P032
22,6261407,DUP00000040,DUP,18876713,22,18876713,12615306,21,10,PRECISE,626,PASS,0/1,P032
22,18876714,DEL00000043,DEL,21880777,22,21880777,-3004063,34,16,PRECISE,1075,PASS,0/1,P032
22,21880778,DUP00000041,DUP,23444786,22,23444786,1564008,39,7,PRECISE,1076,PASS,0/1,P032
22,23444787,DUP00000042,DUP,28890780,22,28890780,5445993,39,3,IMPRECISE,981,PASS,0/1,P032
22,28890781,DEL00000044,DEL,32737034,22,32737034,-3846253,30,22,PRECISE,1211,PASS,0/1,P032
22,32737035,DUP00000043,DUP,35357096,22,35357096,2620061,29,19,PRECISE,1038,PASS,0/1,P032
22,35357097,DEL00000045,DEL,37842485,22,37842485,-2485388,28,22,PRECISE,1043,PASS,0/1,P032
22,37842486,DEL00000046,DEL,38475528,22,38475528,-633042,7,12,PRECISE,494,PASS,0/1,P032
22,38475529,DUP00000044,DUP,50818468,22,50818468,12342939,9,25,PRECISE,682,PASS,0/1,P032
X,130696257,INV00000001,INV,131703343,X,131703343,1007086,26,24,PRECISE,1035,PASS,1/1,P032
14,15072626,DEL00000047,DEL,17271727,14,17271727,-2199101,21,3,IMPRECISE,582,PASS,0/1,P032
7,15367508,INV00000002,INV,15414100,7,15414100,46592,5,5,PRECISE,391,PASS,0/1,P032
3,183734779,DEL00000048,DEL,183961366,3,183961366,-226587,29,20,PRECISE,1138,PASS,1/1,P032
1,86094988,INS00000001,INS,86094989,1,86094989,5278,20,4,PRECISE,565,PASS,0/1,P032
6,4057773,DUP00000045,DUP,4072885,6,4072885,15112,10,2,IMPRECISE,386,PASS,0/1,P032
21,40756135,DEL00000049,DEL,40758260,21,40758260,-2125,25,21,PRECISE,966,PASS,0/1,P032
14,91986623,DEL00000050,DEL,93995723,14,93995723,-2009100,9,4,PRECISE,382,PASS,0/1,P032
X,154481805,DEL00000051,DEL,154485175,X,154485175,-3370,26,2,IMPRECISE,688,PASS,0/1,P032
14,43024691,DEL00000052,DEL,43263899,14,43263899,-239208,31,22,PRECISE,1071,PASS,0/1,P032
1,15003096,DEL00000053,DEL,15069213,1,15069213,-66117,34,4,PRECISE,806,PASS,0/1,P032
1,1915763,INS00000002,INS,1915764,1,1915764,2983,28,22,PRECISE,1173,PASS,1/1,P032
15,72302889,INV00000003,INV,75691095,15,75691095,3388206,13,0,IMPRECISE,319,PASS,0/1,P032
16,12806086,DUP00000046,DUP,12813995,16,12813995,7909,35,10,PRECISE,976,PASS,1/1,P032
1,43495555,DUP00000047,DUP,43597758,1,43597758,102203,37,24,PRECISE,1406,PASS,0/1,P032
8,25678098,INV00000004,INV,31100535,8,31100535,5422437,36,23,PRECISE,1186,PASS,0/1,P032
22,12249652,DUP00000048,DUP,12446348,22,12446348,196696,0,14,PRECISE,438,PASS,0/1,P032
3,106112190,BND00000001,BND,75346736,13,75346736,,10,13,PRECISE,659,PASS,1/1,P032
X,94716867,INV00000005,INV,95135015,X,95135015,418148,33,0,IMPRECISE,804,PASS,0/1,P032
10,22732621,DUP00000049,DUP,22737398,10,22737398,4777,5,8,PRECISE,423,PASS,0/1,P032
18,54154202,DEL00000054,DEL,55670713,18,55670713,-1516511,30,10,PRECISE,997,PASS,0/1,P032
8,3369862,DEL00000055,DEL,4702793,8,4702793,-1332931,20,9,PRECISE,763,PASS,0/1,P032
4,33843578,DUP00000050,DUP,34103544,4,34103544,259966,24,20,PRECISE,1068,PASS,0/1,P032
19,32109870,INS00000003,INS,32109871,19,32109871,5111,4,16,PRECISE,531,PASS,0/1,P032
11,93745591,INS00000004,INS,93745592,11,93745592,5677,36,9,PRECISE,1063,PASS,0/1,P032
15,61060579,BND00000002,BND,12065712,12,12065712,,16,8,PRECISE,481,PASS,0/1,P032
13,81858313,INV00000006,INV,81971301,13,81971301,112988,17,5,PRECISE,598,PASS,0/1,P032
17,20952314,INV00000007,INV,20953604,17,20953604,1290,3,18,PRECISE,577,PASS,1/1,P032
12,25948729,BND00000003,BND,73753047,10,73753047,,1,22,PRECISE,604,PASS,0/1,P032
5,133903601,DUP00000051,DUP,135649115,5,135649115,1745514,16,14,PRECISE,625,PASS,0/1,P032
7,71043496,BND00000004,BND,10242652,14,10242652,,33,9,PRECISE,982,PASS,0/1,P032
X,64726936,DUP00000052,DUP,64729834,X,64729834,2898,10,14,PRECISE,600,PASS,0/1,P032
17,8840572,BND00000005,BND,121332637,X,121332637,,16,19,PRECISE,847,PASS,0/1,P032
19,48351694,DEL00000056,DEL,48438812,19,48438812,-87118,29,8,PRECISE,911,PASS,1/1,P032
8,17931498,DEL00000057,DEL,17944742,8,17944742,-13244,29,1,IMPRECISE,781,PASS,1/1,P032
13,71300321,DEL00000058,DEL,71301395,13,71301395,-1074,8,6,PRECISE,375,PASS,1/1,P032
3,99572932,DUP00000053,DUP,99574192,3,99574192,1260,31,22,PRECISE,1081,PASS,1/1,P032
22,26677031,INV00000008,INV,26708490,22,26708490,31459,21,5,PRECISE,560,PASS,0/1,P032
19,13668797,INS00000005,INS,13668798,19,13668798,176,31,4,PRECISE,854,PASS,0/1,P032
12,2830477,BND00000006,BND,69122509,15,69122509,,21,9,PRECISE,748,PASS,0/1,P032
19,2275416,DEL00000059,DEL,2303820,19,2303820,-28404,8,8,PRECISE,365,PASS,0/1,P032
22,39283425,INV00000009,INV,40189507,22,40189507,906082,16,3,IMPRECISE,578,PASS,1/1,P032
8,29120307,INV00000010,INV,29185184,8,29185184,64877,37,15,PRECISE,1203,PASS,0/1,P032
11,115636353,DEL00000060,DEL,115640888,11,115640888,-4535,28,4,PRECISE,669,PASS,0/1,P032
16,61130926,INV00000011,INV,62832632,16,62832632,1701706,2,17,PRECISE,451,PASS,0/1,P032
15,4074219,DUP00000054,DUP,4075530,15,4075530,1311,11,10,PRECISE,440,PASS,0/1,P032
15,41941100,INV00000012,INV,42021196,15,42021196,80096,18,18,PRECISE,765,PASS,0/1,P032
12,95867332,INV00000013,INV,95920265,12,95920265,52933,27,8,PRECISE,712,PASS,0/1,P032
8,112711670,DEL00000061,DEL,114616785,8,114616785,-1905115,33,16,PRECISE,1013,PASS,0/1,P032
14,71020238,INS00000006,INS,71020239,14,71020239,5038,33,11,PRECISE,924,PASS,0/1,P032
15,5399079,DUP00000055,DUP,5400628,15,5400628,1549,21,10,PRECISE,804,PASS,0/1,P032
10,43619400,INS00000007,INS,43619401,10,43619401,1402,19,19,PRECISE,820,PASS,0/1,P032
11,112217354,DEL00000062,DEL,112219378,11,112219378,-2024,20,20,PRECISE,954,PASS,1/1,P032
4,83626970,DUP00000056,DUP,83628522,4,83628522,1552,11,22,PRECISE,683,PASS,0/1,P032
5,174127501,INS00000008,INS,174127502,5,174127502,3373,36,18,PRECISE,1199,PASS,1/1,P032
19,45912457,DUP00000057,DUP,46091413,19,46091413,178956,29,1,IMPRECISE,788,PASS,0/1,P032
6,139518659,DUP00000058,DUP,139543910,6,139543910,25251,33,16,PRECISE,1162,PASS,0/1,P032
3,137332076,DEL00000063,DEL,137332602,3,137332602,-526,37,2,IMPRECISE,902,PASS,1/1,P032
1,205303846,DUP00000059,DUP,205528216,1,205528216,224370,20,3,IMPRECISE,605,PASS,1/1,P032
20,44392424,DEL00000064,DEL,45567490,20,45567490,-1175066,12,5,PRECISE,372,PASS,1/1,P032
10,12700000,INV00000014,INV,12739728,10,12739728,39728,16,15,PRECISE,645,PASS,0/1,P032
20,25895001,DUP00000060,DUP,25924666,20,25924666,29665,38,4,PRECISE,877,PASS,0/1,P032
1,243512763,DEL00000065,DEL,243516594,1,243516594,-3831,32,2,IMPRECISE,715,PASS,0/1,P032
10,24907045,DUP00000061,DUP,27796020,10,27796020,2888975,11,20,PRECISE,736,PASS,0/1,P032
11,31077770,INV00000015,INV,31079757,11,31079757,1987,34,17,PRECISE,1195,PASS,0/1,P032
1,31160687,DUP00000001,DUP,36116594,1,36116594,4955907,11,7,PRECISE,455,PASS,1/1,P033
1,36116595,DEL00000001,DEL,85896082,1,85896082,-49779487,39,12,PRECISE,1065,PASS,0/1,P033
1,85896083,DEL00000002,DEL,99557376,1,99557376,-13661293,34,9,PRECISE,952,PASS,0/1,P033
1,99557377,DUP00000002,DUP,123400000,1,123400000,23842623,38,20,PRECISE,1161,PASS,0/1,P033
3,59458511,DEL00000003,DEL,60214374,3,60214374,-755863,21,11,PRECISE,791,PASS,1/1,P033
3,60214375,DUP00000003,DUP,76384992,3,76384992,16170617,10,19,PRECISE,708,PASS,0/1,P033
3,76384993,DEL00000004,DEL,76581397,3,76581397,-196404,6,10,PRECISE,425,PASS,0/1,P033
3,76581398,DUP00000004,DUP,77107405,3,77107405,526007,7,5,PRECISE,324,PASS,0/1,P033
3,77107406,DUP00000005,DUP,77768004,3,77768004,660598,5,3,IMPRECISE,275,PASS,0/1,P033
4,3794325,DUP00000006,DUP,16500710,4,16500710,12706385,27,12,PRECISE,818,PASS,0/1,P033
4,16500711,DEL00000005,DEL,26633840,4,26633840,-10133129,30,4,PRECISE,754,PASS,0/1,P033
4,26633841,DEL00000006,DEL,27589216,4,27589216,-955375,39,15,PRECISE,1190,PASS,1/1,P033
4,108846533,DUP00000007,DUP,121802569,4,121802569,12956036,23,15,PRECISE,917,PASS,1/1,P033
5,84975663,DEL00000007,DEL,97180260,5,97180260,-12204597,22,17,PRECISE,917,PASS,0/1,P033
6,23275216,DEL00000008,DEL,31623631,6,31623631,-8348415,38,24,PRECISE,1251,PASS,1/1,P033
6,31623632,DUP00000008,DUP,37636049,6,37636049,6012417,19,4,PRECISE,491,PASS,0/1,P033
6,37636050,DEL00000009,DEL,41479780,6,41479780,-3843730,34,24,PRECISE,1185,PASS,0/1,P033
6,114343235,DEL00000010,DEL,142053805,6,142053805,-27710570,8,10,PRECISE,431,PASS,0/1,P033
6,142053806,DUP00000009,DUP,170805979,6,170805979,28752173,28,20,PRECISE,994,PASS,1/1,P033
7,10046436,DUP00000010,DUP,34412987,7,34412987,24366551,9,8,PRECISE,478,PASS,0/1,P033
8,45200001,DUP00000011,DUP,82190535,8,82190535,36990534,2,23,PRECISE,615,PASS,0/1,P033
8,82190536,DEL00000011,DEL,95919693,8,95919693,-13729157,11,1,IMPRECISE,369,PASS,1/1,P033
8,95919694,DUP00000012,DUP,145138636,8,145138636,49218942,15,9,PRECISE,579,PASS,0/1,P033
9,71922734,DEL00000012,DEL,72184007,9,72184007,-261273,18,1,IMPRECISE,516,PASS,0/1,P033
9,72184008,DUP00000013,DUP,105124048,9,105124048,32940040,31,2,IMPRECISE,759,PASS,0/1,P033
9,105124049,DUP00000014,DUP,133799815,9,133799815,28675766,19,13,PRECISE,688,PASS,0/1,P033
9,133799816,DEL00000013,DEL,138394717,9,138394717,-4594901,35,0,IMPRECISE,784,PASS,0/1,P033
10,96882105,DUP00000015,DUP,98587490,10,98587490,1705385,35,2,IMPRECISE,843,PASS,0/1,P033
10,98587491,DEL00000014,DEL,133797422,10,133797422,-35209931,10,23,PRECISE,813,PASS,0/1,P033
11,44846663,DEL00000015,DEL,45156412,11,45156412,-309749,19,22,PRECISE,840,PASS,1/1,P033
11,45156413,DUP00000016,DUP,81481756,11,81481756,36325343,22,4,PRECISE,677,PASS,0/1,P033
11,81481757,DEL00000016,DEL,82981168,11,82981168,-1499411,15,24,PRECISE,958,PASS,1/1,P033
12,79885771,DEL00000017,DEL,97332967,12,97332967,-17447196,16,5,PRECISE,447,PASS,1/1,P033
12,97332968,DUP00000017,DUP,97430908,12,97430908,97940,40,17,PRECISE,1335,PASS,0/1,P033
12,97430909,DEL00000018,DEL,99140547,12,99140547,-1709638,9,12,PRECISE,437,PASS,0/1,P033
12,99140548,DUP00000018,DUP,133275309,12,133275309,34134761,24,21,PRECISE,924,PASS,0/1,P033
14,40173966,DEL00000019,DEL,41386406,14,41386406,-1212440,23,18,PRECISE,1006,PASS,0/1,P033
14,41386407,DUP00000019,DUP,46649622,14,46649622,5263215,8,13,PRECISE,483,PASS,1/1,P033
14,46649623,DUP00000020,DUP,48232476,14,48232476,1582853,29,23,PRECISE,1064,PASS,1/1,P033
15,88454248,DUP00000021,DUP,93841925,15,93841925,5387677,24,5,PRECISE,693,PASS,0/1,P033
15,93841926,DEL00000020,DEL,101991189,15,101991189,-8149263,14,21,PRECISE,748,PASS,0/1,P033
18,8666922,DEL00000021,DEL,9660625,18,9660625,-993703,9,0,IMPRECISE,347,PASS,0/1,P033
19,47933937,DEL00000022,DEL,57658711,19,57658711,-9724774,22,17,PRECISE,804,PASS,0/1,P033
19,57658712,DUP00000022,DUP,58617616,19,58617616,958904,14,25,PRECISE,848,PASS,0/1,P033
20,594424,DUP00000023,DUP,5742975,20,5742975,5148551,40,1,IMPRECISE,970,PASS,0/1,P033
20,5742976,DEL00000023,DEL,36568311,20,36568311,-30825335,30,9,PRECISE,799,PASS,0/1,P033
20,36568312,DEL00000024,DEL,61086505,20,61086505,-24518193,35,13,PRECISE,1051,PASS,0/1,P033
20,61086506,DUP00000024,DUP,64444167,20,64444167,3357661,39,17,PRECISE,1265,PASS,0/1,P033
21,10681629,DUP00000025,DUP,11868275,21,11868275,1186646,8,22,PRECISE,773,PASS,0/1,P033
21,11868276,DEL00000025,DEL,33738009,21,33738009,-21869733,38,14,PRECISE,1208,PASS,0/1,P033
21,33738010,DEL00000026,DEL,39506619,21,39506619,-5768609,27,5,PRECISE,743,PASS,0/1,P033
21,39506620,DUP00000026,DUP,46709983,21,46709983,7203363,3,19,PRECISE,619,PASS,1/1,P033
22,545877,DUP00000027,DUP,17270218,22,17270218,16724341,18,2,IMPRECISE,521,PASS,0/1,P033
22,17270219,DEL00000027,DEL,50818468,22,50818468,-33548249,40,23,PRECISE,1295,PASS,1/1,P033
18,34508730,INV00000001,INV,40422905,18,40422905,5914175,26,2,IMPRECISE,758,PASS,0/1,P033
10,117770296,BND00000001,BND,99010406,8,99010406,,38,4,PRECISE,895,PASS,0/1,P033
2,221443699,INS00000001,INS,221443700,2,221443700,4607,17,6,PRECISE,558,PASS,0/1,P033
12,101207496,INS00000002,INS,101207497,12,101207497,1902,16,24,PRECISE,970,PASS,0/1,P033
1,95878509,INV00000002,INV,96542248,1,96542248,663739,40,9,PRECISE,1058,PASS,0/1,P033
10,112605290,INS00000003,INS,112605291,10,112605291,5523,16,15,PRECISE,790,PASS,0/1,P033
7,81873006,INV00000003,INV,82594865,7,82594865,721859,26,16,PRECISE,993,PASS,0/1,P033
10,111290541,INV00000004,INV,111450284,10,111450284,159743,15,12,PRECISE,561,PASS,0/1,P033
16,50858708,DEL00000028,DEL,50867782,16,50867782,-9074,10,25,PRECISE,888,PASS,1/1,P033
7,20920360,DEL00000029,DEL,20937326,7,20937326,-16966,20,12,PRECISE,716,PASS,0/1,P033
16,33838966,DEL00000030,DEL,33841955,16,33841955,-2989,4,16,PRECISE,572,PASS,1/1,P033
22,29014154,BND00000002,BND,28628819,21,28628819,,24,5,PRECISE,594,PASS,0/1,P033
X,50834902,INV00000005,INV,50836669,X,50836669,1767,8,13,PRECISE,454,PASS,0/1,P033
11,60362772,DUP00000028,DUP,60368347,11,60368347,5575,3,1,IMPRECISE,197,LowQual,1/1,P033
11,85516950,DEL00000031,DEL,85523175,11,85523175,-6225,34,18,PRECISE,1113,PASS,1/1,P033
20,8285400,BND00000003,BND,87573259,6,87573259,,12,22,PRECISE,853,PASS,0/1,P033
8,98133807,INS00000004,INS,98133808,8,98133808,5162,20,7,PRECISE,617,PASS,1/1,P033
17,18153266,INV00000006,INV,18176875,17,18176875,23609,16,3,IMPRECISE,439,PASS,0/1,P033
17,3540891,INV00000007,INV,3843796,17,3843796,302905,40,13,PRECISE,1238,PASS,0/1,P033
18,77510921,DEL00000032,DEL,77513080,18,77513080,-2159,9,3,IMPRECISE,408,PASS,0/1,P033
17,81358274,DEL00000033,DEL,81361866,17,81361866,-3592,8,9,PRECISE,389,PASS,0/1,P033
8,40100818,INV00000008,INV,40391095,8,40391095,290277,8,21,PRECISE,777,PASS,0/1,P033
11,34946215,DUP00000029,DUP,35146261,11,35146261,200046,27,15,PRECISE,897,PASS,1/1,P033
21,25617348,INV00000009,INV,25618948,21,25618948,1600,24,23,PRECISE,1046,PASS,0/1,P033
1,44012977,BND00000004,BND,1347080,10,1347080,,23,16,PRECISE,864,PASS,0/1,P033
X,72443512,DEL00000034,DEL,72452379,X,72452379,-8867,29,21,PRECISE,1039,PASS,0/1,P033
14,71865351,DUP00000030,DUP,71957364,14,71957364,92013,35,21,PRECISE,1226,PASS,0/1,P033
3,190554294,DUP00000031,DUP,190697434,3,190697434,143140,37,18,PRECISE,1240,PASS,1/1,P033
18,16763210,DEL00000035,DEL,16842054,18,16842054,-78844,30,22,PRECISE,1213,PASS,0/1,P033
4,132582647,INV00000010,INV,133379511,4,133379511,796864,20,24,PRECISE,993,PASS,0/1,P033
19,28678113,DEL00000036,DEL,28678439,19,28678439,-326,21,0,IMPRECISE,553,PASS,0/1,P033
13,104379489,INV00000011,INV,104386594,13,104386594,7105,5,24,PRECISE,637,PASS,0/1,P033
5,31973848,DEL00000001,DEL,38831992,5,38831992,-6858144,33,19,PRECISE,1181,PASS,0/1,P034
5,38831993,DUP00000001,DUP,60710438,5,60710438,21878445,35,18,PRECISE,1257,PASS,1/1,P034
5,60710439,DEL00000002,DEL,61068958,5,61068958,-358519,27,7,PRECISE,764,PASS,0/1,P034
5,122551239,DUP00000002,DUP,125828778,5,125828778,3277539,32,9,PRECISE,984,PASS,1/1,P034
6,32234452,DUP00000003,DUP,34711231,6,34711231,2476779,7,19,PRECISE,604,PASS,0/1,P034
7,133184207,DEL00000003,DEL,133522869,7,133522869,-338662,0,24,PRECISE,540,PASS,0/1,P034
7,133522870,DUP00000004,DUP,139079410,7,139079410,5556540,22,1,IMPRECISE,607,PASS,1/1,P034
7,139079411,DUP00000005,DUP,139471562,7,139471562,392151,14,0,IMPRECISE,448,PASS,1/1,P034
7,139471563,DEL00000004,DEL,159345973,7,159345973,-19874410,1,7,PRECISE,222,PASS,0/1,P034
8,4003509,DUP00000006,DUP,4337889,8,4337889,334380,38,25,PRECISE,1308,PASS,0/1,P034
8,4337890,DEL00000005,DEL,29684710,8,29684710,-25346820,12,20,PRECISE,673,PASS,0/1,P034
8,29684711,DEL00000006,DEL,53436203,8,53436203,-23751492,22,12,PRECISE,861,PASS,0/1,P034
9,52285961,DUP00000007,DUP,54482293,9,54482293,2196332,25,21,PRECISE,966,PASS,1/1,P034
9,54482294,DEL00000007,DEL,57345768,9,57345768,-2863474,15,0,IMPRECISE,394,PASS,0/1,P034
9,57345769,DUP00000008,DUP,58762297,9,58762297,1416528,31,1,IMPRECISE,668,PASS,0/1,P034
10,8810759,DUP00000009,DUP,10516832,10,10516832,1706073,35,13,PRECISE,1122,PASS,0/1,P034
10,81074329,DUP00000010,DUP,111599237,10,111599237,30524908,33,11,PRECISE,972,PASS,0/1,P034
10,111599238,DEL00000008,DEL,133797422,10,133797422,-22198184,5,18,PRECISE,566,PASS,0/1,P034
12,7886690,DEL00000009,DEL,9260721,12,9260721,-1374031,10,5,PRECISE,430,PASS,0/1,P034
12,9260722,DUP00000011,DUP,18671170,12,18671170,9410448,6,6,PRECISE,413,PASS,1/1,P034
12,18671171,DUP00000012,DUP,20078761,12,20078761,1407590,7,6,PRECISE,411,PASS,0/1,P034
12,122125537,DEL00000010,DEL,122568257,12,122568257,-442720,34,23,PRECISE,1166,PASS,0/1,P034
12,122568258,DUP00000013,DUP,133275309,12,133275309,10707051,25,9,PRECISE,697,PASS,0/1,P034
14,99228301,DUP00000014,DUP,99698466,14,99698466,470165,40,24,PRECISE,1427,PASS,0/1,P034
14,99698467,DEL00000011,DEL,107043718,14,107043718,-7345251,32,2,IMPRECISE,788,PASS,0/1,P034
16,34371525,DEL00000012,DEL,56077224,16,56077224,-21705699,16,10,PRECISE,677,PASS,1/1,P034
16,56077225,DUP00000015,DUP,90338345,16,90338345,34261120,27,4,PRECISE,651,PASS,0/1,P034
17,12621691,DUP00000016,DUP,51716940,17,51716940,39095249,16,8,PRECISE,554,PASS,1/1,P034
17,51716941,DEL00000013,DEL,67742227,17,67742227,-16025286,24,14,PRECISE,806,PASS,0/1,P034
17,67742228,DUP00000017,DUP,83257441,17,83257441,15515213,37,16,PRECISE,1213,PASS,1/1,P034
18,12998870,DEL00000014,DEL,13546645,18,13546645,-547775,12,9,PRECISE,575,PASS,0/1,P034
18,13546646,DUP00000018,DUP,18500000,18,18500000,4953354,17,12,PRECISE,652,PASS,0/1,P034
18,74494002,DUP00000019,DUP,80373285,18,80373285,5879283,19,20,PRECISE,895,PASS,0/1,P034
19,41330071,DEL00000015,DEL,42495122,19,42495122,-1165051,4,16,PRECISE,465,PASS,0/1,P034
19,42495123,DUP00000020,DUP,56561383,19,56561383,14066260,39,6,PRECISE,1010,PASS,0/1,P034
19,56561384,DUP00000021,DUP,58617616,19,58617616,2056232,17,19,PRECISE,842,PASS,1/1,P034
20,28100001,DUP00000022,DUP,64444167,20,64444167,36344166,33,16,PRECISE,1059,PASS,0/1,P034
22,34169706,DEL00000016,DEL,34375350,22,34375350,-205644,31,10,PRECISE,1002,PASS,1/1,P034
22,34375351,DUP00000023,DUP,39508397,22,39508397,5133046,29,16,PRECISE,1013,PASS,0/1,P034
22,39508398,DEL00000017,DEL,42320693,22,42320693,-2812295,33,19,PRECISE,1153,PASS,1/1,P034
22,42320694,DUP00000024,DUP,50818468,22,50818468,8497774,19,4,PRECISE,481,PASS,0/1,P034
X,109385052,DUP00000025,DUP,139652584,X,139652584,30267532,33,17,PRECISE,1135,PASS,0/1,P034
X,139652585,DEL00000018,DEL,156040895,X,156040895,-16388310,24,24,PRECISE,1155,PASS,0/1,P034
17,10174553,INS00000001,INS,10174554,17,10174554,2669,23,24,PRECISE,1140,PASS,0/1,P034
15,74867310,DEL00000019,DEL,74872478,15,74872478,-5168,38,18,PRECISE,1205,PASS,1/1,P034
17,58162398,INS00000002,INS,58162399,17,58162399,896,4,8,PRECISE,428,PASS,0/1,P034
19,14904347,BND00000001,BND,22273135,1,22273135,,18,19,PRECISE,884,PASS,1/1,P034
11,108295198,BND00000002,BND,25658176,7,25658176,,17,24,PRECISE,943,PASS,0/1,P034
3,160820076,INV00000001,INV,160841275,3,160841275,21199,1,4,PRECISE,116,LowQual,0/1,P034
14,99530986,INV00000002,INV,99561300,14,99561300,30314,9,12,PRECISE,519,PASS,0/1,P034
17,47660667,DUP00000026,DUP,49679405,17,49679405,2018738,8,15,PRECISE,614,PASS,0/1,P034
12,100675732,INS00000003,INS,100675733,12,100675733,5243,23,9,PRECISE,700,PASS,0/1,P034
X,4767005,INV00000003,INV,10110588,X,10110588,5343583,5,24,PRECISE,719,PASS,0/1,P034
1,91564463,DEL00000020,DEL,91567174,1,91567174,-2711,26,1,IMPRECISE,579,PASS,1/1,P034
5,175017031,DEL00000021,DEL,175017686,5,175017686,-655,15,25,PRECISE,854,PASS,0/1,P034
17,62307267,DUP00000027,DUP,62339445,17,62339445,32178,25,23,PRECISE,1157,PASS,1/1,P034
17,13381299,DEL00000022,DEL,13383672,17,13383672,-2373,13,20,PRECISE,815,PASS,1/1,P034
7,107817840,INV00000004,INV,107893930,7,107893930,76090,31,15,PRECISE,983,PASS,1/1,P034
X,44049737,DUP00000028,DUP,44050821,X,44050821,1084,11,13,PRECISE,648,PASS,0/1,P034
2,168635718,DEL00000023,DEL,168993888,2,168993888,-358170,28,23,PRECISE,1087,PASS,0/1,P034
12,106041561,INS00000004,INS,106041562,12,106041562,971,31,19,PRECISE,1194,PASS,0/1,P034
21,42135118,DEL00000024,DEL,42214258,21,42214258,-79140,4,10,PRECISE,466,PASS,0/1,P034
8,111733645,DEL00000025,DEL,111764729,8,111764729,-31084,16,23,PRECISE,897,PASS,0/1,P034
6,126757319,DUP00000029,DUP,126768507,6,126768507,11188,16,2,IMPRECISE,439,PASS,0/1,P034
17,73770956,DEL00000026,DEL,73771434,17,73771434,-478,25,12,PRECISE,892,PASS,0/1,P034
X,124389244,BND00000003,BND,12716694,21,12716694,,5,9,PRECISE,401,PASS,0/1,P034
2,197722477,INV00000005,INV,202340667,2,202340667,4618190,5,22,PRECISE,616,PASS,0/1,P034
18,63057056,INV00000006,INV,64188799,18,64188799,1131743,29,18,PRECISE,1136,PASS,0/1,P034
22,16322511,INS00000005,INS,16322512,22,16322512,5573,27,22,PRECISE,1043,PASS,0/1,P034
4,147596770,DEL00000027,DEL,147613704,4,147613704,-16934,3,20,PRECISE,645,PASS,0/1,P034
19,30708588,DUP00000030,DUP,31203720,19,31203720,495132,22,15,PRECISE,789,PASS,0/1,P034
17,23911561,INV00000007,INV,23928912,17,23928912,17351,28,7,PRECISE,867,PASS,0/1,P034
7,144203948,INV00000008,INV,145788440,7,145788440,1584492,19,22,PRECISE,996,PASS,0/1,P034
2,218757732,INV00000009,INV,220224082,2,220224082,1466350,29,20,PRECISE,1156,PASS,0/1,P034
21,6539074,DEL00000028,DEL,6546401,21,6546401,-7327,25,12,PRECISE,835,PASS,1/1,P034
4,20364965,INV00000010,INV,20366949,4,20366949,1984,3,0,IMPRECISE,69,LowQual,0/1,P034
1,184330089,BND00000004,BND,55190644,13,55190644,,6,24,PRECISE,665,PASS,0/1,P034
6,128131233,DUP00000031,DUP,128146930,6,128146930,15697,6,22,PRECISE,669,PASS,0/1,P034
10,94241132,INV00000011,INV,95820266,10,95820266,1579134,29,10,PRECISE,914,PASS,0/1,P034
2,95260295,DEL00000029,DEL,95672213,2,95672213,-411918,26,22,PRECISE,1095,PASS,0/1,P034
8,29881124,DEL00000030,DEL,32193700,8,32193700,-2312576,6,15,PRECISE,617,PASS,0/1,P034
5,3976594,DEL00000031,DEL,4075253,5,4075253,-98659,36,13,PRECISE,1019,PASS,0/1,P034
14,102348906,BND00000005,BND,56911170,11,56911170,,5,3,IMPRECISE,213,PASS,0/1,P034
3,88558745,DUP00000032,DUP,89212667,3,89212667,653922,8,22,PRECISE,733,PASS,0/1,P034
5,34814523,BND00000006,BND,107229017,11,107229017,,39,5,PRECISE,913,PASS,1/1,P034
15,5788823,DUP00000033,DUP,5807929,15,5807929,19106,37,16,PRECISE,1242,PASS,0/1,P034
X,46213875,INV00000012,INV,49743105,X,49743105,3529230,9,0,IMPRECISE,364,PASS,1/1,P034
21,36137891,INS00000006,INS,36137892,21,36137892,2322,8,7,PRECISE,362,PASS,0/1,P034
X,139378419,DUP00000034,DUP,139471221,X,139471221,92802,18,8,PRECISE,558,PASS,0/1,P034
12,87609337,DEL00000032,DEL,87619997,12,87619997,-10660,9,2,IMPRECISE,294,PASS,0/1,P034
15,3981692,DEL00000033,DEL,3982161,15,3982161,-469,1,22,PRECISE,487,PASS,0/1,P034
13,30465900,DEL00000034,DEL,30467215,13,30467215,-1315,0,23,PRECISE,582,PASS,0/1,P034
5,140232415,DUP00000035,DUP,140234019,5,140234019,1604,10,15,PRECISE,675,PASS,0/1,P034
22,34394598,DUP00000036,DUP,34413229,22,34413229,18631,34,9,PRECISE,980,PASS,0/1,P034
12,32203683,DEL00000035,DEL,32400904,12,32400904,-197221,16,7,PRECISE,597,PASS,1/1,P034
9,110002295,DEL00000036,DEL,110002879,9,110002879,-584,0,2,IMPRECISE,206,LowQual,1/1,P034
9,76179626,DEL00000037,DEL,76879935,9,76879935,-700309,18,12,PRECISE,644,PASS,0/1,P034
7,6273774,DEL00000038,DEL,6274866,7,6274866,-1092,6,10,PRECISE,326,PASS,0/1,P034
X,37175911,INV00000013,INV,37182742,X,37182742,6831,22,8,PRECISE,653,PASS,0/1,P034
16,76018739,DEL00000039,DEL,76321201,16,76321201,-302462,16,15,PRECISE,808,PASS,0/1,P034
9,23461251,DUP00000037,DUP,24017184,9,24017184,555933,14,13,PRECISE,616,PASS,0/1,P034
16,53650048,INV00000014,INV,54651452,16,54651452,1001404,14,1,IMPRECISE,306,PASS,1/1,P034
1,137936116,INS00000007,INS,137936117,1,137936117,2829,22,1,IMPRECISE,488,PASS,1/1,P034
10,85147948,DEL00000040,DEL,85182458,10,85182458,-34510,18,11,PRECISE,713,PASS,0/1,P034
22,9584998,INS00000008,INS,9584999,22,9584999,3844,9,9,PRECISE,508,PASS,0/1,P034
7,150184519,INV00000015,INV,150186204,7,150186204,1685,15,19,PRECISE,688,PASS,0/1,P034
3,27490347,INS00000009,INS,27490348,3,27490348,596,18,3,IMPRECISE,451,PASS,0/1,P034
8,22029098,INV00000016,INV,22034727,8,22034727,5629,23,8,PRECISE,764,PASS,0/1,P034
11,107587020,INV00000017,INV,107660195,11,107660195,73175,33,24,PRECISE,1329,PASS,0/1,P034
7,67265043,INS00000010,INS,67265044,7,67265044,5338,28,17,PRECISE,954,PASS,0/1,P034
17,11970361,DEL00000041,DEL,11975442,17,11975442,-5081,3,18,PRECISE,546,PASS,0/1,P034
21,32951930,INS00000011,INS,32951931,21,32951931,3548,2,5,PRECISE,206,PASS,0/1,P034
10,92576730,INV00000018,INV,92643685,10,92643685,66955,0,16,PRECISE,424,PASS,0/1,P034
20,2536699,BND00000007,BND,77888047,6,77888047,,17,3,IMPRECISE,566,PASS,0/1,P034
5,130940490,DEL00000042,DEL,130941159,5,130941159,-669,27,4,PRECISE,647,PASS,0/1,P034
22,45833382,DEL00000043,DEL,46329363,22,46329363,-495981,1,7,PRECISE,293,PASS,0/1,P034
7,120495313,INV00000019,INV,120569519,7,120569519,74206,29,11,PRECISE,997,PASS,1/1,P034
7,38418248,DUP00000038,DUP,39023081,7,39023081,604833,0,24,PRECISE,550,PASS,0/1,P034
16,67189765,INV00000020,INV,67262788,16,67262788,73023,10,10,PRECISE,454,PASS,0/1,P034
19,35873548,DUP00000039,DUP,35883858,19,35883858,10310,31,16,PRECISE,1029,PASS,1/1,P034
13,32602148,BND00000008,BND,24933572,17,24933572,,6,22,PRECISE,755,PASS,1/1,P034
2,149940858,DUP00000001,DUP,153197208,2,153197208,3256350,8,22,PRECISE,786,PASS,0/1,P035
2,153197209,DEL00000001,DEL,156625438,2,156625438,-3428229,39,4,PRECISE,1015,PASS,1/1,P035
2,156625439,DUP00000002,DUP,177228904,2,177228904,20603465,30,4,PRECISE,718,PASS,0/1,P035
2,177228905,DEL00000002,DEL,191259423,2,191259423,-14030518,36,5,PRECISE,999,PASS,0/1,P035
2,191259424,DUP00000003,DUP,228697810,2,228697810,37438386,6,24,PRECISE,701,PASS,0/1,P035
2,228697811,DEL00000003,DEL,239789629,2,239789629,-11091818,29,16,PRECISE,900,PASS,0/1,P035
2,239789630,DUP00000004,DUP,240931005,2,240931005,1141375,14,5,PRECISE,431,PASS,0/1,P035
2,240931006,DEL00000004,DEL,242193529,2,242193529,-1262523,19,22,PRECISE,900,PASS,0/1,P035
3,3429845,DUP00000005,DUP,4751125,3,4751125,1321280,2,22,PRECISE,527,PASS,0/1,P035
4,28960914,DUP00000006,DUP,31514186,4,31514186,2553272,25,11,PRECISE,864,PASS,1/1,P035
4,31514187,DEL00000005,DEL,32080449,4,32080449,-566262,16,0,IMPRECISE,358,PASS,0/1,P035
4,32080450,DUP00000007,DUP,49087500,4,49087500,17007050,27,11,PRECISE,842,PASS,0/1,P035
4,127747748,DEL00000006,DEL,127853192,4,127853192,-105444,15,15,PRECISE,666,PASS,0/1,P035
4,183523230,DEL00000007,DEL,183987834,4,183987834,-464604,26,15,PRECISE,916,PASS,1/1,P035
4,183987835,DUP00000008,DUP,190214555,4,190214555,6226720,10,21,PRECISE,697,PASS,0/1,P035
5,15827548,DEL00000008,DEL,21253722,5,21253722,-5426174,38,5,PRECISE,919,PASS,1/1,P035
5,21253723,DUP00000009,DUP,36092502,5,36092502,14838779,12,10,PRECISE,521,PASS,0/1,P035
5,36092503,DEL00000009,DEL,36651505,5,36651505,-559002,36,21,PRECISE,1248,PASS,0/1,P035
5,36651506,DUP00000010,DUP,48800000,5,48800000,12148494,3,22,PRECISE,619,PASS,0/1,P035
5,48800001,DEL00000010,DEL,74679512,5,74679512,-25879511,38,5,PRECISE,1027,PASS,0/1,P035
5,74679513,DUP00000011,DUP,98412356,5,98412356,23732843,38,0,IMPRECISE,955,PASS,1/1,P035
5,98412357,DEL00000011,DEL,100047936,5,100047936,-1635579,7,14,PRECISE,454,PASS,0/1,P035
5,100047937,DUP00000012,DUP,106703916,5,106703916,6655979,17,8,PRECISE,577,PASS,1/1,P035
5,164262997,DEL00000012,DEL,168724150,5,168724150,-4461153,0,0,IMPRECISE,187,LowQual,0/1,P035
5,168724151,DUP00000013,DUP,181538259,5,181538259,12814108,27,20,PRECISE,1127,PASS,0/1,P035
6,56710265,DEL00000013,DEL,57053474,6,57053474,-343209,14,12,PRECISE,629,PASS,0/1,P035
7,57797435,DUP00000014,DUP,60229940,7,60229940,2432505,39,8,PRECISE,1010,PASS,1/1,P035
7,60229941,DEL00000014,DEL,101968922,7,101968922,-41738981,18,25,PRECISE,915,PASS,0/1,P035
7,101968923,DEL00000015,DEL,119830002,7,119830002,-17861079,28,12,PRECISE,888,PASS,0/1,P035
7,119830003,DUP00000015,DUP,159345973,7,159345973,39515970,13,11,PRECISE,638,PASS,0/1,P035
8,3995667,DEL00000016,DEL,4115140,8,4115140,-119473,34,14,PRECISE,1134,PASS,0/1,P035
8,4115141,DUP00000016,DUP,50946604,8,50946604,46831463,1,13,PRECISE,324,PASS,1/1,P035
8,50946605,DUP00000017,DUP,78198763,8,78198763,27252158,34,14,PRECISE,1049,PASS,0/1,P035
8,78198764,DEL00000017,DEL,83776450,8,83776450,-5577686,0,20,PRECISE,560,PASS,0/1,P035
8,83776451,DUP00000018,DUP,87281385,8,87281385,3504934,12,22,PRECISE,774,PASS,0/1,P035
8,87281386,DEL00000018,DEL,136728256,8,136728256,-49446870,38,14,PRECISE,1181,PASS,0/1,P035
8,136728257,DUP00000019,DUP,138979216,8,138979216,2250959,4,21,PRECISE,700,PASS,0/1,P035
8,138979217,DEL00000019,DEL,145138636,8,145138636,-6159419,12,17,PRECISE,661,PASS,1/1,P035
9,7712777,DEL00000020,DEL,35283264,9,35283264,-27570487,40,21,PRECISE,1271,PASS,1/1,P035
9,35283265,DUP00000020,DUP,59547225,9,59547225,24263960,7,15,PRECISE,611,PASS,1/1,P035
10,61027125,DUP00000021,DUP,61598550,10,61598550,571425,6,1,IMPRECISE,291,PASS,0/1,P035
11,95707605,DUP00000022,DUP,96164327,11,96164327,456722,36,4,PRECISE,896,PASS,0/1,P035
11,96164328,DEL00000021,DEL,113019418,11,113019418,-16855090,29,23,PRECISE,1191,PASS,0/1,P035
11,113019419,DUP00000023,DUP,135086622,11,135086622,22067203,4,1,IMPRECISE,243,LowQual,0/1,P035
13,18334188,DUP00000024,DUP,28138361,13,28138361,9804173,29,7,PRECISE,801,PASS,0/1,P035
13,80930533,DUP00000025,DUP,85750869,13,85750869,4820336,34,14,PRECISE,1070,PASS,0/1,P035
13,85750870,DEL00000022,DEL,91043900,13,91043900,-5293030,34,6,PRECISE,964,PASS,0/1,P035
13,91043901,DEL00000023,DEL,107016423,13,107016423,-15972522,24,2,IMPRECISE,594,PASS,0/1,P035
13,107016424,DUP00000026,DUP,112225216,13,112225216,5208792,32,9,PRECISE,949,PASS,0/1,P035
13,112225217,DEL00000024,DEL,114364328,13,114364328,-2139111,39,4,PRECISE,973,PASS,1/1,P035
14,4204536,DEL00000025,DEL,9061624,14,9061624,-4857088,8,12,PRECISE,509,PASS,0/1,P035
14,9061625,DUP00000027,DUP,31192273,14,31192273,22130648,27,14,PRECISE,908,PASS,1/1,P035
14,31192274,DEL00000026,DEL,33196182,14,33196182,-2003908,38,21,PRECISE,1339,PASS,0/1,P035
14,33196183,DUP00000028,DUP,63385617,14,63385617,30189434,13,14,PRECISE,565,PASS,0/1,P035
14,63385618,DEL00000027,DEL,64427018,14,64427018,-1041400,27,20,PRECISE,978,PASS,1/1,P035
14,64427019,DUP00000029,DUP,68076637,14,68076637,3649618,33,5,PRECISE,762,PASS,0/1,P035
14,68076638,DEL00000028,DEL,80316021,14,80316021,-12239383,9,4,PRECISE,319,PASS,0/1,P035
14,80316022,DUP00000030,DUP,107043718,14,107043718,26727696,31,18,PRECISE,1078,PASS,1/1,P035
15,53781781,DEL00000029,DEL,54503439,15,54503439,-721658,19,16,PRECISE,753,PASS,0/1,P035
15,54503440,DUP00000031,DUP,59791000,15,59791000,5287560,5,5,PRECISE,244,PASS,0/1,P035
15,59791001,DEL00000030,DEL,61523234,15,61523234,-1732233,30,2,IMPRECISE,835,PASS,1/1,P035
15,61523235,DUP00000032,DUP,101991189,15,101991189,40467954,30,7,PRECISE,852,PASS,1/1,P035
16,26758043,DEL00000031,DEL,32377084,16,32377084,-5619041,22,24,PRECISE,959,PASS,0/1,P035
16,32377085,DUP00000033,DUP,45605221,16,45605221,13228136,4,18,PRECISE,540,PASS,0/1,P035
16,45605222,DEL00000032,DEL,46326578,16,46326578,-721356,38,20,PRECISE,1281,PASS,1/1,P035
16,46326579,DUP00000034,DUP,58256627,16,58256627,11930048,23,21,PRECISE,891,PASS,0/1,P035
16,58256628,DEL00000033,DEL,58895629,16,58895629,-639001,32,23,PRECISE,1253,PASS,0/1,P035
16,58895630,DUP00000035,DUP,59778519,16,59778519,882889,36,5,PRECISE,995,PASS,0/1,P035
16,59778520,DUP00000036,DUP,60248671,16,60248671,470151,6,5,PRECISE,243,PASS,1/1,P035
16,60248672,DEL00000034,DEL,73519238,16,73519238,-13270566,34,9,PRECISE,933,PASS,1/1,P035
16,73519239,DEL00000035,DEL,84165325,16,84165325,-10646086,27,13,PRECISE,893,PASS,0/1,P035
16,84165326,DUP00000037,DUP,90338345,16,90338345,6173019,3,16,PRECISE,437,PASS,1/1,P035
17,18620786,DEL00000036,DEL,18966556,17,18966556,-345770,27,13,PRECISE,994,PASS,0/1,P035
17,18966557,DUP00000038,DUP,34714372,17,34714372,15747815,7,6,PRECISE,305,PASS,1/1,P035
17,34714373,DEL00000037,DEL,35055177,17,35055177,-340804,25,2,IMPRECISE,685,PASS,0/1,P035
17,35055178,DUP00000039,DUP,47903472,17,47903472,12848294,33,23,PRECISE,1166,PASS,0/1,P035
17,47903473,DUP00000040,DUP,53541412,17,53541412,5637939,17,20,PRECISE,869,PASS,0/1,P035
17,53541413,DEL00000038,DEL,58029065,17,58029065,-4487652,1,21,PRECISE,563,PASS,0/1,P035
17,58029066,DEL00000039,DEL,65295055,17,65295055,-7265989,34,17,PRECISE,1039,PASS,1/1,P035
17,65295056,DUP00000041,DUP,83257441,17,83257441,17962385,36,25,PRECISE,1292,PASS,0/1,P035
18,6803231,DUP00000042,DUP,37298511,18,37298511,30495280,11,12,PRECISE,603,PASS,1/1,P035
18,37298512,DEL00000040,DEL,57876167,18,57876167,-20577655,36,8,PRECISE,1008,PASS,1/1,P035
18,57876168,DUP00000043,DUP,58448098,18,58448098,571930,7,19,PRECISE,522,PASS,0/1,P035
18,58448099,DEL00000041,DEL,77293734,18,77293734,-18845635,24,14,PRECISE,915,PASS,1/1,P035
18,77293735,DEL00000042,DEL,80373285,18,80373285,-3079550,4,9,PRECISE,401,PASS,0/1,P035
19,39912488,DEL00000043,DEL,40611812,19,40611812,-699324,20,8,PRECISE,708,PASS,0/1,P035
19,40611813,DUP00000044,DUP,41316686,19,41316686,704873,3,25,PRECISE,714,PASS,1/1,P035
19,41316687,DUP00000045,DUP,43203693,19,43203693,1887006,10,18,PRECISE,735,PASS,0/1,P035
19,43203694,DEL00000044,DEL,58617616,19,58617616,-15413922,23,15,PRECISE,884,PASS,0/1,P035
20,28100001,DUP00000046,DUP,64444167,20,64444167,36344166,40,22,PRECISE,1251,PASS,1/1,P035
21,5531595,DUP00000047,DUP,18505748,21,18505748,12974153,14,25,PRECISE,868,PASS,0/1,P035
21,18505749,DEL00000045,DEL,22420071,21,22420071,-3914322,1,6,PRECISE,163,PASS,0/1,P035
21,22420072,DUP00000048,DUP,26501850,21,26501850,4081778,5,6,PRECISE,396,PASS,0/1,P035
21,26501851,DEL00000046,DEL,41856924,21,41856924,-15355073,4,14,PRECISE,503,PASS,0/1,P035
21,41856925,DUP00000049,DUP,42543007,21,42543007,686082,10,1,IMPRECISE,270,PASS,0/1,P035
21,42543008,DEL00000047,DEL,46709983,21,46709983,-4166975,3,14,PRECISE,433,PASS,0/1,P035
21,31608042,DUP00000050,DUP,33548778,21,33548778,1940736,15,14,PRECISE,605,PASS,1/1,P035
1,81432086,INV00000001,INV,81471631,1,81471631,39545,24,6,PRECISE,642,PASS,0/1,P035
18,40773552,DEL00000048,DEL,40930972,18,40930972,-157420,23,17,PRECISE,958,PASS,0/1,P035
3,28529768,INV00000002,INV,28547358,3,28547358,17590,32,24,PRECISE,1268,PASS,0/1,P035
22,18380321,BND00000001,BND,119906940,X,119906940,,2,24,PRECISE,624,PASS,0/1,P035
19,26818621,BND00000002,BND,16083067,21,16083067,,25,23,PRECISE,968,PASS,0/1,P035
10,122045636,DEL00000049,DEL,122127407,10,122127407,-81771,10,13,PRECISE,642,PASS,0/1,P035
7,96563542,DEL00000050,DEL,96565013,7,96565013,-1471,16,24,PRECISE,978,PASS,0/1,P035
20,22562404,DEL00000051,DEL,22829696,20,22829696,-267292,22,7,PRECISE,680,PASS,0/1,P035
15,5932285,INV00000003,INV,6835422,15,6835422,903137,40,9,PRECISE,1140,PASS,1/1,P035
8,30081170,INV00000004,INV,30082625,8,30082625,1455,0,19,PRECISE,410,PASS,1/1,P035
19,54709323,INS00000001,INS,54709324,19,54709324,1396,37,23,PRECISE,1298,PASS,0/1,P035
20,18531684,INS00000002,INS,18531685,20,18531685,793,13,0,IMPRECISE,279,PASS,0/1,P035
14,35310926,INV00000005,INV,35798717,14,35798717,487791,26,25,PRECISE,1156,PASS,0/1,P035
11,54544728,INV00000006,INV,54568357,11,54568357,23629,14,15,PRECISE,660,PASS,0/1,P035
18,55261621,INV00000007,INV,55347068,18,55347068,85447,4,9,PRECISE,294,PASS,0/1,P035
4,102249121,BND00000003,BND,136340886,6,136340886,,25,9,PRECISE,848,PASS,0/1,P035
2,18184694,INV00000008,INV,18201242,2,18201242,16548,10,12,PRECISE,591,PASS,1/1,P035
2,216357504,INS00000003,INS,216357505,2,216357505,1039,36,6,PRECISE,1015,PASS,0/1,P035
7,45932662,DUP00000051,DUP,45934186,7,45934186,1524,14,1,IMPRECISE,364,PASS,0/1,P035
16,37542882,INV00000009,INV,37646172,16,37646172,103290,2,19,PRECISE,516,PASS,0/1,P035
7,142285442,DEL00000052,DEL,142286736,7,142286736,-1294,21,17,PRECISE,906,PASS,0/1,P035
5,175101152,INV00000010,INV,175138467,5,175138467,37315,12,10,PRECISE,484,PASS,0/1,P035
11,120945849,INS00000004,INS,120945850,11,120945850,4163,31,2,IMPRECISE,667,PASS,0/1,P035
2,92075848,DUP00000052,DUP,92084111,2,92084111,8263,21,1,IMPRECISE,568,PASS,0/1,P035
22,33781315,INV00000011,INV,33863168,22,33863168,81853,9,14,PRECISE,546,PASS,0/1,P035
5,40485443,DEL00000053,DEL,40486235,5,40486235,-792,19,0,IMPRECISE,537,PASS,0/1,P035
20,36900929,BND00000004,BND,46376071,7,46376071,,37,25,PRECISE,1311,PASS,0/1,P035
11,35146739,INV00000012,INV,35150970,11,35150970,4231,15,22,PRECISE,747,PASS,0/1,P035
16,21838459,DEL00000054,DEL,22978471,16,22978471,-1140012,14,11,PRECISE,640,PASS,0/1,P035
17,40045120,INV00000013,INV,40058331,17,40058331,13211,34,21,PRECISE,1231,PASS,0/1,P035
3,76229725,DEL00000055,DEL,77634803,3,77634803,-1405078,22,8,PRECISE,694,PASS,0/1,P035
18,21978235,DEL00000056,DEL,21983708,18,21983708,-5473,27,13,PRECISE,864,PASS,0/1,P035
13,21664687,BND00000005,BND,90404762,15,90404762,,18,13,PRECISE,703,PASS,0/1,P035
6,36367989,BND00000006,BND,28635190,17,28635190,,29,9,PRECISE,813,PASS,0/1,P035
20,22582882,INS00000005,INS,22582883,20,22582883,1046,16,7,PRECISE,475,PASS,0/1,P035
16,61922826,INS00000006,INS,61922827,16,61922827,4033,36,20,PRECISE,1157,PASS,1/1,P035
13,19472307,BND00000007,BND,30594365,19,30594365,,24,5,PRECISE,624,PASS,0/1,P035
8,30381370,DEL00000057,DEL,30384997,8,30384997,-3627,3,24,PRECISE,575,PASS,1/1,P035
1,63751724,DUP00000053,DUP,64924144,1,64924144,1172420,7,24,PRECISE,710,PASS,0/1,P035
X,36599523,DEL00000058,DEL,36921192,X,36921192,-321669,35,13,PRECISE,1020,PASS,0/1,P035
7,54133101,DEL00000059,DEL,54165065,7,54165065,-31964,14,12,PRECISE,653,PASS,0/1,P035
22,7429470,DUP00000054,DUP,7554719,22,7554719,125249,27,9,PRECISE,851,PASS,0/1,P035
14,78968645,BND00000008,BND,11110545,13,11110545,,21,13,PRECISE,830,PASS,1/1,P035
22,6023438,BND00000009,BND,147779631,4,147779631,,1,4,PRECISE,167,LowQual,0/1,P035
5,136417039,DUP00000055,DUP,139532230,5,139532230,3115191,25,14,PRECISE,868,PASS,1/1,P035
22,28038434,INV00000014,INV,28042450,22,28042450,4016,5,20,PRECISE,558,PASS,0/1,P035
7,17469710,INS00000007,INS,17469711,7,17469711,2343,34,8,PRECISE,976,PASS,0/1,P035
17,68964833,BND00000010,BND,30325507,18,30325507,,23,8,PRECISE,731,PASS,0/1,P035
7,71439567,INV00000015,INV,71441521,7,71441521,1954,18,24,PRECISE,852,PASS,0/1,P035
15,43933166,BND00000011,BND,28368972,6,28368972,,5,18,PRECISE,522,PASS,0/1,P035
6,34044042,INV00000016,INV,34046764,6,34046764,2722,22,10,PRECISE,714,PASS,1/1,P035
5,112481703,BND00000012,BND,40066349,12,40066349,,21,20,PRECISE,832,PASS,1/1,P035
22,33882185,DEL00000060,DEL,33930543,22,33930543,-48358,34,17,PRECISE,1194,PASS,0/1,P035
14,71547169,BND00000013,BND,29985273,14,29985273,,27,4,PRECISE,706,PASS,0/1,P035
6,44598756,DEL00000061,DEL,45780907,6,45780907,-1182151,3,14,PRECISE,502,PASS,0/1,P035
22,21812987,DEL00000062,DEL,21870721,22,21870721,-57734,30,16,PRECISE,988,PASS,0/1,P035
2,8471545,DUP00000056,DUP,8488686,2,8488686,17141,21,21,PRECISE,883,PASS,0/1,P035
21,23317300,DUP00000057,DUP,23496599,21,23496599,179299,37,7,PRECISE,992,PASS,0/1,P035
12,89191011,DUP00000058,DUP,89217392,12,89217392,26381,30,2,IMPRECISE,710,PASS,1/1,P035
15,64724049,INV00000017,INV,64728900,15,64728900,4851,11,18,PRECISE,710,PASS,0/1,P035
9,72245273,INV00000018,INV,72264559,9,72264559,19286,19,9,PRECISE,720,PASS,0/1,P035
7,44044331,DEL00000063,DEL,44487304,7,44487304,-442973,1,6,PRECISE,320,PASS,0/1,P035
X,29879378,DUP00000059,DUP,30064931,X,30064931,185553,2,18,PRECISE,410,PASS,0/1,P035
17,36700774,BND00000014,BND,15611479,12,15611479,,16,23,PRECISE,911,PASS,0/1,P035
11,101688733,DEL00000064,DEL,102240992,11,102240992,-552259,21,20,PRECISE,852,PASS,0/1,P035
20,55303246,DUP00000060,DUP,55602934,20,55602934,299688,35,10,PRECISE,986,PASS,0/1,P035
2,35071926,BND00000015,BND,62815469,11,62815469,,12,19,PRECISE,734,PASS,0/1,P035
14,49883967,DEL00000065,DEL,49885620,14,49885620,-1653,15,18,PRECISE,665,PASS,0/1,P035
4,86201338,DEL00000066,DEL,86202495,4,86202495,-1157,8,11,PRECISE,441,PASS,0/1,P035
12,7604787,DEL00000067,DEL,7608478,12,7608478,-3691,15,6,PRECISE,559,PASS,0/1,P035
1,84497604,DEL00000001,DEL,104015120,1,104015120,-19517516,11,4,PRECISE,391,PASS,0/1,P036
1,104015121,DUP00000001,DUP,112616774,1,112616774,8601653,11,14,PRECISE,618,PASS,1/1,P036
1,112616775,DEL00000002,DEL,116937227,1,116937227,-4320452,11,1,IMPRECISE,250,PASS,0/1,P036
1,116937228,DUP00000002,DUP,118584099,1,118584099,1646871,3,3,IMPRECISE,142,PASS,1/1,P036
1,118584100,DEL00000003,DEL,127436011,1,127436011,-8851911,10,3,IMPRECISE,363,PASS,0/1,P036
2,91919994,DEL00000004,DEL,92965578,2,92965578,-1045584,33,6,PRECISE,831,PASS,1/1,P036
2,92965579,DUP00000003,DUP,114815222,2,114815222,21849643,27,7,PRECISE,877,PASS,0/1,P036
2,114815223,DUP00000004,DUP,115168786,2,115168786,353563,38,6,PRECISE,1056,PASS,0/1,P036
2,115168787,DEL00000005,DEL,140577496,2,140577496,-25408709,26,4,PRECISE,624,PASS,0/1,P036
2,140577497,DEL00000006,DEL,143997553,2,143997553,-3420056,4,19,PRECISE,636,PASS,0/1,P036
3,38141107,DUP00000005,DUP,57066724,3,57066724,18925617,12,19,PRECISE,724,PASS,0/1,P036
3,57066725,DEL00000007,DEL,90900000,3,90900000,-33833275,7,18,PRECISE,575,PASS,0/1,P036
4,83398381,DUP00000006,DUP,91090108,4,91090108,7691727,10,22,PRECISE,649,PASS,0/1,P036
6,71115926,DEL00000008,DEL,74265026,6,74265026,-3149100,7,6,PRECISE,262,PASS,0/1,P036
6,137254802,DUP00000007,DUP,170805979,6,170805979,33551177,31,10,PRECISE,851,PASS,0/1,P036
7,11682465,DEL00000009,DEL,13372193,7,13372193,-1689728,8,2,IMPRECISE,258,PASS,0/1,P036
7,89749413,DEL00000010,DEL,90991416,7,90991416,-1242003,35,5,PRECISE,839,PASS,0/1,P036
7,144561108,DEL00000011,DEL,150688572,7,150688572,-6127464,6,20,PRECISE,649,PASS,0/1,P036
7,150688573,DUP00000008,DUP,151409099,7,151409099,720526,25,12,PRECISE,757,PASS,0/1,P036
7,151409100,DUP00000009,DUP,159345973,7,159345973,7936873,34,23,PRECISE,1161,PASS,0/1,P036
9,68593055,DUP00000010,DUP,69035923,9,69035923,442868,15,1,IMPRECISE,493,PASS,1/1,P036
9,69035924,DEL00000012,DEL,90361038,9,90361038,-21325114,32,2,IMPRECISE,800,PASS,1/1,P036
9,90361039,DUP00000011,DUP,90856740,9,90856740,495701,38,25,PRECISE,1310,PASS,0/1,P036
9,90856741,DEL00000013,DEL,104772236,9,104772236,-13915495,21,3,IMPRECISE,595,PASS,0/1,P036
9,104772237,DUP00000012,DUP,105089590,9,105089590,317353,40,22,PRECISE,1269,PASS,1/1,P036
9,105089591,DEL00000014,DEL,127983247,9,127983247,-22893656,0,0,IMPRECISE,194,LowQual,0/1,P036
9,127983248,DUP00000013,DUP,138394717,9,138394717,10411469,15,14,PRECISE,778,PASS,0/1,P036
10,7205957,DUP00000014,DUP,11284769,10,11284769,4078812,5,18,PRECISE,611,PASS,1/1,P036
10,11284770,DEL00000015,DEL,11530652,10,11530652,-245882,2,21,PRECISE,488,PASS,1/1,P036
10,11530653,DEL00000016,DEL,16809696,10,16809696,-5279043,33,14,PRECISE,1029,PASS,0/1,P036
10,16809697,DUP00000015,DUP,18289275,10,18289275,1479578,39,1,IMPRECISE,878,PASS,0/1,P036
10,18289276,DEL00000017,DEL,39593280,10,39593280,-21304004,30,12,PRECISE,1018,PASS,0/1,P036
10,39593281,DEL00000018,DEL,43203783,10,43203783,-3610502,37,10,PRECISE,984,PASS,0/1,P036
10,43203784,DUP00000016,DUP,55660116,10,55660116,12456332,22,3,IMPRECISE,540,PASS,1/1,P036
10,55660117,DUP00000017,DUP,58135979,10,58135979,2475862,33,1,IMPRECISE,867,PASS,1/1,P036
10,58135980,DEL00000019,DEL,97381733,10,97381733,-39245753,36,4,PRECISE,971,PASS,0/1,P036
10,97381734,DUP00000018,DUP,121000068,10,121000068,23618334,23,25,PRECISE,1102,PASS,0/1,P036
10,121000069,DEL00000020,DEL,133797422,10,133797422,-12797353,35,16,PRECISE,1112,PASS,0/1,P036
11,32983599,DUP00000019,DUP,33338005,11,33338005,354406,6,17,PRECISE,622,PASS,0/1,P036
11,33338006,DEL00000021,DEL,35124657,11,35124657,-1786651,20,13,PRECISE,803,PASS,0/1,P036
11,35124658,DUP00000020,DUP,77437187,11,77437187,42312529,25,8,PRECISE,812,PASS,0/1,P036
11,77437188,DUP00000021,DUP,113379933,11,113379933,35942745,19,21,PRECISE,879,PASS,0/1,P036
11,113379934,DEL00000022,DEL,135086622,11,135086622,-21706688,26,2,IMPRECISE,601,PASS,0/1,P036
12,12879689,DEL00000023,DEL,21418724,12,21418724,-8539035,35,19,PRECISE,1175,PASS,0/1,P036
12,21418725,DUP00000022,DUP,47584937,12,47584937,26166212,14,6,PRECISE,583,PASS,0/1,P036
12,47584938,DUP00000023,DUP,72520048,12,72520048,24935110,31,7,PRECISE,794,PASS,0/1,P036
12,72520049,DEL00000024,DEL,120370714,12,120370714,-47850665,7,9,PRECISE,377,PASS,0/1,P036
12,120370715,DEL00000025,DEL,121008853,12,121008853,-638138,1,11,PRECISE,380,PASS,1/1,P036
12,121008854,DUP00000024,DUP,133275309,12,133275309,12266455,25,16,PRECISE,981,PASS,0/1,P036
13,7738037,DUP00000025,DUP,10945627,13,10945627,3207590,11,16,PRECISE,620,PASS,0/1,P036
13,10945628,DEL00000026,DEL,17205069,13,17205069,-6259441,21,11,PRECISE,805,PASS,0/1,P036
13,17205070,DEL00000027,DEL,18085448,13,18085448,-880378,39,3,IMPRECISE,978,PASS,0/1,P036
13,18085449,DUP00000026,DUP,35269897,13,35269897,17184448,8,12,PRECISE,539,PASS,0/1,P036
13,35269898,DEL00000028,DEL,40376718,13,40376718,-5106820,14,19,PRECISE,682,PASS,0/1,P036
13,40376719,DEL00000029,DEL,41835478,13,41835478,-1458759,12,0,IMPRECISE,344,PASS,0/1,P036
13,41835479,DUP00000027,DUP,49625308,13,49625308,7789829,30,15,PRECISE,994,PASS,1/1,P036
13,49625309,DEL00000030,DEL,50404715,13,50404715,-779406,4,20,PRECISE,653,PASS,0/1,P036
13,109311511,DUP00000028,DUP,110601284,13,110601284,1289773,35,0,IMPRECISE,878,PASS,0/1,P036
13,110601285,DEL00000031,DEL,114364328,13,114364328,-3763043,28,11,PRECISE,902,PASS,0/1,P036
14,15792210,DUP00000029,DUP,16845126,14,16845126,1052916,32,12,PRECISE,1069,PASS,1/1,P036
14,16845127,DEL00000032,DEL,30944931,14,30944931,-14099804,17,8,PRECISE,534,PASS,0/1,P036
14,30944932,DEL00000033,DEL,34507090,14,34507090,-3562158,1,15,PRECISE,328,PASS,0/1,P036
14,34507091,DEL00000034,DEL,59652354,14,59652354,-25145263,11,8,PRECISE,457,PASS,1/1,P036
14,59652355,DUP00000030,DUP,72861898,14,72861898,13209543,22,12,PRECISE,785,PASS,0/1,P036
14,72861899,DEL00000035,DEL,73040371,14,73040371,-178472,21,7,PRECISE,632,PASS,0/1,P036
14,73040372,DUP00000031,DUP,93404547,14,93404547,20364175,34,16,PRECISE,1071,PASS,0/1,P036
14,93404548,DUP00000032,DUP,107043718,14,107043718,13639170,29,15,PRECISE,991,PASS,0/1,P036
15,36508437,DEL00000036,DEL,51128332,15,51128332,-14619895,24,13,PRECISE,836,PASS,0/1,P036
15,51128333,DUP00000033,DUP,65485890,15,65485890,14357557,11,8,PRECISE,508,PASS,0/1,P036
15,65485891,DEL00000037,DEL,67952288,15,67952288,-2466397,19,22,PRECISE,947,PASS,0/1,P036
15,67952289,DUP00000034,DUP,101991189,15,101991189,34038900,39,8,PRECISE,1105,PASS,0/1,P036
16,27336609,DUP00000035,DUP,28459931,16,28459931,1123322,10,14,PRECISE,557,PASS,0/1,P036
16,28459932,DEL00000038,DEL,56956838,16,56956838,-28496906,27,15,PRECISE,870,PASS,0/1,P036
16,56956839,DUP00000036,DUP,67423666,16,67423666,10466827,0,19,PRECISE,522,PASS,0/1,P036
16,67423667,DEL00000039,DEL,81088126,16,81088126,-13664459,22,6,PRECISE,674,PASS,0/1,P036
16,81088127,DEL00000040,DEL,85058474,16,85058474,-3970347,6,17,PRECISE,497,PASS,1/1,P036
16,85058475,DUP00000037,DUP,90338345,16,90338345,5279870,25,14,PRECISE,793,PASS,0/1,P036
17,25100001,DUP00000038,DUP,50485136,17,50485136,25385135,26,5,PRECISE,712,PASS,0/1,P036
17,50485137,DEL00000041,DEL,68721430,17,68721430,-18236293,10,24,PRECISE,771,PASS,0/1,P036
17,68721431,DUP00000039,DUP,83257441,17,83257441,14536010,3,19,PRECISE,516,PASS,0/1,P036
18,3559268,DEL00000042,DEL,4865226,18,4865226,-1305958,7,7,PRECISE,435,PASS,0/1,P036
18,4865227,DUP00000040,DUP,52668534,18,52668534,47803307,21,24,PRECISE,1095,PASS,0/1,P036
18,52668535,DEL00000043,DEL,64958293,18,64958293,-12289758,31,18,PRECISE,1034,PASS,0/1,P036
18,64958294,DUP00000041,DUP,65979845,18,65979845,1021551,9,20,PRECISE,674,PASS,0/1,P036
18,65979846,DEL00000044,DEL,71863584,18,71863584,-5883738,3,6,PRECISE,378,PASS,0/1,P036
18,71863585,DUP00000042,DUP,80373285,18,80373285,8509700,37,18,PRECISE,1196,PASS,0/1,P036
19,24106057,DEL00000045,DEL,26503666,19,26503666,-2397609,37,11,PRECISE,1119,PASS,0/1,P036
19,26503667,DUP00000043,DUP,43150716,19,43150716,16647049,35,5,PRECISE,970,PASS,0/1,P036
19,43150717,DUP00000044,DUP,44835672,19,44835672,1684955,26,18,PRECISE,920,PASS,0/1,P036
19,44835673,DEL00000046,DEL,53180200,19,53180200,-8344527,5,20,PRECISE,610,PASS,0/1,P036
19,53180201,DUP00000045,DUP,54941633,19,54941633,1761432,24,6,PRECISE,657,PASS,1/1,P036
19,54941634,DEL00000047,DEL,58617616,19,58617616,-3675982,0,20,PRECISE,550,PASS,1/1,P036
21,23612217,DEL00000048,DEL,26440670,21,26440670,-2828453,16,14,PRECISE,715,PASS,0/1,P036
21,26440671,DUP00000046,DUP,27448877,21,27448877,1008206,38,16,PRECISE,1253,PASS,0/1,P036
21,27448878,DEL00000049,DEL,37721601,21,37721601,-10272723,9,11,PRECISE,466,PASS,0/1,P036
21,37721602,DUP00000047,DUP,38132501,21,38132501,410899,38,2,IMPRECISE,906,PASS,0/1,P036
21,38132502,DEL00000050,DEL,43288669,21,43288669,-5156167,9,20,PRECISE,639,PASS,0/1,P036
21,43288670,DUP00000048,DUP,46709983,21,46709983,3421313,40,24,PRECISE,1451,PASS,1/1,P036
22,24355183,DUP00000049,DUP,25308510,22,25308510,953327,12,11,PRECISE,581,PASS,0/1,P036
22,25308511,DEL00000051,DEL,30584152,22,30584152,-5275641,15,9,PRECISE,504,PASS,0/1,P036
22,30584153,DEL00000052,DEL,38150516,22,38150516,-7566363,8,3,IMPRECISE,263,PASS,0/1,P036
22,38150517,DUP00000050,DUP,50818468,22,50818468,12667951,39,20,PRECISE,1311,PASS,0/1,P036
8,24172528,INV00000001,INV,28115393,8,28115393,3942865,16,2,IMPRECISE,488,PASS,1/1,P036
6,162703101,INV00000002,INV,162816513,6,162816513,113412,15,9,PRECISE,571,PASS,0/1,P036
22,39271024,DUP00000051,DUP,39480318,22,39480318,209294,0,23,PRECISE,478,PASS,0/1,P036
3,30828358,INV00000003,INV,30835270,3,30835270,6912,16,21,PRECISE,882,PASS,0/1,P036
6,151236474,BND00000001,BND,129778384,X,129778384,,33,9,PRECISE,973,PASS,0/1,P036
X,153299373,BND00000002,BND,73988519,15,73988519,,22,19,PRECISE,829,PASS,1/1,P036
12,12075341,INS00000001,INS,12075342,12,12075342,3798,37,12,PRECISE,1047,PASS,0/1,P036
11,54812420,INV00000004,INV,54817381,11,54817381,4961,17,19,PRECISE,899,PASS,0/1,P036
20,23712436,DUP00000052,DUP,23769178,20,23769178,56742,31,25,PRECISE,1225,PASS,0/1,P036
19,54172474,DUP00000053,DUP,54349486,19,54349486,177012,38,6,PRECISE,1073,PASS,0/1,P036
5,76786160,DUP00000054,DUP,77439794,5,77439794,653634,19,25,PRECISE,933,PASS,0/1,P036
19,43569574,INS00000002,INS,43569575,19,43569575,2598,35,23,PRECISE,1212,PASS,0/1,P036
13,10662249,INV00000005,INV,11160505,13,11160505,498256,8,12,PRECISE,544,PASS,0/1,P036
3,140722913,BND00000003,BND,13877474,22,13877474,,11,1,IMPRECISE,245,PASS,0/1,P036
2,25819585,DEL00000053,DEL,26001075,2,26001075,-181490,14,10,PRECISE,658,PASS,1/1,P036
13,86228221,INS00000003,INS,86228222,13,86228222,3748,34,10,PRECISE,965,PASS,0/1,P036
18,30834540,DEL00000054,DEL,31227290,18,31227290,-392750,9,15,PRECISE,677,PASS,1/1,P036
3,42407288,BND00000004,BND,6717948,14,6717948,,7,8,PRECISE,454,PASS,0/1,P036
9,96128774,DUP00000055,DUP,96131052,9,96131052,2278,2,24,PRECISE,667,PASS,0/1,P036
4,45653957,INV00000006,INV,46532995,4,46532995,879038,3,13,PRECISE,503,PASS,0/1,P036
13,18898691,DUP00000056,DUP,19833044,13,19833044,934353,11,15,PRECISE,705,PASS,0/1,P036
18,50760907,INS00000004,INS,50760908,18,50760908,3046,34,15,PRECISE,1053,PASS,0/1,P036
10,60865745,DEL00000055,DEL,60868427,10,60868427,-2682,26,25,PRECISE,1182,PASS,0/1,P036
4,75136826,DEL00000056,DEL,76099351,4,76099351,-962525,33,24,PRECISE,1279,PASS,0/1,P036
13,111422058,DEL00000057,DEL,111430712,13,111430712,-8654,13,8,PRECISE,462,PASS,0/1,P036
5,129090233,DEL00000058,DEL,129137494,5,129137494,-47261,19,13,PRECISE,766,PASS,0/1,P036
12,5219416,BND00000005,BND,25352706,7,25352706,,17,7,PRECISE,627,PASS,0/1,P036
8,69861385,DEL00000059,DEL,69914985,8,69914985,-53600,20,20,PRECISE,897,PASS,0/1,P036
2,67779596,DEL00000001,DEL,68515985,2,68515985,-736389,38,20,PRECISE,1328,PASS,1/1,P037
2,68515986,DUP00000001,DUP,111457500,2,111457500,42941514,14,5,PRECISE,505,PASS,0/1,P037
2,111457501,DEL00000002,DEL,112162160,2,112162160,-704659,39,17,PRECISE,1277,PASS,1/1,P037
2,172298904,DUP00000002,DUP,181939506,2,181939506,9640602,19,22,PRECISE,901,PASS,1/1,P037
2,181939507,DUP00000003,DUP,202056314,2,202056314,20116807,1,13,PRECISE,306,PASS,0/1,P037
2,202056315,DEL00000003,DEL,202937404,2,202937404,-881089,8,14,PRECISE,471,PASS,0/1,P037
2,202937405,DEL00000004,DEL,231444544,2,231444544,-28507139,36,21,PRECISE,1217,PASS,0/1,P037
2,231444545,DEL00000005,DEL,237832659,2,237832659,-6388114,1,0,IMPRECISE,70,LowQual,0/1,P037
2,237832660,DUP00000004,DUP,242193529,2,242193529,4360869,17,4,PRECISE,434,PASS,0/1,P037
3,158381411,DEL00000006,DEL,160986288,3,160986288,-2604877,18,17,PRECISE,801,PASS,0/1,P037
3,160986289,DUP00000005,DUP,198295559,3,198295559,37309270,4,15,PRECISE,382,PASS,0/1,P037
4,59774827,DEL00000007,DEL,76688302,4,76688302,-16913475,3,23,PRECISE,705,PASS,0/1,P037
4,76688303,DUP00000006,DUP,93788597,4,93788597,17100294,39,3,IMPRECISE,1025,PASS,0/1,P037
4,93788598,DEL00000008,DEL,115201301,4,115201301,-21412703,6,12,PRECISE,543,PASS,1/1,P037
4,115201302,DUP00000007,DUP,117463180,4,117463180,2261878,28,17,PRECISE,920,PASS,1/1,P037
4,117463181,DEL00000009,DEL,118034125,4,118034125,-570944,21,14,PRECISE,818,PASS,1/1,P037
4,118034126,DUP00000008,DUP,118553208,4,118553208,519082,19,2,IMPRECISE,431,PASS,0/1,P037
4,118553209,DEL00000010,DEL,137001517,4,137001517,-18448308,19,0,IMPRECISE,496,PASS,1/1,P037
4,137001518,DEL00000011,DEL,137697074,4,137697074,-695556,37,18,PRECISE,1158,PASS,1/1,P037
5,29895421,DEL00000012,DEL,30093268,5,30093268,-197847,5,4,PRECISE,214,PASS,0/1,P037
5,30093269,DUP00000009,DUP,40138358,5,40138358,10045089,40,19,PRECISE,1287,PASS,0/1,P037
5,40138359,DEL00000013,DEL,41575859,5,41575859,-1437500,17,15,PRECISE,824,PASS,0/1,P037
5,110832187,DEL00000014,DEL,119793936,5,119793936,-8961749,6,13,PRECISE,480,PASS,0/1,P037
6,798662,DEL00000015,DEL,20240500,6,20240500,-19441838,16,6,PRECISE,471,PASS,0/1,P037
7,88715095,DUP00000010,DUP,89661537,7,89661537,946442,23,13,PRECISE,818,PASS,0/1,P037
7,89661538,DEL00000016,DEL,96270894,7,96270894,-6609356,8,17,PRECISE,507,PASS,0/1,P037
7,96270895,DUP00000011,DUP,112021130,7,112021130,15750235,11,18,PRECISE,751,PASS,0/1,P037
7,112021131,DEL00000017,DEL,159345973,7,159345973,-47324842,21,15,PRECISE,741,PASS,0/1,P037
10,22116063,DUP00000012,DUP,25812220,10,25812220,3696157,29,6,PRECISE,779,PASS,0/1,P037
10,25812221,DEL00000018,DEL,42584129,10,42584129,-16771908,9,3,IMPRECISE,262,PASS,1/1,P037
10,42584130,DEL00000019,DEL,43402254,10,43402254,-818124,7,16,PRECISE,497,PASS,0/1,P037
10,43402255,DUP00000013,DUP,57064851,10,57064851,13662596,31,1,IMPRECISE,771,PASS,0/1,P037
10,57064852,DEL00000020,DEL,59942189,10,59942189,-2877337,32,19,PRECISE,1122,PASS,0/1,P037
10,130884743,DEL00000021,DEL,131867285,10,131867285,-982542,33,7,PRECISE,961,PASS,0/1,P037
10,131867286,DUP00000014,DUP,133797422,10,133797422,1930136,16,11,PRECISE,639,PASS,0/1,P037
11,57269022,DEL00000022,DEL,63417301,11,63417301,-6148279,29,9,PRECISE,948,PASS,0/1,P037
11,117323898,DUP00000015,DUP,119127375,11,119127375,1803477,22,15,PRECISE,905,PASS,1/1,P037
11,119127376,DEL00000023,DEL,135086622,11,135086622,-15959246,30,19,PRECISE,1102,PASS,0/1,P037
12,51821068,DEL00000024,DEL,52694304,12,52694304,-873236,28,22,PRECISE,1141,PASS,1/1,P037
12,52694305,DUP00000016,DUP,71363336,12,71363336,18669031,40,7,PRECISE,1121,PASS,0/1,P037
12,71363337,DUP00000017,DUP,88648743,12,88648743,17285406,31,14,PRECISE,1035,PASS,0/1,P037
12,88648744,DEL00000025,DEL,125467595,12,125467595,-36818851,29,5,PRECISE,864,PASS,1/1,P037
12,125467596,DUP00000018,DUP,133275309,12,133275309,7807713,35,24,PRECISE,1283,PASS,1/1,P037
14,5665778,DUP00000019,DUP,17925442,14,17925442,12259664,6,11,PRECISE,496,PASS,0/1,P037
14,17925443,DEL00000026,DEL,20168811,14,20168811,-2243368,2,1,IMPRECISE,61,LowQual,0/1,P037
14,20168812,DUP00000020,DUP,38401274,14,38401274,18232462,29,16,PRECISE,999,PASS,0/1,P037
14,38401275,DEL00000027,DEL,38412260,14,38412260,-10985,17,23,PRECISE,983,PASS,0/1,P037
14,38412261,DEL00000028,DEL,74764635,14,74764635,-36352374,2,17,PRECISE,441,PASS,0/1,P037
14,74764636,DUP00000021,DUP,107043718,14,107043718,32279082,10,10,PRECISE,510,PASS,0/1,P037
15,21820298,DUP00000022,DUP,22836063,15,22836063,1015765,14,4,PRECISE,433,PASS,1/1,P037
15,22836064,DEL00000029,DEL,29132451,15,29132451,-6296387,3,3,IMPRECISE,283,PASS,1/1,P037
15,29132452,DEL00000030,DEL,29280833,15,29280833,-148381,2,1,IMPRECISE,81,LowQual,1/1,P037
15,29280834,DUP00000023,DUP,64535520,15,64535520,35254686,25,3,IMPRECISE,696,PASS,0/1,P037
15,64535521,DEL00000031,DEL,66563832,15,66563832,-2028311,19,19,PRECISE,786,PASS,0/1,P037
15,66563833,DUP00000024,DUP,101991189,15,101991189,35427356,35,4,PRECISE,852,PASS,0/1,P037
16,15692785,DEL00000032,DEL,17317458,16,17317458,-1624673,22,19,PRECISE,979,PASS,1/1,P037
16,17317459,DUP00000025,DUP,17438611,16,17438611,121152,34,7,PRECISE,899,PASS,0/1,P037
16,17438612,DEL00000033,DEL,37552763,16,37552763,-20114151,10,4,PRECISE,354,PASS,0/1,P037
16,37552764,DUP00000026,DUP,64363920,16,64363920,26811156,33,16,PRECISE,1081,PASS,0/1,P037
16,64363921,DUP00000027,DUP,65229266,16,65229266,865345,31,23,PRECISE,1105,PASS,0/1,P037
16,65229267,DEL00000034,DEL,90338345,16,90338345,-25109078,26,3,IMPRECISE,633,PASS,0/1,P037
17,25100001,DUP00000028,DUP,25987026,17,25987026,887025,11,18,PRECISE,612,PASS,0/1,P037
17,25987027,DUP00000029,DUP,29430827,17,29430827,3443800,33,17,PRECISE,1049,PASS,0/1,P037
17,29430828,DEL00000035,DEL,53423605,17,53423605,-23992777,30,24,PRECISE,1141,PASS,0/1,P037
17,53423606,DUP00000030,DUP,83257441,17,83257441,29833835,28,25,PRECISE,1185,PASS,0/1,P037
18,6106905,DUP00000031,DUP,8620546,18,8620546,2513641,3,13,PRECISE,474,PASS,0/1,P037
18,8620547,DEL00000036,DEL,13459915,18,13459915,-4839368,33,20,PRECISE,1229,PASS,0/1,P037
18,13459916,DUP00000032,DUP,18012349,18,18012349,4552433,14,11,PRECISE,597,PASS,1/1,P037
18,18012350,DEL00000037,DEL,27481168,18,27481168,-9468818,30,23,PRECISE,1163,PASS,0/1,P037
18,27481169,DEL00000038,DEL,38223129,18,38223129,-10741960,17,2,IMPRECISE,444,PASS,0/1,P037
18,38223130,DUP00000033,DUP,49059759,18,49059759,10836629,0,3,IMPRECISE,225,LowQual,1/1,P037
18,49059760,DUP00000034,DUP,63154710,18,63154710,14094950,9,9,PRECISE,448,PASS,1/1,P037
18,63154711,DEL00000039,DEL,71935552,18,71935552,-8780841,18,5,PRECISE,515,PASS,0/1,P037
18,71935553,DEL00000040,DEL,72491967,18,72491967,-556414,34,24,PRECISE,1170,PASS,0/1,P037
18,72491968,DUP00000035,DUP,80373285,18,80373285,7881317,28,18,PRECISE,982,PASS,0/1,P037
19,503785,DUP00000036,DUP,1868297,19,1868297,1364512,35,7,PRECISE,983,PASS,0/1,P037
19,1868298,DEL00000041,DEL,8216657,19,8216657,-6348359,13,1,IMPRECISE,303,PASS,0/1,P037
19,8216658,DEL00000042,DEL,8684703,19,8684703,-468045,11,17,PRECISE,744,PASS,0/1,P037
19,8684704,DUP00000037,DUP,9396898,19,9396898,712194,26,18,PRECISE,998,PASS,0/1,P037
19,9396899,DEL00000043,DEL,9857076,19,9857076,-460177,23,20,PRECISE,904,PASS,1/1,P037
19,9857077,DUP00000038,DUP,17118215,19,17118215,7261138,24,0,IMPRECISE,646,PASS,0/1,P037
19,17118216,DUP00000039,DUP,20162583,19,20162583,3044367,3,25,PRECISE,656,PASS,1/1,P037
19,20162584,DEL00000044,DEL,33333097,19,33333097,-13170513,30,15,PRECISE,1039,PASS,0/1,P037
19,33333098,DEL00000045,DEL,35801625,19,35801625,-2468527,19,4,PRECISE,527,PASS,0/1,P037
19,35801626,DUP00000040,DUP,50430203,19,50430203,14628577,39,12,PRECISE,1192,PASS,0/1,P037
19,50430204,DEL00000046,DEL,51166552,19,51166552,-736348,40,0,IMPRECISE,948,PASS,0/1,P037
19,51166553,DUP00000041,DUP,58617616,19,58617616,7451063,12,24,PRECISE,727,PASS,0/1,P037
20,42336358,DEL00000047,DEL,58539232,20,58539232,-16202874,28,4,PRECISE,675,PASS,1/1,P037
20,58539233,DUP00000042,DUP,64444167,20,64444167,5904934,16,0,IMPRECISE,513,PASS,1/1,P037
21,23181042,DUP00000043,DUP,24323552,21,24323552,1142510,0,20,PRECISE,576,PASS,0/1,P037
21,24323553,DEL00000048,DEL,46709983,21,46709983,-22386430,35,15,PRECISE,1123,PASS,0/1,P037
22,14783246,DUP00000044,DUP,15109402,22,15109402,326156,18,15,PRECISE,856,PASS,0/1,P037
22,15109403,DEL00000049,DEL,17134225,22,17134225,-2024822,28,10,PRECISE,763,PASS,0/1,P037
22,17134226,DEL00000050,DEL,21159216,22,21159216,-4024990,37,18,PRECISE,1204,PASS,0/1,P037
22,21159217,DUP00000045,DUP,22514120,22,22514120,1354903,0,9,PRECISE,294,PASS,0/1,P037
22,22514121,DEL00000051,DEL,26161525,22,26161525,-3647404,29,6,PRECISE,819,PASS,0/1,P037
22,26161526,DUP00000046,DUP,28864487,22,28864487,2702961,26,14,PRECISE,837,PASS,0/1,P037
22,28864488,DUP00000047,DUP,31248346,22,31248346,2383858,26,0,IMPRECISE,690,PASS,0/1,P037
22,31248347,DEL00000052,DEL,50818468,22,50818468,-19570121,8,22,PRECISE,660,PASS,0/1,P037
X,14972267,DUP00000048,DUP,18234184,X,18234184,3261917,14,23,PRECISE,768,PASS,0/1,P037
X,18234185,DEL00000053,DEL,51388585,X,51388585,-33154400,25,20,PRECISE,932,PASS,0/1,P037
X,51388586,DUP00000049,DUP,53560796,X,53560796,2172210,28,18,PRECISE,948,PASS,0/1,P037
21,31587555,BND00000001,BND,87812947,3,87812947,,32,22,PRECISE,1122,PASS,1/1,P037
21,23450264,INV00000001,INV,29252718,21,29252718,5802454,2,25,PRECISE,720,PASS,0/1,P037
14,71014790,INV00000002,INV,71142385,14,71142385,127595,35,25,PRECISE,1351,PASS,0/1,P037
17,15275727,INV00000003,INV,15363961,17,15363961,88234,28,17,PRECISE,954,PASS,0/1,P037
18,69062943,INS00000001,INS,69062944,18,69062944,5013,39,0,IMPRECISE,824,PASS,0/1,P037
13,61503549,DEL00000054,DEL,61507737,13,61507737,-4188,1,13,PRECISE,429,PASS,1/1,P037
19,47403278,DUP00000050,DUP,48986342,19,48986342,1583064,15,6,PRECISE,487,PASS,0/1,P037
2,18898508,DEL00000055,DEL,19204768,2,19204768,-306260,20,19,PRECISE,867,PASS,1/1,P037
1,107560168,BND00000002,BND,204851815,2,204851815,,26,8,PRECISE,865,PASS,0/1,P037
22,27193887,BND00000003,BND,213866531,2,213866531,,26,25,PRECISE,1080,PASS,0/1,P037
2,56179250,DEL00000056,DEL,56179852,2,56179852,-602,20,13,PRECISE,793,PASS,0/1,P037
18,29399214,DEL00000057,DEL,29541371,18,29541371,-142157,4,8,PRECISE,240,PASS,0/1,P037
5,15130245,INV00000004,INV,15136080,5,15136080,5835,39,7,PRECISE,1032,PASS,1/1,P037
11,82604259,INS00000002,INS,82604260,11,82604260,140,24,5,PRECISE,657,PASS,1/1,P037
8,11152410,DUP00000051,DUP,12925934,8,12925934,1773524,6,16,PRECISE,494,PASS,0/1,P037
11,29717606,DEL00000058,DEL,29758038,11,29758038,-40432,4,3,IMPRECISE,195,PASS,0/1,P037
19,55420326,INV00000005,INV,55568967,19,55568967,148641,35,5,PRECISE,862,PASS,0/1,P037
2,146317869,INV00000006,INV,146331083,2,146331083,13214,14,3,IMPRECISE,448,PASS,0/1,P037
10,49369548,INV00000007,INV,49374108,10,49374108,4560,19,19,PRECISE,913,PASS,0/1,P037
X,54274424,DEL00000059,DEL,54378538,X,54378538,-104114,9,23,PRECISE,696,PASS,0/1,P037
5,167880497,BND00000004,BND,140385204,4,140385204,,38,24,PRECISE,1336,PASS,0/1,P037
8,113712612,INV00000008,INV,113751288,8,113751288,38676,32,0,IMPRECISE,813,PASS,0/1,P037
X,117803884,BND00000005,BND,121657178,1,121657178,,5,8,PRECISE,441,PASS,0/1,P037
6,88134440,BND00000006,BND,86385120,16,86385120,,39,0,IMPRECISE,810,PASS,0/1,P037
18,61387419,INV00000009,INV,61388965,18,61388965,1546,24,7,PRECISE,792,PASS,1/1,P037
7,67389987,DEL00000060,DEL,67393980,7,67393980,-3993,23,4,PRECISE,643,PASS,0/1,P037
13,17288262,INS00000003,INS,17288263,13,17288263,2563,11,8,PRECISE,557,PASS,0/1,P037
3,112058998,INS00000004,INS,112058999,3,112058999,3026,8,12,PRECISE,409,PASS,0/1,P037
3,189479493,DEL00000061,DEL,189486905,3,189486905,-7412,1,5,PRECISE,148,PASS,0/1,P037
13,45076728,DEL00000062,DEL,45680176,13,45680176,-603448,35,24,PRECISE,1373,PASS,0/1,P037
18,33762825,BND00000007,BND,17143728,21,17143728,,1,5,PRECISE,200,PASS,0/1,P037
6,108760405,DUP00000052,DUP,108762265,6,108762265,1860,6,12,PRECISE,409,PASS,1/1,P037
22,5247080,BND00000008,BND,75007201,9,75007201,,0,2,IMPRECISE,111,LowQual,0/1,P037
3,55029896,INV00000010,INV,55131138,3,55131138,101242,15,7,PRECISE,616,PASS,0/1,P037
15,83738102,INS00000005,INS,83738103,15,83738103,1919,8,22,PRECISE,693,PASS,0/1,P037
12,33619214,INS00000006,INS,33619215,12,33619215,4703,26,25,PRECISE,1047,PASS,0/1,P037
2,26202858,DEL00000063,DEL,26794684,2,26794684,-591826,24,7,PRECISE,761,PASS,0/1,P037
8,117869351,INV00000011,INV,117891251,8,117891251,21900,3,13,PRECISE,389,PASS,0/1,P037
16,24349174,DEL00000064,DEL,24349607,16,24349607,-433,6,22,PRECISE,677,PASS,0/1,P037
14,57964333,INS00000007,INS,57964334,14,57964334,975,35,17,PRECISE,1053,PASS,0/1,P037
20,55875851,DEL00000065,DEL,55896149,20,55896149,-20298,19,7,PRECISE,697,PASS,0/1,P037
1,225149139,INS00000008,INS,225149140,1,225149140,491,21,14,PRECISE,890,PASS,0/1,P037
6,154163939,INV00000012,INV,157033301,6,157033301,2869362,8,6,PRECISE,429,PASS,1/1,P037
3,28847579,INS00000009,INS,28847580,3,28847580,2709,19,11,PRECISE,638,PASS,1/1,P037
6,18485484,DEL00000066,DEL,19876900,6,19876900,-1391416,4,6,PRECISE,363,PASS,1/1,P037
8,4575615,DEL00000067,DEL,4722085,8,4722085,-146470,18,23,PRECISE,1005,PASS,0/1,P037
X,99554029,INS00000010,INS,99554030,X,99554030,707,0,4,PRECISE,113,LowQual,1/1,P037
3,123983346,INS00000011,INS,123983347,3,123983347,5123,26,24,PRECISE,1103,PASS,1/1,P037
5,9983821,DEL00000068,DEL,11309081,5,11309081,-1325260,34,12,PRECISE,1077,PASS,0/1,P037
12,103510582,BND00000009,BND,36654066,17,36654066,,5,16,PRECISE,570,PASS,0/1,P037
18,8711951,DEL00000069,DEL,10614237,18,10614237,-1902286,32,25,PRECISE,1241,PASS,1/1,P037
3,181967521,DEL00000070,DEL,181985712,3,181985712,-18191,16,16,PRECISE,664,PASS,1/1,P037
9,125585776,INS00000012,INS,125585777,9,125585777,3507,17,3,IMPRECISE,564,PASS,0/1,P037
22,41043836,INV00000013,INV,41045275,22,41045275,1439,14,4,PRECISE,473,PASS,0/1,P037
15,76815925,INV00000014,INV,76819661,15,76819661,3736,28,6,PRECISE,751,PASS,0/1,P037
19,46029082,DEL00000071,DEL,46129527,19,46129527,-100445,20,24,PRECISE,1035,PASS,0/1,P037
22,23136773,DEL00000072,DEL,23137219,22,23137219,-446,39,21,PRECISE,1219,PASS,1/1,P037
22,26633338,DEL00000073,DEL,26634061,22,26634061,-723,36,10,PRECISE,1113,PASS,1/1,P037
19,42572178,DEL00000074,DEL,45594983,19,45594983,-3022805,28,16,PRECISE,1051,PASS,0/1,P037
22,12567454,DUP00000053,DUP,12684649,22,12684649,117195,20,20,PRECISE,893,PASS,0/1,P037
15,91214455,DEL00000075,DEL,91743591,15,91743591,-529136,7,19,PRECISE,712,PASS,0/1,P037
22,18195480,DEL00000076,DEL,18209202,22,18209202,-13722,36,21,PRECISE,1146,PASS,0/1,P037
18,41911575,DEL00000077,DEL,42603844,18,42603844,-692269,22,4,PRECISE,538,PASS,0/1,P037
7,132171344,DUP00000054,DUP,132209259,7,132209259,37915,5,23,PRECISE,631,PASS,0/1,P037
X,55633152,DEL00000078,DEL,55634262,X,55634262,-1110,8,13,PRECISE,469,PASS,0/1,P037
13,82214595,INV00000015,INV,82231985,13,82231985,17390,4,20,PRECISE,543,PASS,1/1,P037
X,93002180,INV00000016,INV,94543402,X,94543402,1541222,18,15,PRECISE,718,PASS,0/1,P037
22,2231788,DEL00000079,DEL,2382893,22,2382893,-151105,0,2,IMPRECISE,81,LowQual,1/1,P037
14,84296898,INS00000013,INS,84296899,14,84296899,3709,7,22,PRECISE,689,PASS,0/1,P037
X,62202863,INS00000014,INS,62202864,X,62202864,5880,37,4,PRECISE,996,PASS,0/1,P037
1,203523303,DEL00000001,DEL,216364914,1,216364914,-12841611,12,13,PRECISE,659,PASS,0/1,P038
1,216364915,DUP00000001,DUP,248956422,1,248956422,32591507,17,25,PRECISE,892,PASS,1/1,P038
2,155785701,DEL00000002,DEL,161883594,2,161883594,-6097893,30,2,IMPRECISE,660,PASS,0/1,P038
2,161883595,DEL00000003,DEL,172170093,2,172170093,-10286498,34,2,IMPRECISE,896,PASS,1/1,P038
4,91540185,DUP00000002,DUP,96484241,4,96484241,4944056,7,25,PRECISE,760,PASS,0/1,P038
4,96484242,DEL00000004,DEL,123233956,4,123233956,-26749714,25,4,PRECISE,659,PASS,0/1,P038
4,123233957,DUP00000003,DUP,160620001,4,160620001,37386044,40,1,IMPRECISE,947,PASS,1/1,P038
4,160620002,DEL00000005,DEL,161378339,4,161378339,-758337,19,22,PRECISE,918,PASS,0/1,P038
4,161378340,DUP00000004,DUP,190214555,4,190214555,28836215,19,0,IMPRECISE,384,PASS,1/1,P038
5,170313445,DUP00000005,DUP,175347070,5,175347070,5033625,30,2,IMPRECISE,713,PASS,0/1,P038
5,175347071,DEL00000006,DEL,181538259,5,181538259,-6191188,10,2,IMPRECISE,438,PASS,0/1,P038
6,11241615,DEL00000007,DEL,22827674,6,22827674,-11586059,18,2,IMPRECISE,600,PASS,0/1,P038
6,22827675,DUP00000006,DUP,40018745,6,40018745,17191070,20,4,PRECISE,585,PASS,0/1,P038
6,40018746,DEL00000008,DEL,44940265,6,44940265,-4921519,31,16,PRECISE,984,PASS,0/1,P038
6,44940266,DUP00000007,DUP,63555613,6,63555613,18615347,4,20,PRECISE,560,PASS,0/1,P038
6,63555614,DUP00000008,DUP,65881545,6,65881545,2325931,12,1,IMPRECISE,339,PASS,0/1,P038
6,65881546,DEL00000009,DEL,89194001,6,89194001,-23312455,16,5,PRECISE,584,PASS,0/1,P038
6,89194002,DUP00000009,DUP,89623115,6,89623115,429113,19,14,PRECISE,701,PASS,0/1,P038
6,89623116,DEL00000010,DEL,115041269,6,115041269,-25418153,22,22,PRECISE,964,PASS,0/1,P038
6,115041270,DUP00000010,DUP,119809047,6,119809047,4767777,34,9,PRECISE,1011,PASS,1/1,P038
7,1251908,DEL00000011,DEL,1646788,7,1646788,-394880,7,23,PRECISE,607,PASS,0/1,P038
7,1646789,DUP00000011,DUP,10420069,7,10420069,8773280,27,11,PRECISE,886,PASS,1/1,P038
7,10420070,DEL00000012,DEL,11985080,7,11985080,-1565010,25,24,PRECISE,1028,PASS,0/1,P038
7,11985081,DUP00000012,DUP,46418933,7,46418933,34433852,38,0,IMPRECISE,782,PASS,1/1,P038
7,46418934,DUP00000013,DUP,46753255,7,46753255,334321,28,15,PRECISE,950,PASS,0/1,P038
7,46753256,DEL00000013,DEL,60100000,7,60100000,-13346744,13,14,PRECISE,716,PASS,0/1,P038
7,60100001,DEL00000014,DEL,79737227,7,79737227,-19637226,26,5,PRECISE,698,PASS,1/1,P038
7,79737228,DEL00000015,DEL,86529984,7,86529984,-6792756,8,8,PRECISE,451,PASS,0/1,P038
7,86529985,DUP00000014,DUP,97765789,7,97765789,11235804,30,23,PRECISE,1249,PASS,0/1,P038
7,97765790,DUP00000015,DUP,111771931,7,111771931,14006141,17,0,IMPRECISE,403,PASS,1/1,P038
7,111771932,DEL00000016,DEL,117714370,7,117714370,-5942438,10,5,PRECISE,422,PASS,1/1,P038
7,117714371,DEL00000017,DEL,140747389,7,140747389,-23033018,33,23,PRECISE,1205,PASS,0/1,P038
7,140747390,DUP00000016,DUP,159345973,7,159345973,18598583,3,22,PRECISE,629,PASS,0/1,P038
8,7379347,DUP00000017,DUP,8855257,8,8855257,1475910,14,10,PRECISE,633,PASS,1/1,P038
8,8855258,DEL00000018,DEL,45200000,8,45200000,-36344742,27,21,PRECISE,1032,PASS,1/1,P038
9,29962273,DEL00000019,DEL,34698090,9,34698090,-4735817,39,2,IMPRECISE,993,PASS,0/1,P038
9,34698091,DUP00000018,DUP,39747703,9,39747703,5049612,3,25,PRECISE,674,PASS,0/1,P038
9,39747704,DEL00000020,DEL,40673349,9,40673349,-925645,40,8,PRECISE,1041,PASS,1/1,P038
9,40673350,DUP00000019,DUP,75331894,9,75331894,34658544,3,7,PRECISE,380,PASS,1/1,P038
9,75331895,DEL00000021,DEL,76211545,9,76211545,-879650,38,24,PRECISE,1329,PASS,0/1,P038
9,76211546,DUP00000020,DUP,77242512,9,77242512,1030966,0,6,PRECISE,190,PASS,0/1,P038
9,77242513,DUP00000021,DUP,79454312,9,79454312,2211799,12,17,PRECISE,587,PASS,0/1,P038
9,79454313,DEL00000022,DEL,92449384,9,92449384,-12995071,8,5,PRECISE,337,PASS,0/1,P038
9,92449385,DUP00000022,DUP,93105830,9,93105830,656445,1,17,PRECISE,427,PASS,1/1,P038
9,93105831,DEL00000023,DEL,112661704,9,112661704,-19555873,17,15,PRECISE,687,PASS,0/1,P038
9,112661705,DEL00000024,DEL,117670133,9,117670133,-5008428,40,22,PRECISE,1246,PASS,1/1,P038
9,117670134,DUP00000023,DUP,138394717,9,138394717,20724583,20,3,IMPRECISE,587,PASS,0/1,P038
10,46099343,DEL00000025,DEL,49082407,10,49082407,-2983064,20,20,PRECISE,916,PASS,1/1,P038
10,49082408,DUP00000024,DUP,50749885,10,50749885,1667477,10,23,PRECISE,708,PASS,0/1,P038
10,50749886,DEL00000026,DEL,51117719,10,51117719,-367833,4,24,PRECISE,560,PASS,0/1,P038
10,51117720,DUP00000025,DUP,56681351,10,56681351,5563631,20,20,PRECISE,886,PASS,0/1,P038
10,56681352,DUP00000026,DUP,61035684,10,61035684,4354332,18,13,PRECISE,723,PASS,0/1,P038
10,61035685,DEL00000027,DEL,75998762,10,75998762,-14963077,14,12,PRECISE,663,PASS,0/1,P038
10,75998763,DUP00000027,DUP,78369393,10,78369393,2370630,29,15,PRECISE,1007,PASS,0/1,P038
10,78369394,DEL00000028,DEL,107307411,10,107307411,-28938017,0,15,PRECISE,358,PASS,0/1,P038
10,107307412,DEL00000029,DEL,112073823,10,112073823,-4766411,25,25,PRECISE,1064,PASS,0/1,P038
10,112073824,DUP00000028,DUP,133797422,10,133797422,21723598,39,22,PRECISE,1345,PASS,1/1,P038
12,3050427,DUP00000029,DUP,25246435,12,25246435,22196008,10,15,PRECISE,512,PASS,0/1,P038
12,25246436,DEL00000030,DEL,42533583,12,42533583,-17287147,5,22,PRECISE,680,PASS,1/1,P038
12,42533584,DEL00000031,DEL,62509288,12,62509288,-19975704,29,10,PRECISE,934,PASS,0/1,P038
12,62509289,DUP00000030,DUP,93843234,12,93843234,31333945,2,2,IMPRECISE,203,LowQual,1/1,P038
12,93843235,DEL00000032,DEL,98891905,12,98891905,-5048670,18,10,PRECISE,727,PASS,0/1,P038
12,98891906,DUP00000031,DUP,105937481,12,105937481,7045575,21,5,PRECISE,654,PASS,0/1,P038
12,105937482,DUP00000032,DUP,106470700,12,106470700,533218,13,13,PRECISE,601,PASS,1/1,P038
12,106470701,DEL00000033,DEL,133275309,12,133275309,-26804608,15,10,PRECISE,520,PASS,0/1,P038
13,21368574,DUP00000033,DUP,37206183,13,37206183,15837609,37,20,PRECISE,1198,PASS,0/1,P038
13,37206184,DEL00000034,DEL,80963330,13,80963330,-43757146,4,25,PRECISE,659,PASS,1/1,P038
13,80963331,DUP00000034,DUP,90199664,13,90199664,9236333,33,6,PRECISE,812,PASS,0/1,P038
13,90199665,DEL00000035,DEL,114364328,13,114364328,-24164663,12,14,PRECISE,552,PASS,0/1,P038
14,10122766,DEL00000036,DEL,11157158,14,11157158,-1034392,18,19,PRECISE,929,PASS,0/1,P038
14,97697337,DEL00000037,DEL,97964038,14,97964038,-266701,31,2,IMPRECISE,749,PASS,0/1,P038
14,97964039,DUP00000035,DUP,107043718,14,107043718,9079679,2,14,PRECISE,363,PASS,0/1,P038
15,48693793,DEL00000038,DEL,62276674,15,62276674,-13582881,27,15,PRECISE,996,PASS,0/1,P038
15,62276675,DUP00000036,DUP,97033618,15,97033618,34756943,0,21,PRECISE,443,PASS,0/1,P038
15,97033619,DUP00000037,DUP,101329431,15,101329431,4295812,29,14,PRECISE,993,PASS,0/1,P038
15,101329432,DEL00000039,DEL,101991189,15,101991189,-661757,29,18,PRECISE,1063,PASS,0/1,P038
16,8321163,DUP00000038,DUP,12881291,16,12881291,4560128,4,21,PRECISE,627,PASS,0/1,P038
16,12881292,DEL00000040,DEL,40199152,16,40199152,-27317860,10,11,PRECISE,474,PASS,0/1,P038
16,40199153,DUP00000039,DUP,43655745,16,43655745,3456592,24,15,PRECISE,912,PASS,0/1,P038
16,43655746,DEL00000041,DEL,90338345,16,90338345,-46682599,37,13,PRECISE,1006,PASS,0/1,P038
18,10638612,DUP00000040,DUP,15677059,18,15677059,5038447,22,21,PRECISE,873,PASS,0/1,P038
18,15677060,DEL00000042,DEL,18500000,18,18500000,-2822940,15,25,PRECISE,957,PASS,1/1,P038
18,18500001,DEL00000043,DEL,24432176,18,24432176,-5932175,9,2,IMPRECISE,253,PASS,1/1,P038
18,24432177,DEL00000044,DEL,25073246,18,25073246,-641069,13,21,PRECISE,857,PASS,1/1,P038
18,25073247,DUP00000041,DUP,29185302,18,29185302,4112055,19,21,PRECISE,990,PASS,1/1,P038
18,29185303,DEL00000045,DEL,30595687,18,30595687,-1410384,33,21,PRECISE,1156,PASS,0/1,P038
18,30595688,DUP00000042,DUP,80373285,18,80373285,49777597,33,15,PRECISE,1088,PASS,0/1,P038
19,5570119,DEL00000046,DEL,6345750,19,6345750,-775631,10,8,PRECISE,368,PASS,0/1,P038
19,6345751,DUP00000043,DUP,9582901,19,9582901,3237150,23,10,PRECISE,779,PASS,0/1,P038
19,9582902,DUP00000044,DUP,10078476,19,10078476,495574,37,11,PRECISE,1091,PASS,0/1,P038
19,10078477,DEL00000047,DEL,10345868,19,10345868,-267391,30,25,PRECISE,1285,PASS,1/1,P038
19,10345869,DEL00000048,DEL,11063864,19,11063864,-717995,8,22,PRECISE,739,PASS,0/1,P038
19,11063865,DUP00000045,DUP,58617616,19,58617616,47553751,11,10,PRECISE,504,PASS,0/1,P038
20,37841735,DEL00000049,DEL,39276031,20,39276031,-1434296,37,12,PRECISE,1154,PASS,0/1,P038
20,39276032,DUP00000046,DUP,43005726,20,43005726,3729694,21,11,PRECISE,678,PASS,0/1,P038
20,43005727,DEL00000050,DEL,64444167,20,64444167,-21438440,22,9,PRECISE,683,PASS,1/1,P038
21,3405742,DEL00000051,DEL,3528018,21,3528018,-122276,16,23,PRECISE,824,PASS,1/1,P038
21,3528019,DUP00000047,DUP,26688571,21,26688571,23160552,39,1,IMPRECISE,953,PASS,0/1,P038
21,26688572,DEL00000052,DEL,28470201,21,28470201,-1781629,25,11,PRECISE,817,PASS,0/1,P038
21,28470202,DUP00000048,DUP,29688799,21,29688799,1218597,28,15,PRECISE,1048,PASS,0/1,P038
21,29688800,DEL00000053,DEL,30565314,21,30565314,-876514,38,15,PRECISE,1220,PASS,0/1,P038
21,30565315,DUP00000049,DUP,33804968,21,33804968,3239653,30,4,PRECISE,815,PASS,0/1,P038
21,33804969,DUP00000050,DUP,41915718,21,41915718,8110749,38,25,PRECISE,1282,PASS,0/1,P038
21,41915719,DEL00000054,DEL,46709983,21,46709983,-4794264,25,19,PRECISE,1042,PASS,0/1,P038
3,161755246,DUP00000051,DUP,162609152,3,162609152,853906,14,16,PRECISE,697,PASS,0/1,P038
4,151060653,DEL00000055,DEL,151102000,4,151102000,-41347,23,3,IMPRECISE,628,PASS,1/1,P038
6,68221985,DUP00000052,DUP,69971595,6,69971595,1749610,6,4,PRECISE,297,PASS,0/1,P038
14,99956810,DUP00000053,DUP,100064871,14,100064871,108061,30,4,PRECISE,826,PASS,0/1,P038
X,81985024,INS00000001,INS,81985025,X,81985025,978,27,18,PRECISE,1017,PASS,0/1,P038
11,122657710,DUP00000054,DUP,122686667,11,122686667,28957,39,8,PRECISE,1136,PASS,0/1,P038
X,106709250,DEL00000056,DEL,106711142,X,106711142,-1892,15,2,IMPRECISE,468,PASS,0/1,P038
20,36370773,DEL00000057,DEL,37535791,20,37535791,-1165018,34,3,IMPRECISE,893,PASS,0/1,P038
14,89830469,INV00000001,INV,89839868,14,89839868,9399,21,11,PRECISE,688,PASS,0/1,P038
8,10145861,DUP00000055,DUP,10213780,8,10213780,67919,7,4,PRECISE,263,PASS,0/1,P038
15,10755917,INS00000002,INS,10755918,15,10755918,4790,29,1,IMPRECISE,697,PASS,0/1,P038
20,49656826,INV00000002,INV,50058431,20,50058431,401605,32,4,PRECISE,855,PASS,1/1,P038
21,39790023,BND00000001,BND,29488628,20,29488628,,17,22,PRECISE,956,PASS,0/1,P038
20,42024575,INS00000003,INS,42024576,20,42024576,1143,3,4,PRECISE,186,PASS,1/1,P038
12,92500427,DEL00000058,DEL,92505518,12,92505518,-5091,28,17,PRECISE,1075,PASS,1/1,P038
20,23422942,INV00000003,INV,23427440,20,23427440,4498,30,10,PRECISE,963,PASS,0/1,P038
19,45979431,DEL00000059,DEL,46284063,19,46284063,-304632,33,8,PRECISE,961,PASS,0/1,P038
21,14382144,DUP00000056,DUP,14383308,21,14383308,1164,37,6,PRECISE,987,PASS,1/1,P038
1,186762344,DEL00000060,DEL,186762731,1,186762731,-387,26,12,PRECISE,830,PASS,0/1,P038
8,91265544,INS00000004,INS,91265545,8,91265545,1074,31,14,PRECISE,1039,PASS,0/1,P038
X,135247923,DUP00000057,DUP,137157741,X,137157741,1909818,9,4,PRECISE,302,PASS,1/1,P038
16,87655500,DEL00000061,DEL,88832330,16,88832330,-1176830,4,0,IMPRECISE,142,LowQual,0/1,P038
12,97623062,BND00000002,BND,119011856,10,119011856,,3,22,PRECISE,569,PASS,1/1,P038
6,97258233,DUP00000058,DUP,97321970,6,97321970,63737,24,15,PRECISE,781,PASS,1/1,P038
16,1978567,DUP00000059,DUP,1986659,16,1986659,8092,38,17,PRECISE,1137,PASS,0/1,P038
X,138996219,DEL00000062,DEL,138996646,X,138996646,-427,28,17,PRECISE,968,PASS,1/1,P038
1,197643335,INS00000005,INS,197643336,1,197643336,1434,32,2,IMPRECISE,824,PASS,1/1,P038
7,124333599,DUP00000060,DUP,124743007,7,124743007,409408,33,3,IMPRECISE,915,PASS,1/1,P038
22,9373530,DUP00000061,DUP,9380289,22,9380289,6759,25,9,PRECISE,781,PASS,0/1,P038
20,28957590,INS00000006,INS,28957591,20,28957591,1919,31,24,PRECISE,1250,PASS,0/1,P038
1,182089643,DEL00000001,DEL,190818976,1,190818976,-8729333,15,11,PRECISE,720,PASS,0/1,P039
1,190818977,DUP00000001,DUP,223978574,1,223978574,33159597,35,8,PRECISE,969,PASS,0/1,P039
1,223978575,DEL00000002,DEL,248956422,1,248956422,-24977847,23,2,IMPRECISE,558,PASS,1/1,P039
4,98910751,DUP00000002,DUP,99882197,4,99882197,971446,34,21,PRECISE,1212,PASS,0/1,P039
4,165484553,DUP00000003,DUP,190214555,4,190214555,24730002,7,11,PRECISE,474,PASS,0/1,P039
6,26280364,DUP00000004,DUP,27343853,6,27343853,1063489,13,2,IMPRECISE,346,PASS,0/1,P039
7,15164311,DEL00000003,DEL,19827787,7,19827787,-4663476,1,11,PRECISE,427,PASS,0/1,P039
7,86028179,DEL00000004,DEL,94833418,7,94833418,-8805239,25,3,IMPRECISE,712,PASS,1/1,P039
9,114323547,DUP00000005,DUP,115033103,9,115033103,709556,19,25,PRECISE,941,PASS,1/1,P039
9,115033104,DEL00000005,DEL,138394717,9,138394717,-23361613,5,11,PRECISE,328,PASS,0/1,P039
10,16666975,DEL00000006,DEL,28092695,10,28092695,-11425720,32,7,PRECISE,963,PASS,1/1,P039
11,59277343,DUP00000006,DUP,69151109,11,69151109,9873766,30,14,PRECISE,1067,PASS,1/1,P039
11,69151110,DEL00000007,DEL,84164673,11,84164673,-15013563,24,8,PRECISE,819,PASS,0/1,P039
11,84164674,DEL00000008,DEL,97428529,11,97428529,-13263855,20,24,PRECISE,929,PASS,0/1,P039
11,97428530,DUP00000007,DUP,135086622,11,135086622,37658092,24,22,PRECISE,1046,PASS,0/1,P039
13,1387826,DUP00000008,DUP,1712249,13,1712249,324423,4,19,PRECISE,527,PASS,1/1,P039
13,1712250,DEL00000009,DEL,17700000,13,17700000,-15987750,31,14,PRECISE,994,PASS,0/1,P039
13,17700001,DEL00000010,DEL,44700152,13,44700152,-27000151,21,12,PRECISE,759,PASS,0/1,P039
13,44700153,DEL00000011,DEL,45507509,13,45507509,-807356,32,9,PRECISE,989,PASS,1/1,P039
13,45507510,DUP00000009,DUP,63387989,13,63387989,17880479,24,2,IMPRECISE,561,PASS,0/1,P039
13,63387990,DUP00000010,DUP,89026269,13,89026269,25638279,23,10,PRECISE,827,PASS,0/1,P039
13,89026270,DEL00000012,DEL,114364328,13,114364328,-25338058,28,2,IMPRECISE,712,PASS,0/1,P039
14,38320517,DEL00000013,DEL,39035178,14,39035178,-714661,2,1,IMPRECISE,188,LowQual,0/1,P039
14,39035179,DUP00000011,DUP,46725298,14,46725298,7690119,21,8,PRECISE,673,PASS,0/1,P039
14,46725299,DEL00000014,DEL,56539818,14,56539818,-9814519,5,6,PRECISE,259,PASS,0/1,P039
14,56539819,DUP00000012,DUP,75071321,14,75071321,18531502,9,16,PRECISE,508,PASS,0/1,P039
14,75071322,DEL00000015,DEL,84605363,14,84605363,-9534041,26,4,PRECISE,745,PASS,0/1,P039
14,84605364,DUP00000013,DUP,107043718,14,107043718,22438354,24,21,PRECISE,1060,PASS,1/1,P039
15,52144305,DEL00000016,DEL,62954066,15,62954066,-10809761,39,24,PRECISE,1359,PASS,0/1,P039
15,62954067,DUP00000014,DUP,101991189,15,101991189,39037122,28,21,PRECISE,1104,PASS,1/1,P039
16,32225964,DUP00000015,DUP,32777816,16,32777816,551852,22,7,PRECISE,614,PASS,0/1,P039
17,25100001,DUP00000016,DUP,29784869,17,29784869,4684868,30,0,IMPRECISE,694,PASS,0/1,P039
17,29784870,DUP00000017,DUP,32273442,17,32273442,2488572,11,20,PRECISE,661,PASS,1/1,P039
17,32273443,DUP00000018,DUP,38454464,17,38454464,6181021,36,22,PRECISE,1341,PASS,1/1,P039
17,38454465,DEL00000017,DEL,72580690,17,72580690,-34126225,7,20,PRECISE,568,PASS,0/1,P039
17,72580691,DUP00000019,DUP,74282094,17,74282094,1701403,15,21,PRECISE,782,PASS,1/1,P039
17,74282095,DEL00000018,DEL,83257441,17,83257441,-8975346,29,21,PRECISE,1156,PASS,0/1,P039
18,9229870,DUP00000020,DUP,48716798,18,48716798,39486928,16,5,PRECISE,551,PASS,0/1,P039
18,48716799,DEL00000019,DEL,52423429,18,52423429,-3706630,1,4,PRECISE,239,LowQual,0/1,P039
18,52423430,DUP00000021,DUP,54352174,18,54352174,1928744,8,1,IMPRECISE,214,PASS,1/1,P039
18,54352175,DEL00000020,DEL,55834528,18,55834528,-1482353,20,19,PRECISE,887,PASS,0/1,P039
18,55834529,DUP00000022,DUP,57476113,18,57476113,1641584,20,23,PRECISE,926,PASS,0/1,P039
18,57476114,DEL00000021,DEL,80373285,18,80373285,-22897171,12,6,PRECISE,460,PASS,0/1,P039
19,39293035,DUP00000023,DUP,40061913,19,40061913,768878,34,12,PRECISE,1053,PASS,1/1,P039
19,40061914,DEL00000022,DEL,58617616,19,58617616,-18555702,26,10,PRECISE,848,PASS,1/1,P039
20,28100001,DUP00000024,DUP,64444167,20,64444167,36344166,19,14,PRECISE,827,PASS,0/1,P039
21,483525,DEL00000023,DEL,5797276,21,5797276,-5313751,5,6,PRECISE,386,PASS,0/1,P039
21,5797277,DUP00000025,DUP,46709983,21,46709983,40912706,0,6,PRECISE,181,PASS,0/1,P039
X,44243760,DUP00000026,DUP,55582192,X,55582192,11338432,12,18,PRECISE,798,PASS,1/1,P039
X,55582193,DEL00000024,DEL,66413422,X,66413422,-10831229,8,17,PRECISE,652,PASS,1/1,P039
X,66413423,DEL00000025,DEL,80720030,X,80720030,-14306607,4,22,PRECISE,600,PASS,1/1,P039
5,141379508,DUP00000027,DUP,141422365,5,141422365,42857,8,8,PRECISE,375,PASS,1/1,P039
17,46674679,BND00000001,BND,110321780,10,110321780,,12,23,PRECISE,860,PASS,0/1,P039
17,55097711,BND00000002,BND,146506986,5,146506986,,11,3,IMPRECISE,444,PASS,0/1,P039
2,213034512,DUP00000028,DUP,213237341,2,213237341,202829,6,3,IMPRECISE,237,PASS,0/1,P039
19,28638965,DUP00000029,DUP,28640579,19,28640579,1614,5,16,PRECISE,591,PASS,0/1,P039
12,36525283,INS00000001,INS,36525284,12,36525284,3209,20,22,PRECISE,874,PASS,0/1,P039
16,8463387,DEL00000026,DEL,8704196,16,8704196,-240809,27,7,PRECISE,815,PASS,0/1,P039
4,93740073,INV00000001,INV,93742544,4,93742544,2471,20,5,PRECISE,664,PASS,0/1,P039
22,41122579,DEL00000027,DEL,41319355,22,41319355,-196776,3,16,PRECISE,395,PASS,0/1,P039
13,104552329,DUP00000030,DUP,104553415,13,104553415,1086,7,15,PRECISE,616,PASS,1/1,P039
8,99165132,DEL00000028,DEL,99337001,8,99337001,-171869,36,23,PRECISE,1236,PASS,1/1,P039
3,183138510,INV00000002,INV,184243800,3,184243800,1105290,9,7,PRECISE,517,PASS,0/1,P039
15,30630231,INS00000002,INS,30630232,15,30630232,132,12,22,PRECISE,857,PASS,1/1,P039
10,82721439,BND00000003,BND,28977957,20,28977957,,8,16,PRECISE,558,PASS,1/1,P039
8,59460656,INV00000003,INV,61583433,8,61583433,2122777,38,13,PRECISE,1092,PASS,0/1,P039
11,124425891,BND00000004,BND,81627500,5,81627500,,26,21,PRECISE,1077,PASS,0/1,P039
22,27196847,INS00000003,INS,27196848,22,27196848,4179,21,8,PRECISE,698,PASS,0/1,P039
15,71812653,DUP00000031,DUP,71838346,15,71838346,25693,32,17,PRECISE,1171,PASS,0/1,P039
11,96959636,DEL00000029,DEL,96989314,11,96989314,-29678,4,19,PRECISE,547,PASS,0/1,P039
7,155990908,INV00000004,INV,155997056,7,155997056,6148,3,15,PRECISE,559,PASS,0/1,P039
3,30480747,INS00000004,INS,30480748,3,30480748,1833,23,2,IMPRECISE,554,PASS,0/1,P039
3,58612309,DUP00000032,DUP,58944269,3,58944269,331960,12,9,PRECISE,440,PASS,0/1,P039
X,126329166,DUP00000033,DUP,126331212,X,126331212,2046,13,7,PRECISE,477,PASS,0/1,P039
14,80019291,INV00000005,INV,80071183,14,80071183,51892,39,12,PRECISE,1112,PASS,0/1,P039
20,24958752,BND00000005,BND,87014501,11,87014501,,17,0,IMPRECISE,516,PASS,0/1,P039
5,77590274,INS00000005,INS,77590275,5,77590275,5140,32,25,PRECISE,1222,PASS,0/1,P039
X,70764109,DEL00000030,DEL,70775545,X,70775545,-11436,31,14,PRECISE,992,PASS,0/1,P039
9,125537389,INS00000006,INS,125537390,9,125537390,91,15,8,PRECISE,647,PASS,0/1,P039
13,73345599,BND00000006,BND,26573976,22,26573976,,23,8,PRECISE,664,PASS,0/1,P039
X,114473903,BND00000007,BND,28494869,22,28494869,,1,4,PRECISE,253,LowQual,0/1,P039
19,26917899,BND00000008,BND,86065164,15,86065164,,25,0,IMPRECISE,655,PASS,0/1,P039
1,123400001,DUP00000001,DUP,153016870,1,153016870,29616869,4,14,PRECISE,491,PASS,0/1,P040
1,153016871,DEL00000001,DEL,159170696,1,159170696,-6153825,28,4,PRECISE,661,PASS,1/1,P040
1,159170697,DUP00000002,DUP,161789846,1,161789846,2619149,4,1,IMPRECISE,238,LowQual,0/1,P040
1,161789847,DEL00000002,DEL,162939515,1,162939515,-1149668,31,9,PRECISE,891,PASS,1/1,P040
1,162939516,DUP00000003,DUP,167329057,1,167329057,4389541,2,25,PRECISE,567,PASS,1/1,P040
1,167329058,DEL00000003,DEL,176633187,1,176633187,-9304129,11,1,IMPRECISE,408,PASS,1/1,P040
2,66973156,DUP00000004,DUP,67701464,2,67701464,728308,31,22,PRECISE,1199,PASS,0/1,P040
2,219869784,DEL00000004,DEL,242193529,2,242193529,-22323745,6,22,PRECISE,688,PASS,0/1,P040
3,87228555,DEL00000005,DEL,103541871,3,103541871,-16313316,37,17,PRECISE,1087,PASS,0/1,P040
3,103541872,DUP00000005,DUP,140413942,3,140413942,36872070,24,4,PRECISE,660,PASS,1/1,P040
4,50633098,DEL00000006,DEL,66249530,4,66249530,-15616432,0,20,PRECISE,422,PASS,0/1,P040
4,66249531,DUP00000006,DUP,68351629,4,68351629,2102098,29,2,IMPRECISE,652,PASS,0/1,P040
4,68351630,DEL00000007,DEL,75823940,4,75823940,-7472310,25,12,PRECISE,794,PASS,0/1,P040
4,133144579,DUP00000007,DUP,133985578,4,133985578,840999,1,2,IMPRECISE,95,LowQual,1/1,P040
6,50965741,DUP00000008,DUP,51576741,6,51576741,611000,23,9,PRECISE,817,PASS,0/1,P040
6,105043501,DEL00000008,DEL,106139756,6,106139756,-1096255,11,23,PRECISE,781,PASS,1/1,P040
8,45200001,DUP00000009,DUP,82885158,8,82885158,37685157,26,9,PRECISE,780,PASS,0/1,P040
8,82885159,DEL00000009,DEL,84461771,8,84461771,-1576612,15,3,IMPRECISE,430,PASS,0/1,P040
9,37908873,DEL00000010,DEL,41276412,9,41276412,-3367539,31,12,PRECISE,995,PASS,1/1,P040
9,120296441,DUP00000010,DUP,128019820,9,128019820,7723379,38,21,PRECISE,1351,PASS,0/1,P040
9,128019821,DEL00000011,DEL,138394717,9,138394717,-10374896,39,8,PRECISE,991,PASS,0/1,P040
10,87804103,DEL00000012,DEL,110062063,10,110062063,-22257960,21,3,IMPRECISE,609,PASS,1/1,P040
10,110062064,DUP00000011,DUP,133797422,10,133797422,23735358,22,20,PRECISE,864,PASS,0/1,P040
13,7219175,DEL00000013,DEL,7839724,13,7839724,-620549,33,24,PRECISE,1226,PASS,0/1,P040
13,7839725,DUP00000012,DUP,17700000,13,17700000,9860275,15,25,PRECISE,963,PASS,0/1,P040
14,38300920,DUP00000013,DUP,38911107,14,38911107,610187,15,6,PRECISE,582,PASS,0/1,P040
15,64075869,DUP00000014,DUP,99516351,15,99516351,35440482,6,20,PRECISE,717,PASS,0/1,P040
15,99516352,DEL00000014,DEL,101991189,15,101991189,-2474837,16,3,IMPRECISE,439,PASS,0/1,P040
16,62678477,DEL00000015,DEL,63013355,16,63013355,-334878,25,0,IMPRECISE,628,PASS,0/1,P040
16,63013356,DUP00000015,DUP,69512289,16,69512289,6498933,30,19,PRECISE,1158,PASS,0/1,P040
16,69512290,DEL00000016,DEL,69871230,16,69871230,-358940,38,3,IMPRECISE,911,PASS,0/1,P040
16,69871231,DUP00000016,DUP,90338345,16,90338345,20467114,13,25,PRECISE,858,PASS,0/1,P040
17,44033500,DUP00000017,DUP,61268140,17,61268140,17234640,40,15,PRECISE,1209,PASS,0/1,P040
17,61268141,DEL00000017,DEL,74096907,17,74096907,-12828766,14,16,PRECISE,769,PASS,1/1,P040
17,74096908,DUP00000018,DUP,75590223,17,75590223,1493315,1,16,PRECISE,422,PASS,1/1,P040
17,75590224,DEL00000018,DEL,83257441,17,83257441,-7667217,17,15,PRECISE,652,PASS,1/1,P040
19,16851741,DEL00000019,DEL,18654399,19,18654399,-1802658,16,16,PRECISE,678,PASS,0/1,P040
19,18654400,DUP00000019,DUP,30173565,19,30173565,11519165,30,23,PRECISE,1237,PASS,0/1,P040
19,30173566,DEL00000020,DEL,58617616,19,58617616,-28444050,13,1,IMPRECISE,397,PASS,0/1,P040
20,28100001,DUP00000020,DUP,64444167,20,64444167,36344166,28,2,IMPRECISE,710,PASS,0/1,P040
21,35331174,DEL00000021,DEL,36497391,21,36497391,-1166217,8,16,PRECISE,559,PASS,1/1,P040
21,36497392,DUP00000021,DUP,46709983,21,46709983,10212591,24,18,PRECISE,973,PASS,0/1,P040
22,15560183,DEL00000022,DEL,38396793,22,38396793,-22836610,34,4,PRECISE,910,PASS,0/1,P040
22,38396794,DUP00000022,DUP,50818468,22,50818468,12421674,1,21,PRECISE,491,PASS,1/1,P040
X,135353026,DEL00000023,DEL,135680837,X,135680837,-327811,10,13,PRECISE,628,PASS,0/1,P040
X,135680838,DUP00000023,DUP,156040895,X,156040895,20360057,37,8,PRECISE,919,PASS,1/1,P040
6,166837999,INV00000001,INV,166843138,6,166843138,5139,2,17,PRECISE,493,PASS,1/1,P040
7,53473606,INV00000002,INV,55264844,7,55264844,1791238,13,3,IMPRECISE,388,PASS,0/1,P040
X,98616498,DEL00000024,DEL,98623397,X,98623397,-6899,25,23,PRECISE,1043,PASS,0/1,P040
16,51432695,INV00000003,INV,51485815,16,51485815,53120,1,14,PRECISE,335,PASS,0/1,P040
5,21752269,DUP00000024,DUP,21754022,5,21754022,1753,20,4,PRECISE,679,PASS,0/1,P040
14,94759151,DEL00000025,DEL,94922037,14,94922037,-162886,32,14,PRECISE,943,PASS,1/1,P040
5,7002524,DEL00000026,DEL,7003451,5,7003451,-927,27,9,PRECISE,811,PASS,0/1,P040
1,29311873,INV00000004,INV,29390605,1,29390605,78732,6,25,PRECISE,694,PASS,0/1,P040
5,77147886,BND00000001,BND,16215911,16,16215911,,0,9,PRECISE,309,PASS,0/1,P040
5,20492597,INS00000001,INS,20492598,5,20492598,3668,21,8,PRECISE,596,PASS,0/1,P040
22,38517097,BND00000002,BND,104699860,9,104699860,,21,13,PRECISE,747,PASS,0/1,P040
1,97640665,DEL00000027,DEL,97641956,1,97641956,-1291,10,25,PRECISE,807,PASS,0/1,P040
21,29819784,BND00000003,BND,22126638,18,22126638,,28,6,PRECISE,870,PASS,0/1,P040
11,65525000,DEL00000028,DEL,65549089,11,65549089,-24089,3,2,IMPRECISE,201,LowQual,1/1,P040
1,72968724,INS00000002,INS,72968725,1,72968725,1818,29,24,PRECISE,1175,PASS,0/1,P040
21,20471700,DEL00000029,DEL,20475652,21,20475652,-3952,19,18,PRECISE,801,PASS,0/1,P040
16,69411430,BND00000004,BND,107990783,10,107990783,,21,5,PRECISE,554,PASS,1/1,P040
22,49425555,BND00000005,BND,60482956,7,60482956,,40,4,PRECISE,1041,PASS,0/1,P040
3,38683096,BND00000006,BND,73922021,15,73922021,,3,23,PRECISE,656,PASS,0/1,P040
7,6483725,DEL00000030,DEL,6485338,7,6485338,-1613,20,15,PRECISE,823,PASS,0/1,P040
17,64711324,INS00000003,INS,64711325,17,64711325,2647,21,7,PRECISE,566,PASS,0/1,P040
17,20278906,DEL00000031,DEL,20283351,17,20283351,-4445,32,7,PRECISE,872,PASS,0/1,P040
3,126883998,INV00000005,INV,128168688,3,128168688,1284690,20,15,PRECISE,789,PASS,0/1,P040
16,52275838,DEL00000032,DEL,53765607,16,53765607,-1489769,13,9,PRECISE,452,PASS,0/1,P040
17,42144230,INS00000004,INS,42144231,17,42144231,4771,32,2,IMPRECISE,827,PASS,0/1,P040
22,46100125,BND00000007,BND,5255753,11,5255753,,36,15,PRECISE,1112,PASS,0/1,P040
19,46559206,DEL00000033,DEL,46567960,19,46567960,-8754,19,13,PRECISE,648,PASS,0/1,P040
9,99564890,BND00000008,BND,24260668,X,24260668,,32,12,PRECISE,946,PASS,0/1,P040
11,7765034,DEL00000034,DEL,7829426,11,7829426,-64392,40,7,PRECISE,1017,PASS,0/1,P040
15,19886635,INV00000006,INV,19887669,15,19887669,1034,15,1,IMPRECISE,458,PASS,1/1,P040
1,158664195,DEL00000035,DEL,159432177,1,159432177,-767982,39,12,PRECISE,1064,PASS,0/1,P040
15,88320931,DEL00000036,DEL,88583871,15,88583871,-262940,29,1,IMPRECISE,799,PASS,0/1,P040
18,3458506,DEL00000037,DEL,4896518,18,4896518,-1438012,4,15,PRECISE,491,PASS,1/1,P040
6,33356365,DEL00000038,DEL,33356698,6,33356698,-333,34,24,PRECISE,1261,PASS,1/1,P040
18,54428816,DUP00000025,DUP,54440572,18,54440572,11756,1,0,IMPRECISE,203,LowQual,0/1,P040
2,98823633,DEL00000039,DEL,98830824,2,98830824,-7191,36,6,PRECISE,1020,PASS,0/1,P040
9,17402531,BND00000009,BND,66572289,7,66572289,,36,11,PRECISE,940,PASS,0/1,P040
7,116405361,INV00000007,INV,116406847,7,116406847,1486,4,2,IMPRECISE,169,PASS,0/1,P040
4,172253919,INV00000008,INV,172255721,4,172255721,1802,1,15,PRECISE,349,PASS,0/1,P040
3,194964704,DUP00000026,DUP,195091562,3,195091562,126858,20,25,PRECISE,938,PASS,0/1,P040
20,44073634,DUP00000027,DUP,44074714,20,44074714,1080,11,17,PRECISE,632,PASS,1/1,P040
3,63335575,DEL00000040,DEL,63365435,3,63365435,-29860,13,6,PRECISE,414,PASS,0/1,P040
3,188785636,DEL00000041,DEL,189123719,3,189123719,-338083,22,7,PRECISE,671,PASS,0/1,P040
9,21708178,DUP00000028,DUP,21710998,9,21710998,2820,33,20,PRECISE,1250,PASS,1/1,P040
22,47200747,DEL00000042,DEL,47268860,22,47268860,-68113,33,6,PRECISE,806,PASS,0/1,P040
22,21632230,BND00000010,BND,84600369,9,84600369,,14,23,PRECISE,888,PASS,0/1,P040
11,105503638,INV00000009,INV,105570882,11,105570882,67244,21,19,PRECISE,903,PASS,1/1,P040
6,1634742,INS00000005,INS,1634743,6,1634743,4005,20,11,PRECISE,777,PASS,0/1,P040
10,106705079,DEL00000043,DEL,106989414,10,106989414,-284335,22,2,IMPRECISE,654,PASS,1/1,P040
11,7885027,INS00000006,INS,7885028,11,7885028,5627,16,3,IMPRECISE,464,PASS,0/1,P040
13,39200890,DEL00000044,DEL,39383597,13,39383597,-182707,15,25,PRECISE,806,PASS,0/1,P040
2,100936501,DEL00000045,DEL,100965167,2,100965167,-28666,12,6,PRECISE,405,PASS,1/1,P040
19,29918496,DEL00000046,DEL,32434235,19,32434235,-2515739,22,18,PRECISE,887,PASS,0/1,P040
16,69473759,DEL00000047,DEL,69476990,16,69476990,-3231,2,2,IMPRECISE,232,LowQual,0/1,P040
8,16133875,DEL00000048,DEL,16732546,8,16732546,-598671,20,6,PRECISE,655,PASS,0/1,P040
17,19096164,INS00000007,INS,19096165,17,19096165,2012,37,2,IMPRECISE,846,PASS,0/1,P040
20,13128095,DEL00000049,DEL,13136788,20,13136788,-8693,28,3,IMPRECISE,645,PASS,0/1,P040
13,42110155,INV00000010,INV,42582356,13,42582356,472201,17,14,PRECISE,633,PASS,1/1,P040
2,162808929,INS00000008,INS,162808930,2,162808930,707,15,19,PRECISE,822,PASS,0/1,P040
9,53034318,BND00000011,BND,6566933,17,6566933,,40,17,PRECISE,1311,PASS,0/1,P040
5,25325877,DEL00000050,DEL,27878272,5,27878272,-2552395,36,5,PRECISE,996,PASS,0/1,P040
16,61708796,INV00000011,INV,62376863,16,62376863,668067,24,9,PRECISE,687,PASS,1/1,P040
18,21744798,DUP00000029,DUP,21776143,18,21776143,31345,0,24,PRECISE,550,PASS,1/1,P040
10,55048070,BND00000012,BND,26657038,19,26657038,,6,4,PRECISE,397,PASS,0/1,P040
19,22731257,INV00000012,INV,23568110,19,23568110,836853,7,16,PRECISE,464,PASS,1/1,P040
1,23161085,INS00000009,INS,23161086,1,23161086,5331,26,13,PRECISE,879,PASS,0/1,P040
6,85489527,DEL00000051,DEL,85490193,6,85490193,-666,23,23,PRECISE,1061,PASS,1/1,P040
9,62668608,BND00000013,BND,3639486,19,3639486,,2,17,PRECISE,435,PASS,0/1,P040
20,41530402,INV00000013,INV,41995863,20,41995863,465461,13,3,IMPRECISE,516,PASS,1/1,P040
2,36173959,DUP00000030,DUP,36177670,2,36177670,3711,28,24,PRECISE,1066,PASS,1/1,P040
10,131345637,BND00000014,BND,1036073,9,1036073,,27,6,PRECISE,683,PASS,0/1,P040
X,48089192,INV00000014,INV,48101503,X,48101503,12311,28,15,PRECISE,961,PASS,1/1,P040
6,135595066,INS00000010,INS,135595067,6,135595067,2358,7,5,PRECISE,361,PASS,0/1,P040
8,62878806,DEL00000052,DEL,62923218,8,62923218,-44412,27,4,PRECISE,627,PASS,0/1,P040
1,184974658,DEL00000053,DEL,185434983,1,185434983,-460325,11,0,IMPRECISE,249,PASS,0/1,P040
X,75659915,DEL00000054,DEL,75678061,X,75678061,-18146,10,2,IMPRECISE,319,PASS,0/1,P040
5,145354353,DEL00000055,DEL,145378238,5,145378238,-23885,2,8,PRECISE,236,PASS,0/1,P040
14,15570235,DUP00000031,DUP,16973581,14,16973581,1403346,11,8,PRECISE,560,PASS,0/1,P040
18,39763188,DUP00000032,DUP,39789098,18,39789098,25910,10,25,PRECISE,800,PASS,0/1,P040
